Material Grp.,Mat.Grp.Description,Sales Organization,Status,Material,Material Description,NBP Without Tax,Valid From,Valid To
2120,MOTORCYCLE TT TYRE,1001,,100001,100/90-17 SECURA ZOOM TT 56P,828.00,4/1/2026,3/31/2027
2120,MOTORCYCLE TT TYRE,1001,,100002,100/90-18 SECURA ZOOM TT 56P,859.00,4/1/2026,3/31/2027
2126,Motorcycle Premium B,1001,,100003,100/90-18 VERTIGO SPORT TT 56P,"1,186.00",4/1/2026,3/31/2027
2290,Skid Steer,1001,,100004,10-16.5 GM LOADER ALT TL 10PR,"6,173.00",4/1/2026,3/31/2027
2290,Skid Steer,1001,,100005,10-16.5 / 10PR GM LDR TL ALTURA HD,"6,873.00",4/1/2026,3/31/2027
2290,Skid Steer,1001,,100006,10-16.5 GM LOADER ALT TL 8PR,"6,045.00",4/1/2026,3/31/2027
2010,Truck Bias Tyres,1001,,100009,10.00-20 ST92 TT 14PR,"9,376.00",4/1/2026,3/31/2027
2010,Truck Bias Tyres,1001,,100010,10.00-20 CLT NOVA ALT TT 16PR E4,"8,547.00",4/1/2026,3/31/2027
2010,Truck Bias Tyres,1001,,100011,10.00-20 CL TROLLA TT 16PR,"13,958.00",4/21/2026,3/31/2027
2010,Truck Bias Tyres,1001,,100012,10.00-20 FM78 TT 16PR,"9,826.00",4/1/2026,3/31/2027
2010,Truck Bias Tyres,1001,,100013,10.00-20 FLEET MASTER TT 16PR EDOT E4,"10,194.00",4/1/2026,3/31/2027
2010,Truck Bias Tyres,1001,,100014,10.00-20 FM SUPER TT 16PR,"13,214.00",4/21/2026,3/31/2027
2010,Truck Bias Tyres,1001,,100015,10.00-20 HCL MILER TT 16PR,"11,367.00",4/1/2026,3/31/2027
2010,Truck Bias Tyres,1001,,100016,10.00-20 HCL SUPER E 145/141K TT 16PR,"13,505.00",4/1/2026,3/31/2027
2010,Truck Bias Tyres,1001,,100017,10.00-20 HCL SUPER TT 16PR,"13,995.00",4/21/2026,3/31/2027
2010,Truck Bias Tyres,1001,,100021,10.00-20 LUG TUF ALT TT 16PR INMET,"8,683.00",4/1/2026,3/31/2027
2010,Truck Bias Tyres,1001,,100022,10.00-20 LUG PLUS TT 16PR,"13,593.00",4/21/2026,3/31/2027
2010,Truck Bias Tyres,1001,,100023,10.00-20 LUG XL TT 16PR,"14,916.00",4/1/2026,3/31/2027
2010,Truck Bias Tyres,1001,,100024,10.00-20 MILE XL TT 16PR,"14,905.00",4/21/2026,3/31/2027
2240,MPT,1001,,100025,10.00-20 MPT 602 ALT TT 16PR,"9,878.00",4/1/2026,3/31/2027
2010,Truck Bias Tyres,1001,,100027,10.00-20 ROAD TUF ALT TT 16PR INMET,"7,731.00",4/1/2026,3/31/2027
2010,Truck Bias Tyres,1001,,100028,10.00-20 TRACK LUG TT 16PR,"11,259.00",4/1/2026,3/31/2027
2010,Truck Bias Tyres,1001,,100029,10.00-20 TURBO RIB TT 16PR,"9,985.00",4/1/2026,3/31/2027
2010,Truck Bias Tyres,1001,,100030,10.00-20 UT777 TT 16PR,"11,616.00",4/1/2026,3/31/2027
2010,Truck Bias Tyres,1001,,100031,10.00-20 UT999 TT 16PR,"11,154.00",4/1/2026,3/31/2027
2010,Truck Bias Tyres,1001,,100033,10.00-20 FM78 TT 18PR,"11,512.00",4/21/2026,3/31/2027
2010,Truck Bias Tyres,1001,,100034,10.00-20 HCL SUPER HL TT 18PR,"16,364.00",4/21/2026,3/31/2027
2010,Truck Bias Tyres,1001,,100036,10.00-20 RD SUPER TT 18PR,"15,971.00",4/1/2026,3/31/2027
2010,Truck Bias Tyres,1001,,100037,10.00-20 SUPER DUMPER HD TT 18PR,"16,443.00",4/1/2026,3/31/2027
2010,Truck Bias Tyres,1001,,100038,10.00-20 TRAC XL TT 18PR,"16,939.00",4/1/2026,3/31/2027
2015,Truck Rad Tyres,1001,,100040,10.00R20 KC S81 TT,"10,254.00",4/1/2026,3/31/2027
2015,Truck Rad Tyres,1001,,100042,10.00R20 LC TRAC TT,"12,404.00",4/1/2026,3/31/2027
2175,Farm Irrigation,1001,,100043,11.2-24 /4 IRROGATOR,"5,790.00",4/1/2026,3/31/2027
2220,Compactor,1001,,100044,11.00-20 COMPACTOR XL TT 16PR ALT IND,"21,547.00",4/1/2026,3/31/2027
2010,Truck Bias Tyres,1001,,100047,11.00-20 FM TT 16PR DOT E4,"13,220.00",4/1/2026,3/31/2027
2010,Truck Bias Tyres,1001,,100049,11.00-20 HCL SUPER TT 16PR,"14,997.00",4/1/2026,3/31/2027
2010,Truck Bias Tyres,1001,,100050,11.00-20 LUG TUF ALT TT 16PR IM,"12,286.00",4/1/2026,3/31/2027
2010,Truck Bias Tyres,1001,,100051,11.00-20 ROAD TUF ALT TT 16PR INMET,"11,772.00",4/1/2026,3/31/2027
2010,Truck Bias Tyres,1001,,100053,11.00-20 UT77 TT 16PR,"12,799.00",4/1/2026,3/31/2027
2010,Truck Bias Tyres,1001,,100055,11.00-20 FM TT 18PR,"7,609.00",4/1/2026,3/31/2027
2200,Mining,1001,,100057,1100-20 GM-M TT 18PR,"18,058.00",4/1/2026,3/31/2027
2010,Truck Bias Tyres,1001,,100058,11.00-20 HCL SUPER TT 18PR,"9,804.00",4/1/2026,3/31/2027
2010,Truck Bias Tyres,1001,,100060,11.00-20 LUG TUF ALT TT 18PR,"7,475.00",4/1/2026,3/31/2027
2010,Truck Bias Tyres,1001,,100061,11.00-20 UT999 TT 18PR,"12,649.00",4/1/2026,3/31/2027
2010,Truck Bias Tyres,1001,,100066,11.00-22 RAMA II ALT TT 16PR INMET,"12,830.00",4/1/2026,3/31/2027
2150,Tractor Rear,1001,,100072,12.4-24 SAMRAAT SUPER TT 8PR,"11,926.00",4/1/2026,3/31/2027
2150,Tractor Rear,1001,,100073,12.4-24 SAMRAAT SUPER ALT TT 8PR,"7,387.00",4/1/2026,3/31/2027
2150,Tractor Rear,1001,,100074,12.4-28 SAMRAAT SUPER TT 12PR,"12,045.00",4/1/2026,3/31/2027
2240,MPT,1001,,100075,12.5-18 MPT 602 ALT TL 12PR,"10,286.00",4/1/2026,3/31/2027
2240,MPT,1001,,100076,12.5-20 MPT 602 ALT TL 12PR,"11,195.00",4/1/2026,3/31/2027
2250,BHL,1001,,100077,12.5/80-18 TYROCK TL 12PR ALT IND,"11,204.00",4/1/2026,3/31/2027
2120,MOTORCYCLE TT TYRE,1001,,100078,120/80-18 VERTIGO RAGE TT 62P V1,"1,612.00",4/1/2026,3/31/2027
2290,Skid Steer,1001,,100079,12-16.5 GM LOADER ALT TL 10PR,"7,546.00",4/1/2026,3/31/2027
2290,Skid Steer,1001,,100080,12-16.5 / 12PR GM LOADER TL ALTURA HD,"9,875.00",4/1/2026,3/31/2027
2010,Truck Bias Tyres,1001,,100081,12.00-20 FM TT 18PR DOT E4,"16,411.00",4/1/2026,3/31/2027
2010,Truck Bias Tyres,1001,,100082,12.00-20 HCL SUPER TT 18PR DOT E4,"20,187.00",4/1/2026,3/31/2027
2010,Truck Bias Tyres,1001,,100083,12.00-20 LUG TUF ALT TT 18PR,"11,018.00",4/1/2026,3/31/2027
2010,Truck Bias Tyres,1001,,100084,12.00-20 ROAD TUF ALT TT 18PR E4,"14,303.00",4/1/2026,3/31/2027
2010,Truck Bias Tyres,1001,,100085,12.00-20 UT77 TT 18PR,"14,939.00",4/1/2026,3/31/2027
2010,Truck Bias Tyres,1001,,100086,12.00-20 UT77 TT 18PR E4,"14,689.00",4/1/2026,3/31/2027
2010,Truck Bias Tyres,1001,,100087,12.00-20 UT999 TT 18PR,"14,348.00",4/1/2026,3/31/2027
2210,Port,1001,,100088,12.00-20 GM ALT TT 20PR INDL,"18,450.00",4/1/2026,3/31/2027
2210,Port,1001,,100089,12.00-20 SLICK 404 TT 20PR L5S,"29,978.00",4/1/2026,3/31/2027
2210,Port,1001,,100090,12.00-20 SLICK 404 ALT TT 20PR L5S IND,"29,978.00",4/1/2026,3/31/2027
2010,Truck Bias Tyres,1001,,100092,12.00-24 DURA LUG ALT TT 18PR,"15,792.00",4/1/2026,3/31/2027
2010,Truck Bias Tyres,1001,,100093,12.00-24 HCL SUPER TT 18PR DOT E4,"16,774.00",4/1/2026,3/31/2027
2010,Truck Bias Tyres,1001,,100094,12.00-24 HT SUPER TT 18PR E4,"14,918.00",4/1/2026,3/31/2027
2010,Truck Bias Tyres,1001,,100098,12.00-24 TURBO TUF ALT TT 18PR,"16,232.00",4/1/2026,3/31/2027
2010,Truck Bias Tyres,1001,,100099,12.00-24 UT808 UNITED TT 18PR,"16,524.00",4/1/2026,3/31/2027
2010,Truck Bias Tyres,1001,,100101,12.00-24 EXCEL ALT TT 18PR DOT E4,"12,410.00",4/1/2026,3/31/2027
2200,Mining,1001,,100102,12.00-24 ROCK XL ALT TT 20PR,"21,882.00",4/1/2026,3/31/2027
2210,Port,1001,,100103,12.00-24 ROCK XL ALT TT 20PR INDL,"23,214.00",4/1/2026,3/31/2027
2200,Mining,1001,,100104,12.00-24 ROCK XL TT 20PR,"23,214.00",4/1/2026,3/31/2027
2210,Port,1001,,100105,12.00-24 ROCK XL TT 20PR INDL,"23,214.00",4/1/2026,3/31/2027
2210,Port,1001,,100106,12.00-24 ROCK XL ALT TT 24PR INDL,"24,543.00",4/1/2026,3/31/2027
2200,Mining,1001,,100107,12.00-24 SLICK 404 TT 24PR,"37,562.00",4/1/2026,3/31/2027
2150,Tractor Rear,1001,,100110,13.6-28 SAMRAAT SUPER TT 12PR,"14,853.00",4/1/2026,3/31/2027
2150,Tractor Rear,1001,,100111,13.6-28 SAMRAAT SUPER ALT TT 12PR,"15,729.00",4/1/2026,3/31/2027
2280,Grader,1001,,100112,13.00-24 GM GRADER TT 12PR,"18,430.00",4/1/2026,3/31/2027
2280,Grader,1001,,100113,13.00-24 GM GRADER TL 12PR,"17,373.00",4/1/2026,3/31/2027
2280,Grader,1001,,100114,13.00-24 GM GRADER ALT TL 12PR,"17,373.00",4/1/2026,3/31/2027
2280,Grader,1001,,100115,13.00-24 GM GRADER TL 16PR,"18,084.00",4/1/2026,3/31/2027
2280,Grader,1001,,100116,13.00-24 GM GRADER ALT TL 16PR,"18,084.00",4/1/2026,3/31/2027
2200,Mining,1001,,100117,14.00-20 TRAC XL TT 22PR E3,"35,128.00",4/1/2026,3/31/2027
2280,Grader,1001,,100118,14.00-24 GM GRADER TL 12PR,"23,801.00",4/1/2026,3/31/2027
2280,Grader,1001,,100119,14.00-24 GMG ALT TL 12PR,"23,801.00",4/1/2026,3/31/2027
2280,Grader,1001,,100122,14.00-24 GMG ALT TT 16PR,"25,487.00",4/1/2026,3/31/2027
2190,Earthmover/Loader,1001,,100123,14.00-24 GMND DT TT 24PR AT E3,"35,407.00",4/1/2026,3/31/2027
2210,Port,1001,,100124,14.00-24 GMND TT 28PR AT E3 IND,"41,543.00",4/1/2026,3/31/2027
2210,Port,1001,,100125,14.00-24 GMND TT 28 PR E3 IND,"40,093.00",4/1/2026,3/31/2027
2190,Earthmover/Loader,1001,,100126,14.00-24 GMND DT TT 28PR E3,"42,372.00",4/28/2025,9/30/2025
2250,BHL,1001,,100127,14.00-25 GMND TT 20PR E3,"33,966.00",4/1/2026,3/31/2027
2250,BHL,1001,,100128,14.00-25 GMND TT 20PR L3,"29,793.00",4/1/2026,3/31/2027
2250,BHL,1001,,100129,14.00-25 GMND TL 24PR AT E3,"40,123.00",4/1/2026,3/31/2027
2250,BHL,1001,,100130,14.00-25 GMND TT 24PR E3,"38,092.00",4/1/2026,3/31/2027
2090,Car Rad Tyres,1001,,100131,145/70R12 F1 STEEL BT TT 69T,"1,366.00",4/1/2026,3/31/2027
2090,Car Rad Tyres,1001,,100132,145/70R12 F1 STEEL RB TT 69T,"1,380.00",4/1/2026,3/31/2027
2090,Car Rad Tyres,1001,,100133,145/70R13 F1 STEEL RB TT 71T,"1,718.00",4/1/2026,3/31/2027
2090,Car Rad Tyres,1001,,100134,145/80R12 F1 STEEL BT TT 74T,"1,559.00",4/1/2026,3/31/2027
2060,LM Rad Tyres,1001,,100136,145R12 F1 STEEL RB TT 8PR,"1,810.00",4/1/2026,3/31/2027
2280,Grader,1001,,100137,15.5-25 GM TL 12PR,"25,282.00",4/1/2026,3/31/2027
2060,LM Rad Tyres,1001,,100141,155R13 F1 STEEL RB  TT 8PR,"2,366.00",4/1/2026,3/31/2027
2150,Tractor Rear,1001,,100142,16.9-28 SAMRAAT TT 12PR,"22,130.00",4/1/2026,3/31/2027
2150,Tractor Rear,1001,,100144,16.9-28 SAMRAAT PLUS TT 12PR,"21,255.00",4/1/2026,3/31/2027
2250,BHL,1001,,100146,16.9-28 TYROCK LDR PL TT 12PR,"23,589.00",4/1/2026,3/31/2027
2250,BHL,1001,,100147,16.9-28 TYROCK SP R4 TT 12PR,"23,589.00",4/1/2026,3/31/2027
2250,BHL,1001,,100149,16.9-28 TYROCK SP R4 ALT TL 14PR,"23,589.00",4/1/2026,3/31/2027
2270,Hvy Tractor Rear,1001,,100150,16.9-30 SAMRAAT TT 10PR,"21,542.00",4/1/2026,3/31/2027
2270,Hvy Tractor Rear,1001,,100151,16.9-30 SAMRAAT ALT TT 10PR,"21,329.00",4/1/2026,3/31/2027
2210,Port,1001,,100156,16.00-25 SLICK 431 TL 32PR EU IND,"67,010.00",4/1/2026,3/31/2027
2210,Port,1001,,100157,16.00-25 SLICK 431 TL 32PR IND,"67,010.00",4/1/2026,3/31/2027
2090,Car Rad Tyres,1001,,100158,165/65R13 F1 STEEL BT  TT 77S,"1,838.00",4/1/2026,3/31/2027
2280,Grader,1001,,100161,17.5-25 GM GRADER TL 12PR,"23,830.00",4/1/2026,3/31/2027
2280,Grader,1001,,100162,17.5-25 GM GRADER ALT TL 12PR WB,"28,849.00",4/1/2026,3/31/2027
2190,Earthmover/Loader,1001,,100163,17.5-25 TRAC XL TL 16PR E3/L3,"34,788.00",4/1/2026,3/31/2027
2190,Earthmover/Loader,1001,,100164,17.5-25 TRAC XL TL 16PR E3/L3 AT EU,"34,788.00",4/1/2026,3/31/2027
2200,Mining,1001,,100167,17.5-25 SLICK 404 CUT RES TL 20PR AT,"85,303.00",4/1/2026,3/31/2027
2200,Mining,1001,,100168,17.5-25 SLICK 404 CUT RES TL 20PR,"63,301.00",4/1/2026,3/31/2027
2190,Earthmover/Loader,1001,,100169,17.5-25 TRAC XL TL 20PR E3/L3,"39,544.00",4/1/2026,3/31/2027
2190,Earthmover/Loader,1001,,100170,17.5-25 TRAC XL TL 20PR E3/L3 AT,"39,757.00",4/1/2026,3/31/2027
2190,Earthmover/Loader,1001,,100171,17.5-25 TRAC XL TT 20PR E3/L3,"40,182.00",4/1/2026,3/31/2027
2090,Car Rad Tyres,1001,,100172,175/70R13 F1 STEEL BT  TT 82T,"2,698.00",4/1/2026,3/31/2027
2090,Car Rad Tyres,1001,,100173,175/70R13 MILAZE F1  TL 82T,"1,765.00",4/1/2026,3/31/2027
2100,UV Rad Tyres,1001,,100174,175/80R14 F1 STEEL RB  TT,"2,942.00",4/1/2026,3/31/2027
2270,Hvy Tractor Rear,1001,,100175,18.4-30 SAMRAAT SUPER XL TT 14PR,"28,574.00",4/1/2026,3/31/2027
2270,Hvy Tractor Rear,1001,,100176,18.4-30 SAMRAAT SUPER XL ALT TT 14PR,"28,291.00",4/1/2026,3/31/2027
2200,Mining,1001,,100177,18.00-25 TRAC XL ALT TL 32PR E3,"85,695.00",4/1/2026,3/31/2027
2200,Mining,1001,,100178,18.00-25 GMND TL 32PR E3,"62,754.79",4/1/2026,3/31/2027
2200,Mining,1001,,100179,18.00-25 GMND DT TL 32PR,"91,352.00",4/1/2026,3/31/2027
2210,Port,1001,,100180,18.00-25 GMND TL 40PR AT E3 IND,"83,142.00",4/1/2026,3/31/2027
2200,Mining,1001,,100182,18.00-25 GMND DT ALT TL 40PR E4,"97,272.00",4/1/2026,3/31/2027
2200,Mining,1001,,100183,18.00-25 GMND TL 40PR E3,"88,205.00",4/1/2026,3/31/2027
2210,Port,1001,,100185,18.00-25 GMND TL 40PR E3 INDL,"83,142.00",4/1/2026,3/31/2027
2200,Mining,1001,,100187,18.00-25 GMND XL TL 40PR E4,"92,362.00",4/1/2026,3/31/2027
2210,Port,1001,,100188,18.00-25 GMND XL TL 40PR EU IN AT,"97,272.00",4/1/2026,3/31/2027
2200,Mining,1001,,100189,18.00-25 GMND XL TL 40PR EU,"97,272.00",4/1/2026,3/31/2027
2210,Port,1001,,100190,18.00-25 GMND XL TL 40PR E4 IN,"97,272.00",4/1/2026,3/31/2027
2200,Mining,1001,,100191,1800-25 ROCK XL TL 40PR,"98,042.00",4/1/2026,3/31/2027
2200,Mining,1001,,100193,18.00-25 ROCK XL ALT TL 40PR EU,"92,362.00",4/1/2026,3/31/2027
2200,Mining,1001,,100194,18.00-25 SLICK 404 CUT RES TL 40PR L5,"127,788.00",4/1/2026,3/31/2027
2210,Port,1001,,100195,18.00-25 SLICK 404 TL 40PR EU IND,"134,256.00",4/1/2026,3/31/2027
2210,Port,1001,,100196,18.00-25 SLICK 404 TL 40PR IND,"85,436.56",4/1/2026,3/31/2027
2210,Port,1001,,100197,18.00-33 ROCK XL TL 40PR IND HCR,"130,836.00",4/1/2026,3/31/2027
2200,Mining,1001,,100198,1800-33 ROCK XL TL 40PR E4,"128,342.00",4/1/2026,3/31/2027
2210,Port,1001,,100199,18.00-33 ROCK XL TL 40 PR EU IND ALT,"130,836.00",4/1/2026,3/31/2027
2200,Mining,1001,,100200,18.00-33 ROCK XL ALT TL 40PR E4,"128,342.00",4/1/2026,3/31/2027
2090,Car Rad Tyres,1001,,100201,185/70R14 MILAZE  TL 88T,"2,610.00",4/1/2026,3/31/2027
2100,UV Rad Tyres,1001,,100202,185/85R16 RHINO  TT 105Q,"3,224.00",4/1/2026,3/31/2027
2100,UV Rad Tyres,1001,,100203,195/70R14 RHINO  TT 95S V1,"3,056.00",4/1/2026,3/31/2027
2100,UV Rad Tyres,1001,,100204,195R15 STEEL PLUS LT  TT 106Q,"4,808.00",5/1/2026,3/31/2027
2190,Earthmover/Loader,1001,,100209,20.5-25 TRAC XL TL 16PR E3/L3,"55,997.00",4/1/2026,3/31/2027
2190,Earthmover/Loader,1001,,100210,20.5-25 TRAC XL TL 20PR E3/L3,"57,860.00",4/1/2026,3/31/2027
2190,Earthmover/Loader,1001,,100211,20.5-25 TRAC XL TL 20PR E3/L3 ALT,"60,253.00",4/1/2026,3/31/2027
2100,UV Rad Tyres,1001,,100212,215/75R15 F1 STEEL BT TL 100S V1,"4,661.00",4/1/2026,3/31/2027
2100,UV Rad Tyres,1001,,100213,215/75R15 F1 STEEL BT TT 100S,"4,673.00",5/1/2026,3/31/2027
2120,MOTORCYCLE TT TYRE,1001,,100214,2.25-16 SECURA SPORT TT 31L,539.00,4/1/2026,3/31/2027
2220,Compactor,1001,,100215,23.1-26 C305 TL 12PR R3,"36,715.00",4/1/2026,3/31/2027
2220,Compactor,1001,,100216,23.1-26 C305 ALT TL 12PR EU IND,"37,075.00",4/1/2026,3/31/2027
2220,Compactor,1001,,100217,23.1-26 C305 ALT TL 12PR EU,"34,947.00",6/23/2021,12/31/9999
2220,Compactor,1001,,100218,23.1-26 C305 IND TL 12PR,"36,715.00",4/1/2026,3/31/2027
2220,Compactor,1001,,100219,23.1-26 C305 ALT TL 16PR EU,"37,075.00",4/1/2026,3/31/2027
2190,Earthmover/Loader,1001,,100220,23.5-25 TRAC XL TL 20PR E3/L3,"78,900.00",4/1/2026,3/31/2027
2190,Earthmover/Loader,1001,,100221,23.5-25 / 20PR TRAC XL E3/L3 TL ALTURA,"80,547.00",4/1/2026,3/31/2027
2120,MOTORCYCLE TT TYRE,1001,,100222,2.50-16 SECURA SPORT TT 41L,625.00,5/1/2026,3/31/2027
2120,MOTORCYCLE TT TYRE,1001,,100223,2.50-18 SECURA F67 TT 40L,870.00,4/1/2026,3/31/2027
2110,Scooter TT Tyres,1001,,100224,2.75-10 LITTLE MASTER TT 47J,625.00,4/1/2026,3/31/2027
2120,MOTORCYCLE TT TYRE,1001,,100225,2.75-17 SECURA M72 TT 49L V1,852.00,4/1/2026,3/31/2027
2120,MOTORCYCLE TT TYRE,1001,,100226,2.75-18 SECURA F85 TT 42P,953.00,5/1/2026,3/31/2027
2120,MOTORCYCLE TT TYRE,1001,,100227,2.75-18 SECURA ZOOM F TT 42P,946.00,5/1/2026,3/31/2027
2120,MOTORCYCLE TT TYRE,1001,,100228,2.75-18 SECURA M86 TT 48P,998.00,5/1/2026,3/31/2027
2120,MOTORCYCLE TT TYRE,1001,,100229,2.75-18 SECURA SPORT TT 48P,877.00,4/1/2026,3/31/2027
2120,MOTORCYCLE TT TYRE,1001,,100230,3.00-17 SECURA M86 TT 50P,"1,038.00",5/1/2026,3/31/2027
2120,MOTORCYCLE TT TYRE,1001,,100231,3.00-17 SECURA ZOOM TT 50P,"1,010.00",5/1/2026,3/31/2027
2120,MOTORCYCLE TT TYRE,1001,,100232,3.00-18 SECURA M86 TT 52P,"1,068.00",5/1/2026,3/31/2027
2120,MOTORCYCLE TT TYRE,1001,,100233,3.00-18 SECURA SPORT TT 52P,945.00,4/1/2026,3/31/2027
2120,MOTORCYCLE TT TYRE,1001,,100234,3.00-19 SECURA SPORT F TT 49P,754.00,4/1/2026,3/31/2027
2120,MOTORCYCLE TT TYRE,1001,,100235,3.25-16 SECURA SPORT TT 48P,"1,080.00",4/1/2026,3/31/2027
2126,Motorcycle Premium B,1001,,100236,3.25-19 SECURA SPORT TT 60P (6 PR),"1,299.00",5/1/2026,3/31/2027
2110,Scooter TT Tyres,1001,,100237,3.50-10 SECURA NEO TT 51J,710.00,4/1/2026,3/31/2027
2110,Scooter TT Tyres,1001,,100238,3.50-10 SECURA TT 51J,604.00,4/1/2026,3/31/2027
2110,Scooter TT Tyres,1001,,100239,3.50-10 SECURA XL TT 51J,459.00,4/1/2026,3/31/2027
2110,Scooter TT Tyres,1001,,100240,3.50-8 SECURA TT 51J,643.00,4/1/2026,3/31/2027
2230,Flotation Bias,1001,,100241,400/60-15.5 TR 800 ALT TL 14PR EU,"6,952.00",4/1/2026,3/31/2027
2240,MPT,1001,,100242,405/70-20 MPT 602 ALT TL 14PR,"10,936.00",4/1/2026,3/31/2027
2240,MPT,1001,,100244,405/70-24 MPT 602 ALT TL 14PR,"16,136.00",4/1/2026,3/31/2027
2130,3-Wheeler Tyres,1001,,100245,4.00-8 AUTO RAJA TT 76E V1,685.00,4/1/2026,3/31/2027
2130,3-Wheeler Tyres,1001,,100246,4.00-8 SP DEL TT 76E,506.00,4/1/2026,3/31/2027
2130,3-Wheeler Tyres,1001,,100247,4.00-8 FLEET MASTER TT 76E,934.00,4/1/2026,3/31/2027
2050,LM Bias Tyres,1001,,100248,4.50-10 ANMOL TT 8PR,"1,473.00",4/1/2026,3/31/2027
2050,LM Bias Tyres,1001,,100250,4.50-10 TURBO RIB XL TT 8PR,"1,473.00",4/1/2026,3/31/2027
2070,Car Bias Tyres,1001,,100251,4.50-12 ULT SD TT 72/70J,"1,349.00",4/1/2026,3/31/2027
2070,Car Bias Tyres,1001,,100252,4.50-12 ULT SP DEL TT 72/70J,"1,389.00",4/1/2026,3/31/2027
2070,Car Bias Tyres,1001,,100253,4.50-12 ULT SP DEL TT 77/75J,"1,647.00",4/1/2026,3/31/2027
2230,Flotation Bias,1001,,100254,500/60-22.5 FLOTATION T422 ALT TL 12PR,"23,494.00",4/1/2026,3/31/2027
2230,Flotation Bias,1001,,100255,500/60-22.5 FLOTATION T422 ALT TL 16PR,"18,058.00",4/1/2026,3/31/2027
2230,Flotation Bias,1001,,100258,550/45-22.5 FLOTATION T422 ALT TL 12PR,"13,948.00",4/1/2026,3/31/2027
2230,Flotation Bias,1001,,100259,550/45-22.5 FLOTATION T422 ALT TL 16PR,"16,819.00",4/1/2026,3/31/2027
2230,Flotation Bias,1001,,100260,550/60-22.5 FLOTATION T422 ALT TL 12PR,"25,456.00",4/1/2026,3/31/2027
2230,Flotation Bias,1001,,100261,550/60-22.5 FLOTATION T422 ALT TL 16PR,"20,339.00",4/1/2026,3/31/2027
2070,Car Bias Tyres,1001,,100263,5.65-12 BSW C800 ENDURA TT 60L,"1,271.00",4/1/2026,3/31/2027
2070,Car Bias Tyres,1001,,100264,5.65-12 BSW SD TT 60L,"1,263.00",4/1/2026,3/31/2027
2070,Car Bias Tyres,1001,,100265,5.65-12 BSW C800 ENDURA TT 63L,"1,329.00",4/1/2026,3/31/2027
2070,Car Bias Tyres,1001,,100266,5.90-15 BSW SD TT 81L,"1,869.00",4/1/2026,3/31/2027
2070,Car Bias Tyres,1001,,100267,5.90-15 ENDURA TT 81L,"2,130.00",4/1/2026,3/31/2027
2230,Flotation Bias,1001,,100268,600/50-22.5 FLOTATION T422 ALT TL 12PR,"21,334.00",4/1/2026,3/31/2027
2230,Flotation Bias,1001,,100269,600/50-22.5 FLOTATION T422 ALT TL 16PR,"20,516.00",4/1/2026,3/31/2027
2230,Flotation Bias,1001,,100271,600/55-22.5 FLOTATION T422 ALT TL 16PR,"22,978.00",4/1/2026,3/31/2027
2230,Flotation Bias,1001,,100273,600/55-26.5 FLOTATION T422 ALT TL 16PR,"25,518.00",4/1/2026,3/31/2027
2260,Forklift,1001,,100274,600/690-9 ELEVATA ALT TT 10PR,"2,383.00",4/1/2026,3/31/2027
2260,Forklift,1001,,100276,6.00-9 ELEVATA ALT TT 12PR,"2,246.00",4/1/2026,3/31/2027
2080,UV Bias Tyres,1001,,100278,6.00-16 GR84 99/94K TT 8PR,"2,873.00",4/1/2026,3/31/2027
2080,UV Bias Tyres,1001,,100279,6.00-16 HT85 TT 99/94K,"3,040.00",4/1/2026,3/31/2027
2140,Tractor Front,1001,,100280,6.00-16 SAMRAAT TT 8PR,"2,792.00",4/1/2026,3/31/2027
2140,Tractor Front,1001,,100281,6.00-16 SAMRAAT PLUS TT 8PR,"2,575.00",4/1/2026,3/31/2027
2140,Tractor Front,1001,,100282,6.00-16 SAMRAAT SUPER TT 8PR,"2,853.00",4/1/2026,3/31/2027
2080,UV Bias Tyres,1001,,100283,6.00-16 TURBO RIB XM  99/94K TT 8PR,"2,880.00",4/1/2026,3/31/2027
2260,Forklift,1001,,100284,6.50-10 ELEVATA ALT TT 10PR,"3,706.00",4/1/2026,3/31/2027
2260,Forklift,1001,,100285,6.50-10 ELEVATA ALT TT 14PR,"3,824.00",4/1/2026,3/31/2027
2030,LCV Bias Tyres,1001,,100288,6.50-14 FM SLEEK TT 8PR E4,"2,197.00",4/1/2026,3/31/2027
2030,LCV Bias Tyres,1001,,100289,6.50-14 ROAD TUF ALT TT 8PR E4,"3,236.00",4/1/2026,3/31/2027
2030,LCV Bias Tyres,1001,,100291,6.50-14 UT777 TT 8PR,"3,473.00",4/1/2026,3/31/2027
2030,LCV Bias Tyres,1001,,100292,6.50-16 FM SLEEK TT 10PR,"3,186.00",4/1/2026,3/31/2027
2140,Tractor Front,1001,,100294,6.50-20 SAMRAAT TT 8PR,"4,385.00",4/1/2026,3/31/2027
2040,LCV Rad Tyres,1001,,100296,7.00R15 STEEL PLUS TT 10PR,"5,182.00",4/1/2026,3/31/2027
2260,Forklift,1001,,100297,7.00-12 ELEVATA ALT TT 12PR,"4,922.00",4/1/2026,3/31/2027
2260,Forklift,1001,,100298,7.00-12 ELEVATA ALT TT 14PR,"4,836.00",4/1/2026,3/31/2027
2260,Forklift,1001,,100299,7.00-12 ELEVATA ALT TT 16PR,"4,961.00",4/1/2026,3/31/2027
2030,LCV Bias Tyres,1001,,100302,7.00-15 UT777 TT 10PR,"6,500.00",4/1/2026,3/31/2027
2030,LCV Bias Tyres,1001,,100303,7.00-15 HT80 114/109K TT 12PR,"5,260.00",4/1/2026,3/31/2027
2030,LCV Bias Tyres,1001,,100304,7.00-15 TURBO TUF ALT TT 12PR,"4,818.00",4/1/2026,3/31/2027
2030,LCV Bias Tyres,1001,,100305,7.00-15 UT808 TT 12PR,"5,363.00",4/1/2026,3/31/2027
2030,LCV Bias Tyres,1001,,100307,7.00-16 FM SLEEK TT 12PR E4,"3,272.75",4/1/2026,3/31/2027
2030,LCV Bias Tyres,1001,,100308,7.00-16 ROAD TUF ALT TT 12PR,"5,871.00",4/1/2026,3/31/2027
2030,LCV Bias Tyres,1001,,100309,7.00-16 ROAD TUF ALT TT 12PR E4,"5,871.00",4/1/2026,3/31/2027
2030,LCV Bias Tyres,1001,,100311,7.00-16 FMSLEEK 115/110L TT 14PR,"5,341.00",4/1/2026,3/31/2027
2030,LCV Bias Tyres,1001,,100312,7.00-16 FM SUPER TT 14PR,"5,302.00",4/1/2026,3/31/2027
2170,ADV,1001,,100316,7.00-19 SAMRAAT TT 10PR,"3,259.00",4/1/2026,3/31/2027
2030,LCV Bias Tyres,1001,,100318,7.50-16 ROAD TUF ALT TT 12PR E4,"5,231.00",4/1/2026,3/31/2027
2030,LCV Bias Tyres,1001,,100320,7.50-16 FM SUPER TT 14PR,"6,295.00",4/1/2026,3/31/2027
2030,LCV Bias Tyres,1001,,100323,7.50-16 FM SUPER TT 16PR,"8,165.00",4/1/2026,3/31/2027
2030,LCV Bias Tyres,1001,,100325,7.50-16 HCL SUPER XL TT 16PR,"6,548.00",4/1/2026,3/31/2027
2030,LCV Bias Tyres,1001,,100326,7.50-16 HT100 TT 16PR,"5,924.00",4/1/2026,3/31/2027
2030,LCV Bias Tyres,1001,,100328,7.50-16 LUG PLUS TT 16PR,"6,548.00",4/1/2026,3/31/2027
2030,LCV Bias Tyres,1001,,100329,7.50-16 LUG XL TT 16PR,"5,924.00",4/1/2026,3/31/2027
2030,LCV Bias Tyres,1001,,100330,7.50-16 MILE XL TT 16PR,"6,548.00",4/1/2026,3/31/2027
2030,LCV Bias Tyres,1001,,100331,7.50-16 ROAD TUF ALT TT 16PR,"5,745.00",4/1/2026,3/31/2027
2030,LCV Bias Tyres,1001,,100333,7.50-16 RIB PLUS TT 16PR,"5,730.00",4/1/2026,3/31/2027
2030,LCV Bias Tyres,1001,,100334,7.50-16 RIB XL TT 16PR,"5,730.00",4/1/2026,3/31/2027
2030,LCV Bias Tyres,1001,,100335,7.50-16 STAMINA TT 16PR E4 ALT,"5,730.00",4/1/2026,3/31/2027
2030,LCV Bias Tyres,1001,,100336,7.50-16 STAMINA E4 115/110L TT 16PR,"5,730.00",4/1/2026,3/31/2027
2030,LCV Bias Tyres,1001,,100337,7.50-16 TURBO TUF ALT TT 16PR,"5,730.00",4/1/2026,3/31/2027
2030,LCV Bias Tyres,1001,,100338,7.50-16 UT777 UNITED TT 16PR,"4,572.00",4/1/2026,3/31/2027
2030,LCV Bias Tyres,1001,,100340,7.50-16 LUG XL100 TT 18PR,"6,548.00",4/1/2026,3/31/2027
2140,Tractor Front,1001,,100342,7.50-16 SAMRAAT TT 8PR,"4,975.00",4/1/2026,3/31/2027
2010,Truck Bias Tyres,1001,,100343,7.50-20 FM  TT 12PR,"7,541.00",4/1/2026,3/31/2027
2010,Truck Bias Tyres,1001,,100344,7.50-20 TURBO LUG TT 12PR,"7,162.00",4/1/2026,3/31/2027
2170,ADV,1001,,100345,8.00-19 SAMRAAT TT 10PR,"4,426.00",4/1/2026,3/31/2027
2260,Forklift,1001,,100346,8.25-15 ELEVATA ALT TT 12PR,"8,257.00",4/1/2026,3/31/2027
2260,Forklift,1001,,100347,8.25-15 ELEVATA ALT TT 16PR,"8,003.00",4/1/2026,3/31/2027
2260,Forklift,1001,,100348,8.25-15 ELEVATA ALT TT 18PR,"7,557.00",4/1/2026,3/31/2027
2030,LCV Bias Tyres,1001,,100351,8.25-16 FM SUPER TT 16PR,"7,273.00",4/1/2026,3/31/2027
2030,LCV Bias Tyres,1001,,100353,8.25-16 LUG XL TT 16PR,"7,096.00",4/1/2026,3/31/2027
2010,Truck Bias Tyres,1001,,100362,8.25-20 HCL SUPER TT 14PR DOT,"7,459.00",4/1/2026,3/31/2027
2010,Truck Bias Tyres,1001,,100365,8.25-20 MEGA STAR ALT TT 14PR,"7,844.00",4/1/2026,3/31/2027
2010,Truck Bias Tyres,1001,,100367,8.25-20 UT77 TT 14PR,"7,912.00",4/1/2026,3/31/2027
2010,Truck Bias Tyres,1001,,100368,8.25-20 UT88 TT 14PR,"6,794.00",4/1/2026,3/31/2027
2010,Truck Bias Tyres,1001,,100369,8.25-20 UTM UNITED TT 14PR,"9,861.00",4/1/2026,3/31/2027
2010,Truck Bias Tyres,1001,,100370,8.25-20 EXCEL ALT TT 14PR,"6,898.00",4/1/2026,3/31/2027
2010,Truck Bias Tyres,1001,,100371,8.25-20 LUG XL TT 16PR,"9,311.00",4/1/2026,3/31/2027
2180,Tractor Trailer,1001,,100374,9.00-16 SAMRAAT TURBO LUG TT 16PR,"8,203.00",4/1/2026,3/31/2027
2010,Truck Bias Tyres,1001,,100382,9.00-20 FLEET MASTER 141/136K TT 16PR,"11,081.00",4/21/2026,3/31/2027
2010,Truck Bias Tyres,1001,,100384,9.00-20 FM SUPER TT 16PR,"12,078.00",4/21/2026,3/31/2027
2010,Truck Bias Tyres,1001,,100385,9.00-20 HCL SUPER TT 16PR E4,"12,295.00",4/21/2026,3/31/2027
2010,Truck Bias Tyres,1001,,100387,9.00-20 HT SUPER TT 16PR,"9,910.00",4/1/2026,3/31/2027
2010,Truck Bias Tyres,1001,,100390,9.00-20 LUG TUF ALT TT 16PR INMET,"5,915.00",4/1/2026,3/31/2027
2010,Truck Bias Tyres,1001,,100391,9.00-20 MILE XL TT 16PR,"13,075.00",4/21/2026,3/31/2027
2010,Truck Bias Tyres,1001,,100392,9.00-20 ROAD TUF ALT TT 16PR INMET,"7,368.00",4/1/2026,3/31/2027
2200,Mining,1001,,100394,9.00-20 SLICK 413 CUT RES TT 16PR,"16,980.00",4/1/2026,3/31/2027
2010,Truck Bias Tyres,1001,,100395,9.00-20 UT777 TT 16PR,"9,360.00",4/1/2026,3/31/2027
2010,Truck Bias Tyres,1001,,100397,9.00-20 UT999 TT 16PR,"9,543.00",4/1/2026,3/31/2027
2610,MOTORCYCLE TUBE LOOS,1001,,100398,TUBE 100/90-17 LOOSE BR,167.00,4/1/2026,3/31/2027
2610,MOTORCYCLE TUBE LOOS,1001,,100399,"TUBE 100/90-18,110/90-18 LOOSE BR",180.00,4/1/2026,3/31/2027
2500,Truck Bias Tubes,1001,,100400,TUBE 10.00-20 LOOSE BR,"1,141.00",4/1/2026,3/31/2027
2500,Truck Bias Tubes,1001,,100401,TUBE 10.00-20 LOOSE BR MAXI,"1,141.00",4/1/2026,3/31/2027
2500,Truck Bias Tubes,1001,,100402,TUBE 10.00-20 LOOSE BR SPL,"1,141.00",4/1/2026,3/31/2027
2510,Truck Rad Tubes,1001,,100403,TUBE 10.00R20 LOOSE BR RAD,"1,185.00",4/1/2026,3/31/2027
2500,Truck Bias Tubes,1001,,100404,TUBE 11.00-20 LOOSE BR,"1,280.00",4/1/2026,3/31/2027
2500,Truck Bias Tubes,1001,,100405,TUBE 11.00-20 LOOSE BR SPL,"1,283.00",4/1/2026,3/31/2027
2510,Truck Rad Tubes,1001,,100406,TUBE 11.00R20 LOOSE BR RAD,"1,270.00",4/1/2026,3/31/2027
2640,Tractor Rear Tubes,1001,,100407,TUBE 12.4-28 LOOSE,"1,382.00",4/1/2026,3/31/2027
2610,MOTORCYCLE TUBE LOOS,1001,,100408,TUBE 120/80-18 LOOSE BR,215.00,4/1/2026,3/31/2027
2500,Truck Bias Tubes,1001,,100409,TUBE 12.00-20 LOOSE BR,"1,360.00",4/1/2026,3/31/2027
2500,Truck Bias Tubes,1001,,100410,TUBE 12.00-20 LOOSE BR SPL,"1,364.00",4/1/2026,3/31/2027
2500,Truck Bias Tubes,1001,,100411,TUBE 12.00-24 LOOSE BR,"1,440.00",4/1/2026,3/31/2027
2500,Truck Bias Tubes,1001,,100412,TUBE 12.00-24 LOOSE BR L,"1,440.00",4/1/2026,3/31/2027
2640,Tractor Rear Tubes,1001,,100413,TUBE 13.6-28 LOOSE,"1,502.00",4/1/2026,3/31/2027
2640,Tractor Rear Tubes,1001,,100414,TUBE 13.6-28 BR LOOSE SPL,"1,048.00",4/1/2026,3/31/2027
2720,Grader Tubes,1001,,100415,TUBE 13.00-24 BR 0,"2,387.00",4/1/2026,3/31/2027
2680,OTR Tubes,1001,,100416,TUBE 14.00-20 BR LOOSE,"2,735.00",4/1/2026,3/31/2027
2680,OTR Tubes,1001,,100417,TUBE 14.00-24/25 BR LOOSE,"2,327.00",4/1/2026,3/31/2027
2680,OTR Tubes,1001,,100418,TUBE 14.00-24 BR LOOSE,"2,324.00",4/1/2026,3/31/2027
2580,Car Rad Tubes Loose,1001,,100419,"TUBE 145/70R12,145/80R12 LOOSE BR",237.00,4/1/2026,3/31/2027
2580,Car Rad Tubes Loose,1001,,100420,"TUBE 145/70R13,145/80R13 LOOSE BR",249.00,4/1/2026,3/31/2027
2540,LM BIAS TUBES LOOSE,1001,,100421,TUBE 155/80-12 LOOSE BR,195.00,4/1/2026,3/31/2027
2640,Tractor Rear Tubes,1001,,100422,TUBE 16.9-28 LOOSE,"2,194.00",4/1/2026,3/31/2027
2690,BHL Tubes,1001,,100423,TUBE 16.9-28 BR 0,"2,252.00",4/1/2026,3/31/2027
2710,Hvy Tractor Rear Tub,1001,,100425,TUBE 16.9-30 BR LOOSE,"2,280.85",4/1/2026,3/31/2027
2680,OTR Tubes,1001,,100427,"TUBE 16.00-24,16.00-25 BR LOOSE","3,961.00",4/1/2026,3/31/2027
2580,Car Rad Tubes Loose,1001,,100428,"TUBE 165/65R13,155/70R13 LOOSE BR",262.00,4/1/2026,3/31/2027
2580,Car Rad Tubes Loose,1001,,100429,TUBE 165/80R15 LOOSE BR,303.00,4/1/2026,3/31/2027
2680,OTR Tubes,1001,,100430,TUBE 17.5-25 BR LOOSE,"3,648.00",4/1/2026,3/31/2027
2580,Car Rad Tubes Loose,1001,,100431,"TUBE 175/70R13,155/80R13 LOOSE BR",262.00,4/1/2026,3/31/2027
2710,Hvy Tractor Rear Tub,1001,,100432,TUBE 18.4-30 BR LOOSE,"3,212.00",4/1/2026,3/31/2027
2680,OTR Tubes,1001,,100434,TUBE 18.00-24 BR LOOSE,"5,090.00",4/1/2026,3/31/2027
2590,UV Rad Tubes Loose,1001,,100435,TUBE 195R15 LOOSE BR,353.00,4/1/2026,3/31/2027
2590,UV Rad Tubes Loose,1001,,100436,TUBE 215/75R15 LOOSE BR,372.00,4/1/2026,3/31/2027
2615,MOTORCYCLE TUBE PACK,1001,,100437,TUBE 2.25-16 PACKED BR V1,94.00,4/1/2026,3/31/2027
2615,MOTORCYCLE TUBE PACK,1001,,100438,"TUBE 2.50-17,2.75-17 PACKED BR V1",124.00,4/1/2026,3/31/2027
2615,MOTORCYCLE TUBE PACK,1001,,100439,"TUBE 2.50-18,2.75-18 PACKED BR V1",148.00,4/1/2026,3/31/2027
2605,Scooter Tubes Packed,1001,,100440,TUBE 2.75-10 PACKED BR,106.00,4/1/2026,3/31/2027
2615,MOTORCYCLE TUBE PACK,1001,,100441,TUBE 3.00-17 PACKED BR V1,146.00,4/1/2026,3/31/2027
2615,MOTORCYCLE TUBE PACK,1001,,100442,TUBE 3.00-18 PACKED BR V1,148.00,4/1/2026,3/31/2027
2610,MOTORCYCLE TUBE LOOS,1001,,100443,TUBE 3.00-19 LOOSE BR,181.00,4/1/2026,3/31/2027
2610,MOTORCYCLE TUBE LOOS,1001,,100444,"TUBE 3.25-18,3.50-18 LOOSE BR",153.00,4/1/2026,3/31/2027
2610,MOTORCYCLE TUBE LOOS,1001,,100445,"TUBE 3.25-19,3.50-19 LOOSE BR",197.00,4/1/2026,3/31/2027
2610,MOTORCYCLE TUBE LOOS,1001,,100446,TUBE 3.25-16 LOOSE BR,177.00,4/1/2026,3/31/2027
2605,Scooter Tubes Packed,1001,,100447,TUBE 3.50-10 PACKED BR V1,138.00,4/1/2026,3/31/2027
2605,Scooter Tubes Packed,1001,,100448,TUBE 3.50-8 PACKED BR V1,123.00,4/1/2026,3/31/2027
2620,3-WH TUBE PACKED,1001,,100449,TUBE 4.00-8 LOOSE BR V1,146.00,4/1/2026,3/31/2027
2560,Car Bias Tubes Loose,1001,,100450,"TUBE 4.50-12,5.65-12 LOOSE BR",182.00,4/1/2026,3/31/2027
2540,LM BIAS TUBES LOOSE,1001,,100451,TUBE 4.50-10 LOOSE BR,168.00,4/1/2026,3/31/2027
2560,Car Bias Tubes Loose,1001,,100452,"TUBE 5.20-14,5.90-14 LOOSE BR",192.00,4/1/2026,3/31/2027
2560,Car Bias Tubes Loose,1001,,100453,"TUBE 5.60-13,5.90-13 LOOSE BR",166.00,4/1/2026,3/31/2027
2560,Car Bias Tubes Loose,1001,,100454,"TUBE 5.90-15,6.40-15 LOOSE BR",248.00,4/1/2026,3/31/2027
2700,Forklift Tubes,1001,,100455,TUBE 6.00-9 BR,828.00,4/1/2026,3/31/2027
2570,UV Bias Tubes Loose,1001,,100456,TUBE 6.00-16 LOOSE BR,258.00,4/1/2026,3/31/2027
2630,Tractor Front Tubes,1001,,100457,TUBE 6.00-16 BR LOOSE,346.00,4/1/2026,3/31/2027
2520,LCV Bias Tubes,1001,,100458,"TUBE 6.50,7.00-16 LOOSE BR M LV:AB1582",426.00,4/1/2026,3/31/2027
2520,LCV Bias Tubes,1001,,100459,"TUBE 6.50-16,7.00-16 LOOSE BR SPL M",426.00,4/1/2026,3/31/2027
2700,Forklift Tubes,1001,,100460,TUBE 6.50-10 BR,390.00,4/1/2026,3/31/2027
2520,LCV Bias Tubes,1001,,100461,TUBE 6.50-14 LOOSE BR SPL SV:TR13,272.00,4/1/2026,3/31/2027
2520,LCV Bias Tubes,1001,,100462,"TUBE 6.50-16,7.00-16 LOOSE BR SV:TR15",426.00,4/1/2026,3/31/2027
2630,Tractor Front Tubes,1001,,100463,"TUBE 6.50-20,9.50-20 BR LOOSE TF",480.00,4/1/2026,3/31/2027
2520,LCV Bias Tubes,1001,,100464,TUBE 6.70-15 LOOSE BR SV:TR15,370.00,4/1/2026,3/31/2027
2530,LCV Rad Tubes,1001,,100465,TUBE 7.00R15 LOOSE BR,371.00,4/1/2026,3/31/2027
2700,Forklift Tubes,1001,,100466,TUBE 7.00-12 BR,369.00,4/1/2026,3/31/2027
2520,LCV Bias Tubes,1001,,100467,TUBE 7.00-15 LOOSE BR SV:TR13,360.00,4/1/2026,3/31/2027
2520,LCV Bias Tubes,1001,,100469,TUBE 7.00-15 LOOSE BR SPL SV:TR15,350.00,4/1/2026,3/31/2027
2660,ADV Tubes,1001,,100470,TUBE 7.00-19 BR LOOSE,395.00,4/1/2026,3/31/2027
2520,LCV Bias Tubes,1001,,100471,TUBE 7.50-16 LOOSE BR LV:AB1582,475.00,4/1/2026,3/31/2027
2520,LCV Bias Tubes,1001,,100472,TUBE 7.50-16 LOOSE BR SPL LV:AB1582,530.00,4/1/2026,3/31/2027
2520,LCV Bias Tubes,1001,,100473,TUBE 7.50-16 LOOSE BR LV:TR77,461.00,4/1/2026,3/31/2027
2630,Tractor Front Tubes,1001,,100474,TUBE 7.50-16 BR LOOSE,461.00,4/1/2026,3/31/2027
2500,Truck Bias Tubes,1001,,100475,TUBE 7.50-20 LOOSE BR,710.00,4/1/2026,3/31/2027
2660,ADV Tubes,1001,,100476,TUBE 8.00-19 BR LOOSE,546.00,4/1/2026,3/31/2027
2700,Forklift Tubes,1001,,100477,TUBE 8.25-15 BR,658.00,4/1/2026,3/31/2027
2520,LCV Bias Tubes,1001,,100478,TUBE 8.25-16 LOOSE BR LV:AB1582,490.00,4/1/2026,3/31/2027
2520,LCV Bias Tubes,1001,,100479,TUBE 8.25-16 LOOSE BR SPL LV:AB1582,490.00,4/1/2026,3/31/2027
2520,LCV Bias Tubes,1001,,100480,TUBE 8.25-16 LOOSE BR LV:TR77,476.00,4/1/2026,3/31/2027
2500,Truck Bias Tubes,1001,,100481,TUBE 8.25-20 LOOSE BR,710.00,4/1/2026,3/31/2027
2500,Truck Bias Tubes,1001,,100482,TUBE 8.25-20 LOOSE BR SPL,710.00,4/1/2026,3/31/2027
2670,Tractor Trailer Tube,1001,,100484,TUBE 9.00-16 BR LOOSE,707.00,4/1/2026,3/31/2027
2500,Truck Bias Tubes,1001,,100485,TUBE 9.00-20 LOOSE BR,880.00,4/1/2026,3/31/2027
2500,Truck Bias Tubes,1001,,100486,TUBE 9.00-20 LOOSE BR SPL,880.00,4/1/2026,3/31/2027
2590,UV Rad Tubes Loose,1001,,100487,"TUBE 195/70,185/70,175/80R14 LOOSE BR",331.00,4/1/2026,3/31/2027
2570,UV Bias Tubes Loose,1001,,100488,TUBE F78-15 LOOSE BR,276.00,4/1/2026,3/31/2027
2080,UV Bias Tyres,1001,,100489,F78-15 HT85 TT 88M,"2,859.00",4/1/2026,3/31/2027
2080,UV Bias Tyres,1001,,100491,F78-15 MAGNUM  TT 101K 8PR,"2,755.00",4/1/2026,3/31/2027
2810,TRUCK BIAS FLAPS,1001,,100492,"FLAP 11.00-20,12.00-20",455.00,4/1/2026,3/31/2027
2810,TRUCK BIAS FLAPS,1001,,100493,FLAP 12.00-24,525.00,4/1/2026,3/31/2027
2870,Grader Flaps,1001,,100494,FLAP 13.00/14.00-24,746.00,4/1/2026,3/31/2027
2860,OTR Flaps,1001,,100495,FLAP 14.00-20,679.00,4/1/2026,3/31/2027
2860,OTR Flaps,1001,,100496,FLAP 14.00-24 / 25,476.00,4/1/2026,3/31/2027
2860,OTR Flaps,1001,,100497,FLAP 14.00-24,770.00,4/1/2026,3/31/2027
2860,OTR Flaps,1001,,100498,FLAP 16.00-24,829.00,4/1/2026,3/31/2027
2820,LCV BIAS FLAPS,1001,,100499,"FLAP 7.00-16,7.50-16,8.25-16 TML",222.00,4/1/2026,3/31/2027
2860,OTR Flaps,1001,,100500,"FLAP 16.00-25,17.5-25,18.00-25",919.00,4/1/2026,3/31/2027
2860,OTR Flaps,1001,,100501,FLAP 18.00-24,"1,015.00",4/1/2026,3/31/2027
2815,TRUCK RAD FLAPS,1001,,100502,"FLAP 9.00R20,10.00R20 20N RADIAL",385.00,4/1/2026,3/31/2027
2815,TRUCK RAD FLAPS,1001,,100503,"FLAP 11.00R20,12.00R20 20RR RADIAL",430.00,4/1/2026,3/31/2027
2810,TRUCK BIAS FLAPS,1001,,100504,FLAP 10.00-22 22N,540.00,4/1/2026,3/31/2027
2865,Forklift Flaps,1001,,100505,FLAP 6.00-9,119.00,4/1/2026,3/31/2027
2865,Forklift Flaps,1001,,100506,FLAP 6.50-10,164.00,4/1/2026,3/31/2027
2820,LCV BIAS FLAPS,1001,,100507,"FLAP 7.00-16, 7.50-16, 8.25-16, 9.00-16",222.00,4/1/2026,3/31/2027
2865,Forklift Flaps,1001,,100508,FLAP 7.00-12,170.00,4/1/2026,3/31/2027
2865,Forklift Flaps,1001,,100510,FLAP 8.25-15,281.00,4/1/2026,3/31/2027
2810,TRUCK BIAS FLAPS,1001,,100511,"FLAP 9.00-20,10.00-20 20N",365.00,4/1/2026,3/31/2027
2810,TRUCK BIAS FLAPS,1001,,100512,"FLAP 9.00-20,10.00-20 20 N A",364.00,4/1/2026,3/31/2027
2010,Truck Bias Tyres,1001,,100513,9.00-20 FM SUPER  TT 14PR,"11,839.00",4/21/2026,3/31/2027
2110,Scooter TT Tyres,1001,,100517,90/100-10 SECURA HI  TT 53J,663.00,4/1/2026,3/31/2027
2120,MOTORCYCLE TT TYRE,1001,,100522,2.25-17 SECURA ZOOM F  TT 33L,546.00,4/1/2026,3/31/2027
2120,MOTORCYCLE TT TYRE,1001,,100523,2.75-17 SECURA ZOOM F TT 41P,934.00,5/1/2026,3/31/2027
2120,MOTORCYCLE TT TYRE,1001,,100526,3.00-18 SECURA ZOOM TT 52P,"1,066.00",5/1/2026,3/31/2027
2120,MOTORCYCLE TT TYRE,1001,,100527,3.00-19 SECURA F67  TT 49P,690.00,4/1/2026,3/31/2027
2120,MOTORCYCLE TT TYRE,1001,,100528,3.25-18 SECURA M86  TT 59P,789.00,4/1/2026,3/31/2027
2126,Motorcycle Premium B,1001,,100529,3.25-19 SECURA F67  TT 54P,"1,316.00",5/1/2026,3/31/2027
2120,MOTORCYCLE TT TYRE,1001,,100531,3.50-19 SECURA SPORT  TT 62P,878.00,4/1/2026,3/31/2027
2110,Scooter TT Tyres,1001,,100532,3.50-8 SECURA XL  TT 51J,402.00,4/1/2026,3/31/2027
2070,Car Bias Tyres,1001,,100533,5.60-14 ANMOL ALL TRACK  TT 76L,"2,000.00",4/1/2026,3/31/2027
2640,Tractor Rear Tubes,1001,,100534,TUBE 11.2-28 BR LOOSE,"1,362.00",4/1/2026,3/31/2027
2640,Tractor Rear Tubes,1001,,100535,TUBE 12.4-28 BR LOOSE SPL,986.00,4/1/2026,3/31/2027
2640,Tractor Rear Tubes,1001,,100536,TUBE 13.6-38 BR LOOSE,"1,173.00",4/1/2026,3/31/2027
2580,Car Rad Tubes Loose,1001,,100540,TUBE 175/80R14 LOOSE BR,254.00,4/1/2026,3/31/2027
2590,UV Rad Tubes Loose,1001,,100541,TUBE 185/85R16 LOOSE BR,381.00,4/1/2026,3/31/2027
2590,UV Rad Tubes Loose,1001,,100543,TUBE 235/75R15 LOOSE BR,444.00,4/1/2026,3/31/2027
2640,Tractor Rear Tubes,1001,,100547,TUBE 8.3-32 BR LOOSE,871.00,4/1/2026,3/31/2027
2010,Truck Bias Tyres,1001,,100557,10.00-20 HCL XL  TT 16PR,"10,609.00",4/1/2026,3/31/2027
2010,Truck Bias Tyres,1001,,100559,10.00-20 MILE XL RIB  TT 16PR,"13,651.00",4/21/2026,3/31/2027
2165,Farm Implement,1001,,100573,11L-15SL FARM IMPLEMENT TT 8PR,"3,081.00",4/1/2026,3/31/2027
2150,Tractor Rear,1001,,100574,12.4-28 SAMRAAT SUPER ALT TT 12PR,"12,288.00",4/1/2026,3/31/2027
2200,Mining,1001,,100579,12.00-20 GM TT 18PR,"19,573.00",4/1/2026,3/31/2027
2200,Mining,1001,,100586,12.00-24 ROCK XL TT 18PR,"21,882.00",4/1/2026,3/31/2027
2200,Mining,1001,,100589,12.00-24 SLICK 404 TT 20PR,"37,562.00",4/1/2026,3/31/2027
2210,Port,1001,,100591,12.00-24 SLICK 404 ALT TT 20PR L5S,"35,772.00",4/1/2026,3/31/2027
2200,Mining,1001,,100592,12.00-24 SLICK 404 CUT RES TT 20PR,"36,488.00",4/1/2026,3/31/2027
2200,Mining,1001,,100593,12.00-24 SLICK 404 CUT RES TT 24PR,"39,875.00",4/1/2026,3/31/2027
2280,Grader,1001,,100595,13.00-24 GM GRADER ALT TT 12PR,"17,373.00",4/1/2026,3/31/2027
2200,Mining,1001,,100597,14.00-20 TRAC XL TT 24PR E3,"34,173.00",4/1/2026,3/31/2027
2190,Earthmover/Loader,1001,,100600,14.00-24 GMND TT 24PR E3,"36,884.00",4/1/2026,3/31/2027
2190,Earthmover/Loader,1001,,100601,14.00-24 GMND DT TT 28PR E3 EU AT,"41,543.00",4/1/2026,3/31/2027
2250,BHL,1001,,100602,1400-25 GMND TL 20PR E3,"33,966.00",4/1/2026,3/31/2027
2250,BHL,1001,,100603,14.00-25 GMND TT 24PR E3 AT,"36,459.00",4/1/2026,3/31/2027
2090,Car Rad Tyres,1001,,100606,145/70R13   TL 71T,"1,766.00",4/1/2026,3/31/2027
2090,Car Rad Tyres,1001,,100607,145/70R13   TT 71T,"1,718.00",4/1/2026,3/31/2027
2090,Car Rad Tyres,1001,,100610,155/70R13 SPIDER  TL 75T,"1,785.00",4/1/2026,3/31/2027
2250,BHL,1001,,100616,16.9-28 TYROCK LDR TT 12PR INDL,"23,589.00",4/1/2026,3/31/2027
2270,Hvy Tractor Rear,1001,,100619,16.9-30 SAMRAAT TT 12PR,"23,068.00",4/1/2026,3/31/2027
2190,Earthmover/Loader,1001,,100621,16.00-24 GMND DT TL 20PR E3,"52,286.00",4/1/2026,3/31/2027
2090,Car Rad Tyres,1001,,100626,165/80R15 F1 STEEL RB  TT 86S,"2,074.00",4/1/2026,3/31/2027
2090,Car Rad Tyres,1001,,100632,175/80R13 F1 STEEL RB  TT,"2,627.00",4/1/2026,3/31/2027
2200,Mining,1001,,100638,18.00-25 GMND TL 28PR E3,"79,523.00",4/1/2026,3/31/2027
2200,Mining,1001,,100642,18.00-25 CUT RES TL 40PR E4,"103,195.00",4/1/2026,3/31/2027
2200,Mining,1001,,100643,18.00-25 SLICK 404 TL 40PR L5,"127,223.00",4/1/2026,3/31/2027
2200,Mining,1001,,100644,18.00-25 SLICK 404 CUT RES TL 40PR,"127,788.00",4/1/2026,3/31/2027
2200,Mining,1001,,100645,18.00-25 SLICK 404 TL 40PR,"127,223.00",4/1/2026,3/31/2027
2100,UV Rad Tyres,1001,,100655,195/70R14 RHINO  TT 95S V2,"3,056.00",4/1/2026,3/31/2027
2100,UV Rad Tyres,1001,,100656,195/70R14 RHINO  TT 95S V3,"2,719.00",4/1/2026,3/31/2027
2100,UV Rad Tyres,1001,,100657,195R15 F1 STEEL BT  TT,"4,120.00",4/1/2026,3/31/2027
2100,UV Rad Tyres,1001,,100660,205/65R15 RHINO  TL 94S V1,"3,687.00",4/1/2026,3/31/2027
2100,UV Rad Tyres,1001,,100662,215/75R15 F1 STEEL BT  TL 100S V2,"4,661.00",4/1/2026,3/31/2027
2100,UV Rad Tyres,1001,,100663,215/75R15 RHINO  TT 100S V1,"3,695.00",4/1/2026,3/31/2027
2190,Earthmover/Loader,1001,,100664,23.5-25 TRAC XL TL 20PR E3/L3 V1,"74,871.00",4/1/2026,3/31/2027
2211,OTR Radial,1001,,100665,23.50R25 JY 516 ALT TL E3/L3,"113,905.00",4/1/2026,3/31/2027
2100,UV Rad Tyres,1001,,100666,235/75R15 RHINO  TT 105S V1,"3,970.00",4/1/2026,3/31/2027
2120,MOTORCYCLE TT TYRE,1001,,100668,2.50-16 SECURA M67  TT 41L,383.00,4/1/2026,3/31/2027
2211,OTR Radial,1001,,100669,26.50R25 JY 516 ALT TL E3/L3,"152,426.00",4/1/2026,3/31/2027
2120,MOTORCYCLE TT TYRE,1001,,100670,2.75-17 SECURA F85 TT 41P,914.00,5/1/2026,3/31/2027
2120,MOTORCYCLE TT TYRE,1001,,100672,3.00-18 SECURA M86  TT 52P V1,715.00,4/1/2026,3/31/2027
2110,Scooter TT Tyres,1001,,100675,3.50-10 SECURA HI  TT 51J,459.00,4/1/2026,3/31/2027
2240,MPT,1001,,100678,405/70-20 MPT 800 ALT TL 14PR,"15,639.00",4/1/2026,3/31/2027
2240,MPT,1001,,100680,405/70-24 MPT 800 ALT TL 14PR,"18,299.00",4/1/2026,3/31/2027
2240,MPT,1001,,100682,405/70-24 MPT 602 TL 16PR,"18,662.00",6/23/2021,12/31/9999
2260,Forklift,1001,,100691,6.00-9 ELEVETA TT 10PR,"1,959.98",4/1/2026,3/31/2027
2260,Forklift,1001,,100692,6.00-9 ELEVATA ALT TT 10PR,"2,383.00",4/1/2026,3/31/2027
2260,Forklift,1001,,100697,6.50-10 ELEVETA TT 10PR,"3,023.00",4/1/2026,3/31/2027
2260,Forklift,1001,,100700,6.90-9 ELEVATA ALT TT 10PR,"2,383.00",4/1/2026,3/31/2027
2260,Forklift,1001,,100701,7.00-12 ELEVETA TT 12PR,"4,545.00",4/1/2026,3/31/2027
2260,Forklift,1001,,100702,7.00-12 SLICK 413 TT 12PR,"4,504.00",4/1/2026,3/31/2027
2260,Forklift,1001,,100703,7.00-12 SL SLEEK TT 12PR,"4,504.00",4/1/2026,3/31/2027
2030,LCV Bias Tyres,1001,,100711,7.50-16 STAMINA  ALT  TT 16PR,"6,548.00",4/1/2026,3/31/2027
2150,Tractor Rear,1001,,100716,8.3-32 SAMRAAT  TT 6PR,"8,930.00",4/1/2026,3/31/2027
2200,Mining,1001,,100721,9.00-20 CT SUPER CUT RES TT 16PR,"12,809.00",4/1/2026,3/31/2027
2500,Truck Bias Tubes,1001,,100727,TUBE 10.00-20 LOOSE CB CBT MAXI,"1,140.00",4/1/2026,3/31/2027
2580,Car Rad Tubes Loose,1001,,100730,TUBE 155/80R14 LOOSE BR,172.00,4/1/2026,3/31/2027
2680,OTR Tubes,1001,,100731,TUBE 1600X600 BR LOOSE,"6,067.00",4/1/2026,3/31/2027
2580,Car Rad Tubes Loose,1001,,100732,TUBE 165/65R13 LOOSE BR,204.00,4/1/2026,3/31/2027
2580,Car Rad Tubes Loose,1001,,100734,TUBE 165/80R14 LOOSE BR V1,222.00,4/1/2026,3/31/2027
2580,Car Rad Tubes Loose,1001,,100735,TUBE 175/70R13 LOOSE BR,209.00,4/1/2026,3/31/2027
2710,Hvy Tractor Rear Tub,1001,,100736,TUBE 18.4-30 BR LOOSE XL,"3,316.00",4/1/2026,3/31/2027
2580,Car Rad Tubes Loose,1001,,100738,TUBE 185/70R14 LOOSE BR,241.00,4/1/2026,3/31/2027
2580,Car Rad Tubes Loose,1001,,100739,TUBE 195/65R15 LOOSE BR,254.00,4/1/2026,3/31/2027
2590,UV Rad Tubes Loose,1001,,100740,TUBE 195/70R14 LOOSE BR,264.00,4/1/2026,3/31/2027
2530,LCV Rad Tubes,1001,,100743,TUBE 7.50R16 LOOSE BR V1,475.00,4/1/2026,3/31/2027
2580,Car Rad Tubes Loose,1001,,100744,"TUBE 185/70,175/80,165/80R13 LOOSE BR",241.00,4/1/2026,3/31/2027
2965,MISC/OTHER MUD FLAPS,1001,,100746,MUD FLAP 3 WHEELER,20.00,4/1/2026,3/31/2027
2940,TRUCK MUD FLAPS,1001,,100749,MUD FLAP TRUCK,52.00,4/1/2026,3/31/2027
2120,MOTORCYCLE TT TYRE,1001,,100752,2.75-17 SECURA M72 TT 49L,505.00,4/1/2026,3/31/2027
2120,MOTORCYCLE TT TYRE,1001,,100753,2.75-17 SECURA ZOOM F TT 41P V1,525.00,4/1/2026,3/31/2027
2120,MOTORCYCLE TT TYRE,1001,,100754,100/90-18 SECURA SPORT TT 56P,845.00,4/1/2026,3/31/2027
2615,MOTORCYCLE TUBE PACK,1001,,100756,TUBE 2.25-17 PACKED BR,119.00,4/1/2026,3/31/2027
2605,Scooter Tubes Packed,1001,,100757,TUBE 3.00-10 PACKED BR V1,121.00,4/1/2026,3/31/2027
2600,Scooter Tubes Loose,1001,,100758,TUBE 3.50-10 LOOSE BR V1,100.00,4/1/2026,3/31/2027
2520,LCV Bias Tubes,1001,,100767,TUBE 7.50-16 LOOSE BR SV:TR15,475.00,4/1/2026,3/31/2027
2580,Car Rad Tubes Loose,1001,,100768,TUBE 145/70R12 LOOSE BR,194.00,4/1/2026,3/31/2027
2580,Car Rad Tubes Loose,1001,,100769,TUBE 145/70R13 LOOSE BR,217.00,4/1/2026,3/31/2027
2580,Car Rad Tubes Loose,1001,,100770,TUBE 145/80R12 LOOSE BR,194.00,4/1/2026,3/31/2027
2580,Car Rad Tubes Loose,1001,,100771,TUBE 145/80R13 LOOSE BR,217.00,4/1/2026,3/31/2027
2580,Car Rad Tubes Loose,1001,,100772,TUBE 155/70R13 LOOSE BR,221.00,4/1/2026,3/31/2027
2580,Car Rad Tubes Loose,1001,,100773,TUBE 155/80R13 LOOSE BR,222.00,4/1/2026,3/31/2027
2290,Skid Steer,1001,,100774,10.00-16.5 GM LOADER TL 8PR,"6,045.00",4/1/2026,3/31/2027
2815,TRUCK RAD FLAPS,1001,,100775,"FLAP 11.00R20,12.00R20 ST",430.00,4/1/2026,3/31/2027
2810,TRUCK BIAS FLAPS,1001,,100777,"FLAP 9.00-20,10.00-20 20NB",364.00,4/1/2026,3/31/2027
2010,Truck Bias Tyres,1001,,100781,8.25-20 FM  TT 14PR,"8,575.00",4/1/2026,3/31/2027
2010,Truck Bias Tyres,1001,,100782,12.00-20 FM  TT 18PR,"17,046.00",4/21/2026,3/31/2027
2010,Truck Bias Tyres,1001,,100783,10.00-20 RIB XL  TT 16PR,"12,192.00",4/1/2026,3/31/2027
2290,Skid Steer,1001,,100787,12-16.5 GM LOADER ALT TL 12PR,"9,087.00",4/1/2026,3/31/2027
2190,Earthmover/Loader,1001,,100790,23.5-25 TL 20PR E3/L3,"74,871.00",4/1/2026,3/31/2027
2210,Port,1001,,100795,12.00-24 SLICK 404 TT 20PR INDL,"35,772.00",4/1/2026,3/31/2027
2600,Scooter Tubes Loose,1001,,100805,"TUBE 3.50-10,90/100-10 LOOSE BR",141.00,4/1/2026,3/31/2027
2190,Earthmover/Loader,1001,,100807,20.5-25 TRAC XL TT 20PR E3/L3,"57,092.00",4/1/2026,3/31/2027
2190,Earthmover/Loader,1001,,100808,20.5-25 TRAC XL ALT TT 20PR E3/L3,"57,092.00",4/1/2026,3/31/2027
2610,MOTORCYCLE TUBE LOOS,1001,,100809,TUBE 120/80-17 LOOSE BR,204.00,4/1/2026,3/31/2027
2210,Port,1001,,100810,16.00-25 ROCK XL E3 32 PR TL,"61,883.00",4/1/2026,3/31/2027
2210,Port,1001,,100811,16.00-25 ROCK XL TL 32PR E3 IND AT,"60,249.00",4/1/2026,3/31/2027
2280,Grader,1001,,100814,15.5-25 LOADER XL TL 12PR G2/L2,"14,755.31",4/1/2026,3/31/2027
2280,Grader,1001,,100815,15.5-25 LOADER XL TL 12PR EU AT,"25,282.00",4/1/2026,3/31/2027
2280,Grader,1001,,100816,13.00-24 12PR GRADER XL G2/L2 TL,"19,871.00",4/1/2026,3/31/2027
2280,Grader,1001,,100817,13.00-24 GRADER XL TL 12PR EU AT,"18,430.00",4/1/2026,3/31/2027
2280,Grader,1001,,100818,13.00-24 16PR GRADER XL G2 TL.,"18,947.00",4/1/2026,3/31/2027
2280,Grader,1001,,100819,13.00-24 GRADER XL TL 16PR EU ALT,"18,430.00",4/1/2026,3/31/2027
2280,Grader,1001,,100820,17.5-25 / 12PR LOADER XL G2/L2 TL,"26,041.00",4/1/2026,3/31/2027
2280,Grader,1001,,100821,17.5-25 LOADER XL TL 12PR EU ALT,"25,282.00",4/1/2026,3/31/2027
2280,Grader,1001,,100822,17.5-25 LOADER XL TL 16PR G2/L2,"18,453.15",4/1/2026,3/31/2027
2280,Grader,1001,,100823,17.5-25 LOADER XL TL 16PR EU ALT,"30,605.00",4/1/2026,3/31/2027
2280,Grader,1001,,100824,14.00-24 12PR GRADER XL G2/L2 TL,"14,821.22",4/1/2026,3/31/2027
2280,Grader,1001,,100825,14.00-24 GRADER XL TL 12PR EU AT,"22,125.00",4/1/2026,3/31/2027
2280,Grader,1001,,100826,14.00-24 16PR GRADER XL G2 TL.,"22,913.00",4/1/2026,3/31/2027
2280,Grader,1001,,100827,14.00-24 GRADER XL TL 16PR EU ALT,"22,871.00",4/1/2026,3/31/2027
2280,Grader,1001,,100828,17.5-25 GRADER XL TL 12PR G2/L2,"25,282.00",4/1/2026,3/31/2027
2280,Grader,1001,,100829,17.5-25 GRADER XL TL 12PR EU AT,"25,282.00",4/1/2026,3/31/2027
2280,Grader,1001,,100830,17.5-25 GRADER XL TL 16PR EU AT,"30,605.00",4/1/2026,3/31/2027
2280,Grader,1001,,100831,17.5-25 GRADER XL TL 16PR G2/L2,"30,605.00",4/1/2026,3/31/2027
2150,Tractor Rear,1001,,100832,14.9-28 SAMRAAT SUPER TT 12PR,"18,075.00",4/1/2026,3/31/2027
2110,Scooter TT Tyres,1001,,100833,3.50-10 SECURA ZOOM TT 51J,453.00,4/1/2026,3/31/2027
2110,Scooter TT Tyres,1001,,100834,3.00-10 SECURA NEO  TT 42J,751.00,5/1/2026,3/31/2027
2120,MOTORCYCLE TT TYRE,1001,,100835,3.00-17 SECURA SPORT  TT 50P,895.00,4/1/2026,3/31/2027
2010,Truck Bias Tyres,1001,,100836,9.00-20 HT SUPER XL  TT 16PR,"9,910.00",4/1/2026,3/31/2027
2126,Motorcycle Premium B,1001,,100838,100/90-17 VERTIGO SPORT TL 55P,"1,606.00",4/1/2026,3/31/2027
2122,MOTORCYCLE TL TYRE,1001,,100839,120/80-17 VERTIGO SPORT  TL 61P,"1,469.00",4/1/2026,3/31/2027
2126,Motorcycle Premium B,1001,,100840,120/80-17 VERTIGO RAGE  TL 61P,"1,571.00",4/1/2026,3/31/2027
2120,MOTORCYCLE TT TYRE,1001,,100841,120/80-18 VERTIGO RAGE  TT 62P,"1,612.00",4/1/2026,3/31/2027
2122,MOTORCYCLE TL TYRE,1001,,100842,100/90-17 VERTIGO ZOOM  TL 55P,881.00,4/1/2026,3/31/2027
2010,Truck Bias Tyres,1001,,100843,9.00-20 FM SUPER ALT  TT 16PR E4,"10,083.00",4/1/2026,3/31/2027
2010,Truck Bias Tyres,1001,,100844,10.00-20 MILE XL  ALT  TT 16PR,"12,504.00",4/1/2026,3/31/2027
2200,Mining,1001,,100849,21.00-35 ROCK XL ALT TL 40PR EU,"182,665.00",4/1/2026,3/31/2027
2190,Earthmover/Loader,1001,,100850,21.00-25 ROCK XL TL 40PR,"122,255.00",4/1/2026,3/31/2027
2190,Earthmover/Loader,1001,,100851,2100-25 ROCK XL ALT TL 40PR EU,"122,255.00",4/1/2026,3/31/2027
2190,Earthmover/Loader,1001,,100852,26.5-25 TRAC XL TL 24PR,"104,700.00",4/1/2026,3/31/2027
2190,Earthmover/Loader,1001,,100853,26.5-25 TRAC XL ALT TL 24PR,"104,700.00",4/1/2026,3/31/2027
2190,Earthmover/Loader,1001,,100854,26.5-25 TRAC XL TL 24PR CUT RES,"98,689.00",4/1/2026,3/31/2027
2200,Mining,1001,,100856,21.00-35 ROCK XL TL 40PR,"182,665.00",4/1/2026,3/31/2027
2280,Grader,1001,,100857,20.5-25 LOADER XL TL 16PR,"38,076.00",4/1/2026,3/31/2027
2280,Grader,1001,,100858,20.5-25 LOADER XL ALT TL 16PR EU,"38,019.00",4/1/2026,3/31/2027
2280,Grader,1001,,100859,20.5-25 LOADER XL TL 12PR,"38,019.00",4/1/2026,3/31/2027
2280,Grader,1001,,100860,20.5-25 GM GRADER ALT TL 12PR EU,"38,019.00",4/1/2026,3/31/2027
2230,Flotation Bias,1001,,100861,800/45-26.5 FLOTATION T422 ALT TL 16PR,"31,365.00",4/1/2026,3/31/2027
2230,Flotation Bias,1001,,100862,800/45-26.5 FLOTATION T422 ALT TL 12PR,"29,350.00",4/1/2026,3/31/2027
2230,Flotation Bias,1001,,100863,700/50-26.5 FLOTATION T422 ALT TL 16PR,"35,458.00",4/1/2026,3/31/2027
2230,Flotation Bias,1001,,100864,700/50-22.5 FLOTATION T422 ALT TL 16PR,"31,779.00",4/1/2026,3/31/2027
2230,Flotation Bias,1001,,100866,700/40-22.5 FLOTATION T422 ALT TL 16PR,"23,704.00",4/1/2026,3/31/2027
2230,Flotation Bias,1001,,100867,700/40-22.5 FLOTATION T422 ALT TL 12PR,"37,947.00",4/1/2026,3/31/2027
2230,Flotation Bias,1001,,100868,700/50-26.5 FLOTATION T422 ALT TL 12PR,"34,967.00",4/1/2026,3/31/2027
2010,Truck Bias Tyres,1001,,100874,10.00-20 CLT NOVA  TT 16PR,"13,299.00",4/21/2026,3/31/2027
2010,Truck Bias Tyres,1001,,100882,10.00-20 HCL SUPER E  TT 16PR E4,"9,989.00",4/1/2026,3/31/2027
2010,Truck Bias Tyres,1001,,100885,1000-20 /16 MAXIMA_WO,"10,491.00",4/1/2026,3/31/2027
2165,Farm Implement,1001,,100918,12.5-15 FARM IMPLEMENT 8PR,"2,784.00",4/1/2026,3/31/2027
2290,Skid Steer,1001,,100920,12-16.5 GM LOADER TL 10PR,"4,824.37",4/1/2026,3/31/2027
2290,Skid Steer,1001,,100921,12.00-16.5 GM LOADER ALT TL 10PR HD,"8,699.00",4/1/2026,3/31/2027
2010,Truck Bias Tyres,1001,,100924,12.00-20 HCL SUPER  TT 18PR,"21,859.00",4/21/2026,3/31/2027
2200,Mining,1001,,100933,12.00-20 SLICK 404 CUT RES ALT TT 20PR,"32,894.00",4/1/2026,3/31/2027
2150,Tractor Rear,1001,,100942,13.6-28 SAMRAAT  TT 12PR,"15,729.00",4/1/2026,3/31/2027
2210,Port,1001,,100955,17.5-25 SLICK 404 TL 20PR IND ALT,"65,912.00",4/1/2026,3/31/2027
2200,Mining,1001,,100960,18.00-25 / 40PR GMND E3 TL ALTURA,"88,205.00",4/1/2026,3/31/2027
2120,MOTORCYCLE TT TYRE,1001,,100969,2.75-18 SECURA ZOOM F  TT 42P V1,610.00,4/1/2026,3/31/2027
2120,MOTORCYCLE TT TYRE,1001,,100970,2.75-18 SECURA F85  TT 42P V1,583.00,4/1/2026,3/31/2027
2130,3-Wheeler Tyres,1001,,100971,4.00-8 AUTO RAJA  TT 76E,889.00,4/1/2026,3/31/2027
2140,Tractor Front,1001,,100976,6.00-16 SAMRAAT ALT  TT 8PR,"2,793.00",4/1/2026,3/31/2027
2260,Forklift,1001,,100977,6.50-10 ELEVATA ALT TT 12PR,"3,464.00",4/1/2026,3/31/2027
2260,Forklift,1001,,100978,6.50-10 ELEVETA TT 12PR,"3,620.00",4/1/2026,3/31/2027
2260,Forklift,1001,,100980,7.00-12 SLICK 404 TT 12PR,"4,504.00",4/1/2026,3/31/2027
2260,Forklift,1001,,100981,7.00-12 ELEVATA TT 16PR,"4,594.00",4/1/2026,3/31/2027
2260,Forklift,1001,,100991,8.25-15 ELEVETA TT 12PR,"7,008.00",4/1/2026,3/31/2027
2260,Forklift,1001,,100992,8.25-15 ELEVATA TT 14PR,"7,144.00",4/1/2026,3/31/2027
2030,LCV Bias Tyres,1001,,100993,8.25-16 MILE XL TT 16PR,"8,580.00",4/1/2026,3/31/2027
2120,MOTORCYCLE TT TYRE,1001,,101021,100/90-17 VERTIGO SPORT  TT 55P,834.00,4/1/2026,3/31/2027
2120,MOTORCYCLE TT TYRE,1001,,101022,2.75-18 SECURA ZOOM+  TT 48P,"1,001.00",5/1/2026,3/31/2027
2120,MOTORCYCLE TT TYRE,1001,,101023,120/80-18 VERTIGO SPORT  TT 62P,"1,175.00",4/1/2026,3/31/2027
2120,MOTORCYCLE TT TYRE,1001,,101024,120/80-17 VERTIGO SPORT  TT 61P,"1,148.00",4/1/2026,3/31/2027
2120,MOTORCYCLE TT TYRE,1001,,101025,120/80-17 VERTIGO RAGE  TT 61P,"1,140.00",4/1/2026,3/31/2027
2640,Tractor Rear Tubes,1001,,101026,TUBE 14.9-28 LOOSE,"1,644.00",4/1/2026,3/31/2027
2810,TRUCK BIAS FLAPS,1001,,101027,"FLAP 7.50-20,8.25-20 TML",285.00,4/1/2026,3/31/2027
2050,LM Bias Tyres,1001,,101028,155D12 ANMOL RIB TT 8PR,"1,523.00",4/1/2026,3/31/2027
2030,LCV Bias Tyres,1001,,101029,7.00-16 MILE XL  TT 14PR,"5,699.00",4/1/2026,3/31/2027
2510,Truck Rad Tubes,1001,,101030,TUBE 9.00R20 LOOSE BR,"1,070.00",4/1/2026,3/31/2027
2120,MOTORCYCLE TT TYRE,1001,,101067,2.75-18 SECURA F85  TT 42P V2,583.00,4/1/2026,3/31/2027
2170,ADV,1001,,101089,7.00-19 BULAND  TT 10PR,"3,000.00",4/1/2026,3/31/2027
2630,Tractor Front Tubes,1001,,101106,TUBE 7.50-16 BR LOOSE TF,588.00,4/1/2026,3/31/2027
2590,UV Rad Tubes Loose,1001,,101107,TUBE 195R15 LOOSE BR V1,261.00,4/1/2026,3/31/2027
2030,LCV Bias Tyres,1001,,101124,6.50-14 RIB XL TT 10PR E4,"3,186.00",4/1/2026,3/31/2027
2260,Forklift,1001,,101126,6.00-9 SLR TT 10PR,"2,246.00",4/1/2026,3/31/2027
2120,MOTORCYCLE TT TYRE,1001,,101129,3.00-19 SECURA SPORT  TT 54P,"1,151.00",4/1/2026,3/31/2027
2090,Car Rad Tyres,1001,,101130,155/70R13 MILAZE FI  TL 75T,"2,560.00",4/1/2026,3/31/2027
2090,Car Rad Tyres,1001,,101131,145/80R12 MILAZE  TT 74T,"1,451.00",4/1/2026,3/31/2027
2120,MOTORCYCLE TT TYRE,1001,,101139,100/90-17 VERTIGO ZOOM  TT 55P,"1,129.00",4/1/2026,3/31/2027
2165,Farm Implement,1001,,101145,9.5L-15 FARM IMPLEMENT SL TL 8PR,"3,035.00",4/1/2026,3/31/2027
2165,Farm Implement,1001,,101146,9.5-15 FARM IMPLEMENT TT 8PR,"2,733.00",4/1/2026,3/31/2027
2165,Farm Implement,1001,,101147,11L-15SL FARM IMPLEMENT TL 8PR,"3,388.79",4/1/2026,3/31/2027
2030,LCV Bias Tyres,1001,,101153,7.00-15 FM SUPER  TT 10PR,"4,886.00",4/1/2026,3/31/2027
2190,Earthmover/Loader,1001,,101154,14.00-24 TT 24PR E3,"37,688.00",4/1/2026,3/31/2027
2200,Mining,1001,,101156,18.00-25 E4 TL 40PR,"97,272.00",4/1/2026,3/31/2027
2200,Mining,1001,,101157,16.00-25 TL 32PR E3,"58,510.00",4/1/2026,3/31/2027
2200,Mining,1001,,101158,18.00-25 E4 TL 32PR,"91,325.00",4/1/2026,3/31/2027
2010,Truck Bias Tyres,1001,,101159,8.25-20 FM SUPER TT 14PR,"6,110.00",4/1/2026,3/31/2027
2015,Truck Rad Tyres,1001,,101165,11.00R20 MACH S1 ALT  TT 16PR,"12,603.00",4/1/2026,3/31/2027
2010,Truck Bias Tyres,1001,,101170,9.00-20 MILE XL  ALT  TT 16PR,"9,158.00",4/1/2026,3/31/2027
2211,OTR Radial,1001,,101171,16.00R25 JY 216 ALT TL E3/L3,"119,084.00",4/1/2026,3/31/2027
2211,OTR Radial,1001,,101172,29.50R25 JY 516 ALT TL E3/L3,"251,005.00",4/1/2026,3/31/2027
2010,Truck Bias Tyres,1001,,101177,8.25-20 FM SUPER TT 16PR,"8,867.00",4/1/2026,3/31/2027
2122,MOTORCYCLE TL TYRE,1001,,101178,120/80-18 VERTIGO SPORT  TL 62P,"1,582.00",4/1/2026,3/31/2027
2500,Truck Bias Tubes,1001,,101179,TUBE 10.00-20 LOOSE CB,"1,141.00",4/1/2026,3/31/2027
2211,OTR Radial,1001,,101184,18.00R33 JY 615 TL E3/L3,"199,108.00",4/1/2026,3/31/2027
2211,OTR Radial,1001,,101187,20.50R25 JY 517 TL E3/L3,"86,107.00",4/1/2026,3/31/2027
2030,LCV Bias Tyres,1001,,101188,6.50-16 FM SLEEK TT 10PR E4,"3,467.00",4/1/2026,3/31/2027
2190,Earthmover/Loader,1001,,101191,26.5-25 TRAC XL TL 28PR,"78,043.63",4/1/2026,3/31/2027
2190,Earthmover/Loader,1001,,101192,26.5-25 TRAC XL ALT TL 28PR EU,"104,700.00",4/1/2026,3/31/2027
2030,LCV Bias Tyres,1001,,101193,7.00-15 FLEET MASTER TT 10PR E4,"4,809.00",4/1/2026,3/31/2027
2680,OTR Tubes,1001,,101194,TUBE 1500X600 BR LOOSE,"6,067.00",4/1/2026,3/31/2027
2030,LCV Bias Tyres,1001,,101196,7.00-15 MILE XL  TT 12PR,"5,363.00",4/1/2026,3/31/2027
2210,Port,1001,,101197,18.00-25 / 40PR ROCK XL IND TL ALTURA,"103,195.00",4/1/2026,3/31/2027
2210,Port,1001,,101198,18.00-25 ROCK XL TL 40PR IND,"103,195.00",4/1/2026,3/31/2027
2200,Mining,1001,,101199,9.00-20 SLICK413 CUT RES ALT TT 16PR L5S,"14,805.00",4/1/2026,3/31/2027
2200,Mining,1001,,101200,33.00-51 E4 TL 58PR,"712,675.00",4/1/2026,3/31/2027
2030,LCV Bias Tyres,1001,,101202,7.00-15 FLEET MASTER ALT  TT 10PR E4,"2,905.50",4/1/2026,3/31/2027
2030,LCV Bias Tyres,1001,,101203,6.50-16 ROAD TUF ALT TT 10PR E4,"3,467.00",4/1/2026,3/31/2027
2010,Truck Bias Tyres,1001,,101204,9.00-20 TRAC XL  TT 16PR V1,"10,509.00",4/1/2026,3/31/2027
2090,Car Rad Tyres,1001,,101205,145/70R13 MILAZE  TT 71T,"2,330.00",4/1/2026,3/31/2027
2090,Car Rad Tyres,1001,,101206,175/65R14 MILAZE   TL 82T V1,"3,425.00",4/1/2026,3/31/2027
2090,Car Rad Tyres,1001,,101207,155/70R13 MILAZE  TT 75T,"1,700.00",4/1/2026,3/31/2027
2030,LCV Bias Tyres,1001,,101208,7.50-16 FM SUPER  TT 12PR,"4,995.00",4/1/2026,3/31/2027
2220,Compactor,1001,,101209,23.1-26 C305 TL 16PR IND,"39,418.00",4/1/2026,3/31/2027
2290,Skid Steer,1001,,101210,10.00-16.5 GM LOADER TL 10PR HD,"6,928.00",4/1/2026,3/31/2027
2200,Mining,1001,,101212,14.00-20 TT 20PR,"33,168.00",4/1/2026,3/31/2027
2015,Truck Rad Tyres,1001,,101213,9.00R20 MACH R1  TT,"8,884.00",4/1/2026,3/31/2027
2520,LCV Bias Tubes,1001,,101222,TUBE 7.00-15 LOOSE BR ALT SPL,363.00,4/1/2026,3/31/2027
2520,LCV Bias Tubes,1001,,101223,"TUBE 6.50-16,7.00-16 LOOSE BR ALT",426.00,4/1/2026,3/31/2027
2520,LCV Bias Tubes,1001,,101224,TUBE 7.50-16 LOOSE BR ALT SPL,475.00,4/1/2026,3/31/2027
2700,Forklift Tubes,1001,,101227,TUBE 6.50-10 BR 0 ALT,401.00,4/1/2026,3/31/2027
2700,Forklift Tubes,1001,,101228,TUBE 7.00-12 BR 0 ALT,401.00,4/1/2026,3/31/2027
2700,Forklift Tubes,1001,,101229,TUBE 8.25-15 BR 0 ALT,599.00,4/1/2026,3/31/2027
2810,TRUCK BIAS FLAPS,1001,,101231,"FLAP 9.00-20,10.00-20 ALT",364.00,4/1/2026,3/31/2027
2810,TRUCK BIAS FLAPS,1001,,101232,"FLAP 11.00-20,12.00-20 ALT",455.00,4/1/2026,3/31/2027
2860,OTR Flaps,1001,,101234,FLAP 14.00-24 ALT EXP,770.00,4/1/2026,3/31/2027
2820,LCV BIAS FLAPS,1001,,101235,"FLAP 7.00-16,7.50-16,8.25-16 ALT",222.00,4/1/2026,3/31/2027
2865,Forklift Flaps,1001,,101237,FLAP 6.50-10 ALT,147.00,4/1/2026,3/31/2027
2865,Forklift Flaps,1001,,101238,FLAP 7.00-12 ALT,157.00,4/1/2026,3/31/2027
2865,Forklift Flaps,1001,,101239,FLAP 8.25-15 ALT,260.00,4/1/2026,3/31/2027
2250,BHL,1001,,101240,12.5/8-18 TYROCK TL 12PR IND,"12,012.00",4/1/2026,3/31/2027
2030,LCV Bias Tyres,1001,,101242,7.50-16 BULAND MILE XL RIB  TT 16PR,"7,175.00",4/1/2026,3/31/2027
2030,LCV Bias Tyres,1001,,101246,8.25-16 MILE XL XD  TT 16PR,"7,120.00",4/1/2026,3/31/2027
2610,MOTORCYCLE TUBE LOOS,1001,,101249,TUBE 3.00-17 LOOSE BR,148.00,4/1/2026,3/31/2027
2610,MOTORCYCLE TUBE LOOS,1001,,101250,"TUBE 2.50-18,2.75-18 LOOSE BR",150.00,4/1/2026,3/31/2027
2610,MOTORCYCLE TUBE LOOS,1001,,101251,TUBE 3.00-18 LOOSE BR,150.00,4/1/2026,3/31/2027
2500,Truck Bias Tubes,1001,,101254,TUBE 12.00-20 LOOSE BR ALT SPL,"1,364.00",4/1/2026,3/31/2027
2810,TRUCK BIAS FLAPS,1001,,101255,FLAP 12.00-24 ALT,525.00,4/1/2026,3/31/2027
2200,Mining,1001,,101263,18.00-25 GM XL TL 32PR E4,"106,310.00",4/1/2026,3/31/2027
2050,LM Bias Tyres,1001,,101270,4.50-10 ANMOL RIB  TT 8PR,"1,669.00",5/5/2026,3/31/2027
2050,LM Bias Tyres,1001,,101271,4.50-10 ANMOL SL  TT 8PR,"1,648.00",4/1/2026,3/31/2027
2050,LM Bias Tyres,1001,,101272,5.00-12 ANMOL SL  TT 8PR,"1,523.00",4/1/2026,3/31/2027
2050,LM Bias Tyres,1001,,101273,5.00-10 ANMOL LUG  TT 8PR,"1,443.00",4/1/2026,3/31/2027
2200,Mining,1001,,101274,12.00-20 SLICK 404 CUT RES TT 20PR L5S,"30,878.00",4/1/2026,3/31/2027
2090,Car Rad Tyres,1001,,101275,155/80R13 MILAZE   TT 79T,"1,950.00",4/1/2026,3/31/2027
2030,LCV Bias Tyres,1001,,101276,7.50-16 16PR ALTURA ROADTUF,"5,119.00",4/1/2026,3/31/2027
2010,Truck Bias Tyres,1001,,101277,10.00-20 LUG XL  ALT  TT 18PR,"9,340.00",4/1/2026,3/31/2027
2010,Truck Bias Tyres,1001,,101278,10.00-20 RIB XL  ALT  TT 18PR,"8,660.00",4/1/2026,3/31/2027
2010,Truck Bias Tyres,1001,,101279,8.25-20 LUG XL  ALT  TT 16PR,"9,861.00",4/1/2026,3/31/2027
2640,Tractor Rear Tubes,1001,,101280,TUBE 12.40-28 BR PACKED V1,"1,362.00",4/1/2026,3/31/2027
2510,Truck Rad Tubes,1001,,101281,TUBE 10.00R20 LOOSE CB ALT,"1,892.00",4/1/2026,3/31/2027
2630,Tractor Front Tubes,1001,,101283,TUBE 6.00-16 BR PACKED,337.00,4/1/2026,3/31/2027
2540,LM BIAS TUBES LOOSE,1001,,101284,TUBE 155/80-12 LOOSE CB,199.00,4/1/2026,3/31/2027
2540,LM BIAS TUBES LOOSE,1001,,101285,TUBE 4.50-10 LOOSE CB,163.00,4/1/2026,3/31/2027
2520,LCV Bias Tubes,1001,,101286,TUBE 8.25-16 LOOSE CB LV:TR77,490.00,4/1/2026,3/31/2027
2520,LCV Bias Tubes,1001,,101287,TUBE 7.50-16 LOOSE CB LV:TR77,475.00,4/1/2026,3/31/2027
2500,Truck Bias Tubes,1001,,101290,TUBE 10.00-20 LOOSE BR CB,"1,141.00",4/1/2026,3/31/2027
2500,Truck Bias Tubes,1001,,101291,TUBE 10.00-20 LOOSE CB ALT CBT MAXI,"1,141.00",4/1/2026,3/31/2027
2500,Truck Bias Tubes,1001,,101292,TUBE 9.00-20 LOOSE BR CB,880.00,4/1/2026,3/31/2027
2500,Truck Bias Tubes,1001,,101293,TUBE 10.00-20 LOOSE CB ALT,"1,141.00",4/1/2026,3/31/2027
2100,UV Rad Tyres,1001,,101294,195R15 STEEL PLUS LT  TL 106Q,"4,857.00",5/1/2026,3/31/2027
2250,BHL,1001,,101295,16.9-28 TYROCK XL R4 TT 12PR IND,"23,442.00",4/1/2026,3/31/2027
2595,UV Rad Tubes Packed,1001,,101296,TUBE 215/75R15 PACKED BR V1,400.00,4/1/2026,3/31/2027
2585,Car Rad Tubes Packed,1001,,101297,"TUBE 145/70R12,145/80R12 PACKED BR V1",235.00,4/1/2026,3/31/2027
2585,Car Rad Tubes Packed,1001,,101300,"TUBE 165/65R13,155/70R13 PACKED BR V1",285.00,4/1/2026,3/31/2027
2120,MOTORCYCLE TT TYRE,1001,,101302,3.00-18 BALD  TT,688.00,4/1/2026,3/31/2027
2250,BHL,1001,,101306,19.5 L-24 TYROCK 80 TL 12PR,"16,876.51",4/1/2026,3/31/2027
2120,MOTORCYCLE TT TYRE,1001,,101319,130/80-18 VERTIGO RAGE  TT 66P,"1,778.00",4/1/2026,3/31/2027
2126,Motorcycle Premium B,1001,,101320,130/80-17 VERTIGO RAGE  TL 65P,"1,751.00",4/1/2026,3/31/2027
2150,Tractor Rear,1001,,101321,9.5-24 SAMRAAT SUPER TT 8PR,"8,374.00",4/1/2026,3/31/2027
2640,Tractor Rear Tubes,1001,,101322,TUBE 9.5-24 BR LOOSE,865.00,4/1/2026,3/31/2027
2140,Tractor Front,1001,,101323,5.00-15 SAMRAAT  TT 4PR,"2,636.00",4/1/2026,3/31/2027
2630,Tractor Front Tubes,1001,,101324,TUBE 5.00-15 BR LOOSE,294.00,4/1/2026,3/31/2027
2010,Truck Bias Tyres,1001,,101325,11.00-20 MILE XL TT 18PR,"17,543.00",4/21/2026,3/31/2027
2030,LCV Bias Tyres,1001,,101327,7.50-16 UT777  TT 16PR,"5,334.00",4/1/2026,3/31/2027
2250,BHL,1001,,101328,16.9-28 TYROCK XL R4 ALT TT 12PR INDL,"22,543.00",4/1/2026,3/31/2027
2250,BHL,1001,,101329,16.9-28 TYROCK XL R4 ALT TT 14PR INDL,"22,543.00",4/1/2026,3/31/2027
2250,BHL,1001,,101330,19.5 L-24 TYROCK 80 ALT TL 12PR,"20,469.00",4/1/2026,3/31/2027
2090,Car Rad Tyres,1001,,101334,165/65R14 MILAZE  TT 79T,"2,280.00",4/1/2026,3/31/2027
2580,Car Rad Tubes Loose,1001,,101335,"TUBE 165/65,175/65,185/60R14 LOOSE BR",303.00,4/1/2026,3/31/2027
2040,LCV Rad Tyres,1001,,101336,7.00R15 MILAZE  TT 10PR,"6,320.00",4/1/2026,3/31/2027
2010,Truck Bias Tyres,1001,,101337,10.00-20 RD10  TT 16PR,"11,493.00",4/1/2026,3/31/2027
2280,Grader,1001,,101338,13.00-24 GRADER XL TT 12PR,"19,332.00",4/1/2026,3/31/2027
2030,LCV Bias Tyres,1001,,101339,7.50-16 LUG XL BULAND  TT 16PR,"6,548.00",4/1/2026,3/31/2027
2030,LCV Bias Tyres,1001,,101340,7.50-16 FM SUPER  TT 12PR E4,"4,988.00",4/1/2026,3/31/2027
2060,LM Rad Tyres,1001,,101341,155R13 MILAZE LT  TT 8PR,"2,508.00",4/1/2026,3/31/2027
2060,LM Rad Tyres,1001,,101342,145R12 MILAZE LT  TT 8PR V1,"2,033.00",4/21/2026,3/31/2027
2540,LM BIAS TUBES LOOSE,1001,,101343,TUBE 5.00-12 LOOSE BR,209.00,4/1/2026,3/31/2027
2090,Car Rad Tyres,1001,,101344,145/70R12 MILAZE   TT 69T,"1,770.00",4/1/2026,3/31/2027
2010,Truck Bias Tyres,1001,,101345,10.00-20 RD09  TT 16PR,"11,470.00",4/1/2026,3/31/2027
2200,Mining,1001,,101346,16.00-25 ROCK XL TT 20PR,"58,494.00",4/1/2026,3/31/2027
2120,MOTORCYCLE TT TYRE,1001,,101349,3.00-18 GRIPP TT 52P,949.00,4/1/2026,3/31/2027
2010,Truck Bias Tyres,1001,,101350,8.25-20 LUG XL  TT 14PR,"10,079.00",4/1/2026,3/31/2027
2010,Truck Bias Tyres,1001,,101351,8.25-20 ROAD TUF SUPER  ALT  TT 14PR,"5,662.00",4/1/2026,3/31/2027
2610,MOTORCYCLE TUBE LOOS,1001,,101352,"TUBE 2.25-16,2.50-16 LOOSE BR",112.00,4/1/2026,3/31/2027
2610,MOTORCYCLE TUBE LOOS,1001,,101353,"TUBE 2.50-17,2.75-17 LOOSE BR",126.00,4/1/2026,3/31/2027
2030,LCV Bias Tyres,1001,,101359,7.00-15 UT777 TT 10PR E4,"4,682.00",4/1/2026,3/31/2027
2010,Truck Bias Tyres,1001,,101361,10.00-20 MAXIMA P101  TT 16PR,"13,990.00",4/21/2026,3/31/2027
2010,Truck Bias Tyres,1001,,101362,10.00-20 MAXIMA P301  TT 16PR,"14,371.00",4/21/2026,3/31/2027
2010,Truck Bias Tyres,1001,,101363,10.00-20 MAXIMA P RIB  TT 16PR,"13,240.00",4/21/2026,3/31/2027
2500,Truck Bias Tubes,1001,,101365,TUBE 8.25-20 LOOSE BR ALT,710.00,4/1/2026,3/31/2027
2500,Truck Bias Tubes,1001,,101366,TUBE 9.00-20 LOOSE BR ALT,880.00,4/1/2026,3/31/2027
2510,Truck Rad Tubes,1001,,101367,TUBE 9.00R20 LOOSE BR ALT,"1,070.00",4/1/2026,3/31/2027
2500,Truck Bias Tubes,1001,,101368,TUBE 10.00-20 LOOSE BR ALT,"1,141.00",4/1/2026,3/31/2027
2500,Truck Bias Tubes,1001,,101369,TUBE 10.00-20 LOOSE BR ALT MAXI,"1,141.00",4/1/2026,3/31/2027
2510,Truck Rad Tubes,1001,,101370,TUBE 10.00R20 LOOSE BR ALT,"1,185.00",4/1/2026,3/31/2027
2500,Truck Bias Tubes,1001,,101373,TUBE 12.00-20 LOOSE BR ALT,"1,364.00",4/1/2026,3/31/2027
2500,Truck Bias Tubes,1001,,101374,TUBE 12.00-24 LOOSE BR ALT,"1,440.00",4/1/2026,3/31/2027
2680,OTR Tubes,1001,,101375,TUBE 14.00-20 BR LOOSE ALT,"2,627.00",4/1/2026,3/31/2027
2680,OTR Tubes,1001,,101376,TUBE 14.00-24/25 BR LOOSE ALT,"2,324.00",4/1/2026,3/31/2027
2720,Grader Tubes,1001,,101377,TUBE 16.00-24 BR 0 ALT,"3,679.00",4/1/2026,3/31/2027
2720,Grader Tubes,1001,,101378,TUBE 13.00-24 BR 0 ALT,"2,299.00",4/1/2026,3/31/2027
2720,Grader Tubes,1001,,101379,TUBE 17.50-25 BR 0 ALT,"3,679.00",4/1/2026,3/31/2027
2720,Grader Tubes,1001,,101380,TUBE 18.00-24 BR 0 ALT,"4,736.00",4/1/2026,3/31/2027
2520,LCV Bias Tubes,1001,,101381,TUBE 7.00-15 LOOSE BR ALT,360.00,4/1/2026,3/31/2027
2520,LCV Bias Tubes,1001,,101382,TUBE 6.50-16 LOOSE BR ALT SV:TR15,344.00,4/1/2026,3/31/2027
2520,LCV Bias Tubes,1001,,101384,TUBE 7.50-16 LOOSE BR ALT LV:TR77,475.00,4/1/2026,3/31/2027
2520,LCV Bias Tubes,1001,,101385,TUBE 8.25-16 LOOSE BR ALT LV:TR77,490.00,4/1/2026,3/31/2027
2810,TRUCK BIAS FLAPS,1001,,101386,FLAP 10.00-20 ALT,364.00,4/1/2026,3/31/2027
2860,OTR Flaps,1001,,101390,FLAP 14.00-20 ALT,682.00,4/1/2026,3/31/2027
2870,Grader Flaps,1001,,101391,FLAP 16.00-24 ALT,829.00,4/1/2026,3/31/2027
2860,OTR Flaps,1001,,101392,"FLAP 16.00-25,17.5-25,18.00-25 ALT",829.00,4/1/2026,3/31/2027
2870,Grader Flaps,1001,,101393,FLAP 18.00-24 ALT,"1,015.00",4/1/2026,3/31/2027
2820,LCV BIAS FLAPS,1001,,101394,"FLAP 7.00-16,7.50-16,8.25-16 ALT NTML",222.00,4/1/2026,3/31/2027
2870,Grader Flaps,1001,,101395,FLAP 13.00/14.00-24 ALT,734.00,4/1/2026,3/31/2027
2030,LCV Bias Tyres,1001,,101396,6.50-14 UT777  TT 8PR E4,"3,279.00",4/1/2026,3/31/2027
2200,Mining,1001,,101403,21.00-35 ROCK XL TL 36PR E4,"171,002.00",4/1/2026,3/31/2027
2122,MOTORCYCLE TL TYRE,1001,,101404,3.00-18 SECURA SPORT  TL 52P,"1,281.00",4/1/2026,3/31/2027
2122,MOTORCYCLE TL TYRE,1001,,101405,3.00-17 SECURA SPORT  TL 50P,"1,236.00",4/1/2026,3/31/2027
2112,Scooter TL Tyres,1001,,101406,3.50-10 NEO  TL 51J,838.00,4/1/2026,3/31/2027
2030,LCV Bias Tyres,1001,,101408,7.00-15 MILE XL  ALT  TT 12PR,"5,277.00",4/1/2026,3/31/2027
2030,LCV Bias Tyres,1001,,101410,7.50-16 MILE XL ALT TT 16PR,"5,847.00",4/1/2026,3/31/2027
2030,LCV Bias Tyres,1001,,101411,8.25-16 MILE XL  ALT  TT 16PR,"6,863.00",4/1/2026,3/31/2027
2010,Truck Bias Tyres,1001,,101412,10.00-20 FM SUPER TT 18PR,"12,895.00",4/1/2026,3/31/2027
2120,MOTORCYCLE TT TYRE,1001,,101413,3.00-17 GRIPP TT 50P,907.00,4/1/2026,3/31/2027
2090,Car Rad Tyres,1001,,101415,155/65R12 MILAZE   TL 71S,"2,670.00",5/1/2026,3/31/2027
2090,Car Rad Tyres,1001,,101416,135/70R12 MILAZE TL 65S,"2,197.00",5/1/2026,3/31/2027
2060,LM Rad Tyres,1001,,101418,145R12 MILAZE LT TL 8PR,"2,127.00",4/1/2026,3/31/2027
2150,Tractor Rear,1001,,101419,16.9-28 SAMRAAT PLUS ALT TT 12PR,"19,501.00",4/1/2026,3/31/2027
2030,LCV Bias Tyres,1001,,101421,7.50-16 ROAD TUFF SUP  ALT  TT 12PR E4,"4,044.00",4/1/2026,3/31/2027
2170,ADV,1001,,101422,6.00-19 SAMRAAT TT 8PR,"2,658.00",4/1/2026,3/31/2027
2010,Truck Bias Tyres,1001,,101423,10.00-20 LUG XL PRO TT 16PR,"15,581.00",4/21/2026,3/31/2027
2010,Truck Bias Tyres,1001,,101424,10.00-20 MILE XL PRO TT 16PR,"14,931.00",4/21/2026,3/31/2027
2010,Truck Bias Tyres,1001,,101425,11.00-20 MILE XL ALT TT 18PR,"15,362.00",4/1/2026,3/31/2027
2090,Car Rad Tyres,1001,,101429,145/70R12 MILAZE TL 69T,"1,805.00",4/1/2026,3/31/2027
2010,Truck Bias Tyres,1001,,101430,9.00-20 RT SUPER TT 16PR,"9,534.00",4/1/2026,3/31/2027
2060,LM Rad Tyres,1001,,101433,155R13 MILAZE LT TL 8PR,"2,777.00",4/1/2026,3/31/2027
2090,Car Rad Tyres,1001,,101434,145/80R12 MILAZE TL 74T,"2,086.00",4/1/2026,3/31/2027
2030,LCV Bias Tyres,1001,,101435,7.50-16 MILE XL TT 14PR,"5,455.00",4/1/2026,3/31/2027
2090,Car Rad Tyres,1001,,101437,155/80R13 MILAZE TL 79T V1,"2,500.00",4/1/2026,3/31/2027
2120,MOTORCYCLE TT TYRE,1001,,101438,3.00-18 ZOOM  TT 52P,933.00,4/1/2026,3/31/2027
2200,Mining,1001,,101439,24.00-35 ROCK XL TL 48PR E4,"187,567.00",4/1/2026,3/31/2027
2120,MOTORCYCLE TT TYRE,1001,,101440,2.75-18 GRIPP TT 48P,877.00,4/1/2026,3/31/2027
2815,TRUCK RAD FLAPS,1001,,101441,FLAP 10.00R20 RADIAL ENDURA,389.00,4/1/2026,3/31/2027
2030,LCV Bias Tyres,1001,,101443,7.50-16 BULAND MILE XL TT 16PR,"7,731.00",4/1/2026,3/31/2027
2030,LCV Bias Tyres,1001,,101444,8.25-16 BULAND MILE XL TT 16PR,"9,155.00",4/1/2026,3/31/2027
2030,LCV Bias Tyres,1001,,101445,7.00-15 BULAND MILE XL 114/109J TT 12PR,"5,585.00",4/1/2026,3/31/2027
2030,LCV Bias Tyres,1001,,101446,7.00-16 BULAND MILE L LV 118/113J TT14PR,"6,388.00",4/1/2026,3/31/2027
2110,Scooter TT Tyres,1001,,101447,90/100-10 SECURA HI-S  TT 53J,611.00,4/1/2026,3/31/2027
2090,Car Rad Tyres,1001,,101448,145/70R13 MILAZE  TL 71T,"1,720.00",4/1/2026,3/31/2027
2100,UV Rad Tyres,1001,,101450,235/75R15RHINO TL_WO,"4,163.00",4/1/2026,3/31/2027
2010,Truck Bias Tyres,1001,,101451,10.00-20 MAXIMA P501  TT 16PR,"14,903.00",4/21/2026,3/31/2027
2010,Truck Bias Tyres,1001,,101452,10.00-20 MAXIMA P701  TT 18PR,"16,169.00",4/1/2026,3/31/2027
2010,Truck Bias Tyres,1001,,101453,9.00-20 MAXIMA P901  TT 16PR,"7,790.00",4/1/2026,3/31/2027
2210,Port,1001,,101454,18.00-25 SLICK 404 ALT TL 40PR IND,"110,914.00",4/1/2026,3/31/2027
2200,Mining,1001,,101455,11.00-20 ROCK XL TT 18PR,"18,058.00",4/1/2026,3/31/2027
2090,Car Rad Tyres,1001,,101456,165/65R14 MILAZE  TL 79T,"2,165.00",4/1/2026,3/31/2027
2010,Truck Bias Tyres,1001,,101457,8.25-20 MILE XL TT 16PR,"11,459.00",4/1/2026,3/31/2027
2010,Truck Bias Tyres,1001,,101458,10.00-20 RT SUPER  TT 16PR,"11,999.00",4/1/2026,3/31/2027
2126,Motorcycle Premium B,1001,,101459,110/90-17 GRIPP XL TT 60P,"1,587.00",5/1/2026,3/31/2027
2126,Motorcycle Premium B,1001,,101460,90/90-19 GRIPP XL TT 52P,"1,164.00",4/1/2026,3/31/2027
2610,MOTORCYCLE TUBE LOOS,1001,,101461,TUBE 110/90-17 LOOSE BR,193.00,4/1/2026,3/31/2027
2610,MOTORCYCLE TUBE LOOS,1001,,101462,TUBE 90/90-19 LOOSE BR,183.00,4/1/2026,3/31/2027
2540,LM BIAS TUBES LOOSE,1001,,101463,TUBE 5.00-10 LOOSE BR,172.00,4/1/2026,3/31/2027
2211,OTR Radial,1001,,101464,20.50R25 TRACK XLR 2 STAR ALT TL E3/L3,"86,107.00",4/1/2026,3/31/2027
2211,OTR Radial,1001,,101465,23.50R25 TRACK XLR 2 STAR ALT TL E3/L3,"113,905.00",4/1/2026,3/31/2027
2211,OTR Radial,1001,,101466,26.50R25 TRACK XLR 2 STAR ALT TL E3/L3,"152,426.00",4/1/2026,3/31/2027
2211,OTR Radial,1001,,101467,29.50R25 TRACK XLR 2 STAR TL E3/L3,"251,005.00",4/1/2026,3/31/2027
2211,OTR Radial,1001,,101468,24.00R35 TRACK XLR 2 STAR ALT TL E4,"451,358.00",4/1/2026,3/31/2027
2010,Truck Bias Tyres,1001,,101469,10.00-20 RT SUPER  TT 18PR,"11,999.00",4/1/2026,3/31/2027
2615,MOTORCYCLE TUBE PACK,1001,,101470,TUBE 100/90-17 PACKED BR V1,165.00,4/1/2026,3/31/2027
2520,LCV Bias Tubes,1001,,101471,TUBE 7.50-16 PACKED BR LV:TR77,475.00,4/1/2026,3/31/2027
2010,Truck Bias Tyres,1001,,101473,10.00-20 RD12  TT 16PR,"11,726.00",4/1/2026,3/31/2027
2122,MOTORCYCLE TL TYRE,1001,,101474,100/90-18 VERTIGO SPORT  TL 56P,"1,360.00",4/1/2026,3/31/2027
2150,Tractor Rear,1001,,101475,12.4-28 AAYUSHMAAN TT 12PR,"13,917.00",4/1/2026,3/31/2027
2140,Tractor Front,1001,,101476,6.00-16 AAYUSHMAAN TT 8PR,"3,245.00",4/1/2026,3/31/2027
2030,LCV Bias Tyres,1001,,101484,7.50-16 RIB XL TT 16PR E4,"5,508.00",4/1/2026,3/31/2027
2030,LCV Bias Tyres,1001,,101485,7.00-16 FM SUPER TT 14PR E4,"5,302.00",4/1/2026,3/31/2027
2150,Tractor Rear,1001,,101486,12.4-28 AAYUSHMAAN  TT 12PR R2,"15,102.00",4/1/2026,3/31/2027
2030,LCV Bias Tyres,1001,,101487,7.50-16 FMSUPER E4 124/120K TT 16PR,"6,295.00",4/1/2026,3/31/2027
2030,LCV Bias Tyres,1001,,101488,7.00-16 ROAD TUFF ALT TT 14PR E4,"5,355.00",4/1/2026,3/31/2027
2030,LCV Bias Tyres,1001,,101489,8.25-16 FLEET MASTER  TT 16PR E4,"6,507.00",4/1/2026,3/31/2027
2030,LCV Bias Tyres,1001,,101490,7.50-16 ROAD TUFF SUP ALT TT 16PR E4,"5,665.00",4/1/2026,3/31/2027
2030,LCV Bias Tyres,1001,,101492,8.25-16 STAMINA TT 16PR E4,"4,875.00",4/1/2026,3/31/2027
2120,MOTORCYCLE TT TYRE,1001,,101494,3.00-18 MILAZE  TT 52P,"1,044.00",4/1/2026,3/31/2027
2510,Truck Rad Tubes,1001,,101495,TUBE 9.00R20 LOOSE CB  PRO,"1,081.00",4/1/2026,3/31/2027
2510,Truck Rad Tubes,1001,,101496,TUBE 11.00R20 LOOSE CB  PRO,"1,288.00",4/1/2026,3/31/2027
2510,Truck Rad Tubes,1001,,101497,TUBE 12.00R24 LOOSE CB PRO,"1,798.00",4/1/2026,3/31/2027
2500,Truck Bias Tubes,1001,,101498,TUBE 8.25-20 LOOSE CB,710.00,4/1/2026,3/31/2027
2030,LCV Bias Tyres,1001,,101507,7.00-15 MILE XL  TT 10PR,"5,062.00",4/1/2026,3/31/2027
2030,LCV Bias Tyres,1001,,101509,8.25-16 STAMINA ALT  TT 16PR E4,"7,735.00",4/1/2026,3/31/2027
2510,Truck Rad Tubes,1001,,101510,"TUBE 10.00R20,295/90R20 LOOSE CB PRO","1,202.00",4/1/2026,3/31/2027
2015,Truck Rad Tyres,1001,,101511,1000R20 PRO R10 TT 16PR,"12,708.00",4/1/2026,3/31/2027
2015,Truck Rad Tyres,1001,,101512,10.00R20 NXG R1 TT 16PR,"14,062.00",4/1/2026,3/31/2027
2015,Truck Rad Tyres,1001,,101513,9.00R20 PRO R10 TT 16PR,"14,615.00",4/1/2026,3/31/2027
2015,Truck Rad Tyres,1001,,101514,9.00R20 NXG R1 TT 16PR,"14,695.00",4/1/2026,3/31/2027
2015,Truck Rad Tyres,1001,,101515,11.00R20 PRO B10   TT 16PR,"20,615.00",4/1/2026,3/31/2027
2015,Truck Rad Tyres,1001,,101516,11.00R20 NXG B1 TT 16PR,"19,975.00",4/1/2026,3/31/2027
2015,Truck Rad Tyres,1001,,101517,10.00R20 PRO B10 TT 16PR,"15,700.00",4/1/2026,3/31/2027
2015,Truck Rad Tyres,1001,,101518,10.00R20 NXG B1   TT 16PR,"15,308.00",4/1/2026,3/31/2027
2015,Truck Rad Tyres,1001,,101519,11.00R20 PRO R10 TT 16PR,"19,975.00",4/1/2026,3/31/2027
2015,Truck Rad Tyres,1001,,101520,11.00R20 NXG R1 TT 16PR,"14,863.00",4/1/2026,3/31/2027
2015,Truck Rad Tyres,1001,,101521,10.00R20 PRO S10   TT 16PR,"13,415.00",4/1/2026,3/31/2027
2015,Truck Rad Tyres,1001,,101522,10.00R20 NXG S1 TT 16PR,"14,828.00",4/1/2026,3/31/2027
2815,TRUCK RAD FLAPS,1001,,101524,FLAP 11.00R20  PRO,434.00,4/1/2026,3/31/2027
2015,Truck Rad Tyres,1001,,101525,315/80R22.5 NXG S1  TL 18PR,"18,948.00",4/1/2026,3/31/2027
2015,Truck Rad Tyres,1001,,101526,315/80R22.5 PRO S10 TL 18PR V1,"18,489.00",4/1/2026,3/31/2027
2015,Truck Rad Tyres,1001,,101527,385/65R22.5 NXG R1 TL 18PR,"26,611.00",4/1/2026,3/31/2027
2015,Truck Rad Tyres,1001,,101528,385/65R22.5 PRO R10 160K TL 18PR,"22,108.00",4/1/2026,3/31/2027
2015,Truck Rad Tyres,1001,,101529,11R22.5 NXG R1 TL 16PR,"17,820.00",4/1/2026,3/31/2027
2015,Truck Rad Tyres,1001,,101530,11R22.5 16PR PRO R10 TL,"17,820.00",4/1/2026,3/31/2027
2015,Truck Rad Tyres,1001,,101531,295/80R22.5 NXG R1 TL 16PR,"18,920.00",4/1/2026,3/31/2027
2015,Truck Rad Tyres,1001,,101532,295/80R22.5 PRO R10 TL 16PR,"19,232.00",4/1/2026,3/31/2027
2090,Car Rad Tyres,1001,,101533,145/80R12 MILAZE   TT 74T,"1,451.00",4/1/2026,3/31/2027
2090,Car Rad Tyres,1001,,101534,155/70R13 MILAZE   TT 75T,"2,335.00",4/1/2026,3/31/2027
2090,Car Rad Tyres,1001,,101535,145/70R13 MILAZE   TL 71T,"2,330.00",4/1/2026,3/31/2027
2090,Car Rad Tyres,1001,,101536,145/70R13 MILAZE   TT 71T,"2,330.00",4/1/2026,3/31/2027
2140,Tractor Front,1001,,101538,7.50-16 SAMRAAT ALT  TT 8PR,"4,794.00",4/1/2026,3/31/2027
2090,Car Rad Tyres,1001,,101539,145/80R13 MILAZE  TT 75T,"1,780.00",4/1/2026,3/31/2027
2090,Car Rad Tyres,1001,,101540,145/80R13 MILAZE   TL 75T,"2,235.00",4/1/2026,3/31/2027
2090,Car Rad Tyres,1001,,101541,165/65R13 MILAZE   TT 77T,"1,780.00",4/1/2026,3/31/2027
2090,Car Rad Tyres,1001,,101542,155/65R13 MILAZE   TL 73T,"1,770.00",4/1/2026,3/31/2027
2090,Car Rad Tyres,1001,,101544,165/80R14 MILAZE   TL 5SS,"1,905.00",4/1/2026,3/31/2027
2150,Tractor Rear,1001,,101545,14.9-28 SAMRAAT SUPER ALT TT 12PR,"18,683.00",4/1/2026,3/31/2027
2030,LCV Bias Tyres,1001,,101546,7.00-16 FM SLEEK  TT 14PR E4,"5,302.00",4/1/2026,3/31/2027
2120,MOTORCYCLE TT TYRE,1001,,101547,2.75-18 ZOOM F  TT 42P,847.00,4/1/2026,3/31/2027
2120,MOTORCYCLE TT TYRE,1001,,101548,2.75-18 ZOOM  TT 48P,989.00,4/1/2026,3/31/2027
2090,Car Rad Tyres,1001,,101549,155/70R13 MILAZE TL 75T,"2,505.00",4/1/2026,3/31/2027
2030,LCV Bias Tyres,1001,,101550,7.50-16 MILE XL ALT  TT 16PR E4,"5,431.00",4/1/2026,3/31/2027
2200,Mining,1001,,101551,12.00-24 TRAC XL TT 20PR,"22,415.00",4/1/2026,3/31/2027
2030,LCV Bias Tyres,1001,,101552,8.25-16 FM ALT TT 16PR E4,"7,540.00",4/1/2026,3/31/2027
2545,LM Bias Tubes Packed,1001,,101553,TUBE 4.50-10 PACKED BR V2,170.00,4/1/2026,3/31/2027
2640,Tractor Rear Tubes,1001,,101563,TUBE 12.4-28 CB LOOSE,"1,362.00",4/1/2026,3/31/2027
2030,LCV Bias Tyres,1001,,101564,6.50-14 RIB XL ALT  TT 10PR E4,"3,422.00",4/1/2026,3/31/2027
2030,LCV Bias Tyres,1001,,101567,7.50-16 RIB XL ALT TT 16PR E4,"6,206.00",4/1/2026,3/31/2027
2030,LCV Bias Tyres,1001,,101568,7.50-16 UT969 TT 16PR E4,"6,596.00",4/1/2026,3/31/2027
2090,Car Rad Tyres,1001,,101570,165/65R13 MILAZE   TL 77T,"1,930.00",4/1/2026,3/31/2027
2030,LCV Bias Tyres,1001,,101571,7.00-16 UT777 TT 14PR E4,"5,871.00",4/1/2026,3/31/2027
2030,LCV Bias Tyres,1001,,101572,8.25-16 UT777 TT 16PR E4,"6,874.00",4/1/2026,3/31/2027
2050,LM Bias Tyres,1001,,101573,5.00-10 ANMOL RIB  TT 8PR,"1,486.00",4/1/2026,3/31/2027
2010,Truck Bias Tyres,1001,,101575,10.00-20 RD PRO TT 18PR,"13,953.00",4/27/2026,3/31/2027
2030,LCV Bias Tyres,1001,,101577,7.50-16 UT777 TT 16PR E4,"6,409.00",4/1/2026,3/31/2027
2030,LCV Bias Tyres,1001,,101578,8.25-16 UT969 TT 16PR E4,"7,047.00",4/1/2026,3/31/2027
2090,Car Rad Tyres,1001,,101579,195/65R15 THETA   TL 91H,"3,490.00",4/1/2026,3/31/2027
2200,Mining,1001,,101580,14.00-24 SLICK404 CUTRES ALT TT 28PR L5S,"65,239.00",4/1/2026,3/31/2027
2090,Car Rad Tyres,1001,,101581,175/70R13 MILAZE   TL 82T,"2,480.00",4/1/2026,3/31/2027
2211,OTR Radial,1001,,101582,16.00R25 TRACK XLR ALT TL,"100,031.00",4/1/2026,3/31/2027
2010,Truck Bias Tyres,1001,,101583,10.00-20 MILE XL RIB PRO TT 16PR,"13,520.00",4/21/2026,3/31/2027
2090,Car Rad Tyres,1001,,101584,175/65R14 MILAZE   TL 82T,"3,390.00",4/1/2026,3/31/2027
2060,LM Rad Tyres,1001,,101586,155R13 MILAZE LT TL 8PR,"2,918.00",4/21/2026,3/31/2027
2090,Car Rad Tyres,1001,,101587,165/65R14 MILAZE   TL 79T,"2,150.00",4/1/2026,3/31/2027
2150,Tractor Rear,1001,,101594,13.6-28 AAYUSHMAAN TT 12PR,"16,732.00",4/1/2026,3/31/2027
2112,Scooter TL Tyres,1001,,101595,90/100-10 SECURA HI  TL 53J,553.00,4/1/2026,3/31/2027
2060,LM Rad Tyres,1001,,101596,185R14C MILAZE LT TL 8PR,"3,929.00",4/21/2026,3/31/2027
2040,LCV Rad Tyres,1001,,101597,195R14C MILAZE LT TL 8PR,"3,867.00",4/1/2026,3/31/2027
2040,LCV Rad Tyres,1001,,101598,195R15 MILAZE LT TL 8PR,"2,789.00",4/1/2026,3/31/2027
2100,UV Rad Tyres,1001,,101599,195/70R14 RHINO  TL 95S,"3,036.00",4/1/2026,3/31/2027
2100,UV Rad Tyres,1001,,101600,215/75R15 F1 STEEL BT  TL 100S,"4,867.00",5/1/2026,3/31/2027
2100,UV Rad Tyres,1001,,101601,185/85R16 RHINO  TL 105Q,"3,300.00",4/1/2026,3/31/2027
2030,LCV Bias Tyres,1001,,101602,8.25-16 BULAND MILE XL RIB  TT 16PR,"8,165.00",4/1/2026,3/31/2027
2680,OTR Tubes,1001,,101603,TUBE 23.5-25 BR LOOSE,"4,449.00",4/1/2026,3/31/2027
2690,BHL Tubes,1001,,101604,TUBE 12.5/80-18 BR 0,992.00,4/1/2026,3/31/2027
2040,LCV Rad Tyres,1001,,101605,185R14C MILAZE LT ALT  TL 8PR,"2,475.00",4/1/2026,3/31/2027
2040,LCV Rad Tyres,1001,,101606,195R14C MILAZE LT ALT  TL 8PR,"2,700.00",4/1/2026,3/31/2027
2040,LCV Rad Tyres,1001,,101607,195R15 MILAZE LT ALT TL 8PR,"2,475.00",4/1/2026,3/31/2027
2090,Car Rad Tyres,1001,,101608,185/60R14 MILAZE   TL 82H,"2,740.00",4/1/2026,3/31/2027
2090,Car Rad Tyres,1001,,101609,185/65R14 MILAZE   TL 86T,"2,495.00",4/1/2026,3/31/2027
2090,Car Rad Tyres,1001,,101610,185/70R14 MILAZE TL 88T,"2,425.00",4/1/2026,3/31/2027
2150,Tractor Rear,1001,,101611,16.9-28 AAYUSHMANN TT 12PR,"23,275.00",4/1/2026,3/31/2027
2090,Car Rad Tyres,1001,,101613,205/65R15 RHINO  TL 94H,"3,581.00",4/1/2026,3/31/2027
2100,UV Rad Tyres,1001,,101614,235/75R15 RHINO TL 105S,"4,160.00",4/1/2026,3/31/2027
2090,Car Rad Tyres,1001,,101615,175/65R15 MILAZE   TL 84T,"2,790.00",4/1/2026,3/31/2027
2640,Tractor Rear Tubes,1001,,101616,TUBE 12.4-24 BR LOOSE,"1,382.00",4/1/2026,3/31/2027
2640,Tractor Rear Tubes,1001,,101617,TUBE 13.6-28 BR PACKED,"1,481.00",4/1/2026,3/31/2027
2050,LM Bias Tyres,1001,,101620,165D13 ANMOL RIB  TT 8PR,"2,209.00",4/1/2026,3/31/2027
2050,LM Bias Tyres,1001,,101633,165D12 ANMOL RIB  TT 8PR,"2,020.00",4/1/2026,3/31/2027
2570,UV Bias Tubes Loose,1001,,101637,TUBE F78-15 LOOSE BR V1,276.00,4/1/2026,3/31/2027
2240,MPT,1001,,101638,405/70-20 MPT 602 TL 14PR,"12,261.47",4/1/2026,3/31/2027
2240,MPT,1001,,101639,405/70-24 MPT 602 TL 14PR,"16,136.00",4/1/2026,3/31/2027
2200,Mining,1001,,101640,14.00-24 SLICK 404 CUT RES TT 28PR L5S,"65,239.00",4/1/2026,3/31/2027
2520,LCV Bias Tubes,1001,,101641,TUBE 7.00-15 LOOSE CB,363.00,4/1/2026,3/31/2027
2520,LCV Bias Tubes,1001,,101642,TUBE 6.50-16 LOOSE CB SV:TR15,399.00,4/1/2026,3/31/2027
2015,Truck Rad Tyres,1001,,101643,12.00R24 PRO R10   TT 20PR,"11,604.00",4/1/2026,3/31/2027
2015,Truck Rad Tyres,1001,,101644,12.00R24 NXG S1   TT 20PR,"15,231.00",4/1/2026,3/31/2027
2540,LM BIAS TUBES LOOSE,1001,,101645,TUBE 165/80-12 LOOSE BR,214.00,4/1/2026,3/31/2027
2540,LM BIAS TUBES LOOSE,1001,,101646,TUBE 165/80-13 LOOSE BR,240.00,4/1/2026,3/31/2027
2150,Tractor Rear,1001,,101647,9.5-24 ALTURA ALT  TT 8PR,"7,750.00",4/1/2026,3/31/2027
2270,Hvy Tractor Rear,1001,,101648,16.9-30 SAMRAAT ALT TT 12PR,"23,068.00",4/1/2026,3/31/2027
2010,Truck Bias Tyres,1001,,101649,8.25-20 MILE XL RIB  TT 16PR,"9,462.00",4/1/2026,3/31/2027
2640,Tractor Rear Tubes,1001,,101650,TUBE 12.40-28 BR PACKED V2,"1,362.00",4/1/2026,3/31/2027
2640,Tractor Rear Tubes,1001,,101652,TUBE 14.9-28 BR PACKED,"1,621.00",4/1/2026,3/31/2027
2640,Tractor Rear Tubes,1001,,101653,TUBE 16.9-28 BR PACKED V1,"2,163.00",4/1/2026,3/31/2027
2710,Hvy Tractor Rear Tub,1001,,101654,TUBE 18.4-30 BR PACKED V1,"3,316.00",4/1/2026,3/31/2027
2725,Compactor Tubes,1001,,101655,TUBE 23.1-26 BR LOOSE,"4,080.00",4/1/2026,3/31/2027
2100,UV Rad Tyres,1001,,101656,215/75R15 RHINO  TT 100S,"3,808.00",4/1/2026,3/31/2027
2100,UV Rad Tyres,1001,,101657,215/75R15 CZAR AT  TL 100S,"4,690.00",4/1/2026,3/31/2027
2200,Mining,1001,,101658,18.00-25 SLICK404 CUT RES ALT TL 28PR L5,"120,109.00",4/1/2026,3/31/2027
2100,UV Rad Tyres,1001,,101666,195/70R14 RHINO  TT 95S,"3,030.00",4/1/2026,3/31/2027
2100,UV Rad Tyres,1001,,101667,215/75R15 F1 STEEL BT  TT 100S V1,"5,185.00",4/1/2026,3/31/2027
2030,LCV Bias Tyres,1001,,101668,7.00-16 BULAND MILE XL RIB LV  TT 14PR,"5,809.00",4/21/2026,3/31/2027
2030,LCV Bias Tyres,1001,,101669,7.00-15 BULAND MILE XL RIB  TT 10PR,"4,886.00",4/1/2026,3/31/2027
2200,Mining,1001,,101671,24.00-35 ROCK XL ALT TL 48PR,"187,567.00",4/1/2026,3/31/2027
2120,MOTORCYCLE TT TYRE,1001,,101672,2.75-18 MILAZE TT 48P,954.00,4/1/2026,3/31/2027
2120,MOTORCYCLE TT TYRE,1001,,101673,3.00-17 MILAZE TT 50P,"1,027.00",4/1/2026,3/31/2027
2210,Port,1001,,101676,21.00-35 PORT PRO TX TL 40PR IND3,"159,616.00",4/1/2026,3/31/2027
2010,Truck Bias Tyres,1001,,101677,11.00-20 MILE XL RIB TT 16PR,"16,589.00",4/21/2026,3/31/2027
2010,Truck Bias Tyres,1001,,101678,9.00-20 MILE XL RIB  TT 16PR,"11,217.00",4/1/2026,3/31/2027
2210,Port,1001,,101679,21.00-35 PORT PRO TX ALT TL 40PR IND3,"163,695.00",4/1/2026,3/31/2027
2140,Tractor Front,1001,,101681,7.50-16 SAMRAAT   TT 12PR,"4,794.00",4/1/2026,3/31/2027
2100,UV Rad Tyres,1001,,101682,205/65R15 RHINO  TL 94S,"4,139.00",4/1/2026,3/31/2027
2126,Motorcycle Premium B,1001,,101683,100/90-17 ZOOM TL 55P,"1,354.00",4/1/2026,3/31/2027
2100,UV Rad Tyres,1001,,101685,215/75R15 F1 STEEL BT LT TT 115/113S,"5,185.00",4/1/2026,3/31/2027
2545,LM Bias Tubes Packed,1001,,101687,TUBE 4.50-10 PACKED BR V4,161.00,4/1/2026,3/31/2027
2670,Tractor Trailer Tube,1001,,101688,TUBE 9.00-16 BR LOOSE CATERPILLAR,776.00,4/1/2026,3/31/2027
2210,Port,1001,,101691,12.00-24 PORT PRO RX TT 20PR IND4,"27,899.00",4/1/2026,3/31/2027
2250,BHL,1001,,101692,19.5 L-24 TYROCK 80 TT 12 PR,"20,469.00",4/1/2026,3/31/2027
2500,Truck Bias Tubes,1001,,101693,TUBE 12.00-20 LOOSE BR KAMAS V,"1,364.00",4/1/2026,3/31/2027
2100,UV Rad Tyres,1001,,101694,235/75R15 RHINO  TT 105S,"4,359.00",4/1/2026,3/31/2027
2600,Scooter Tubes Loose,1001,,101696,TUBE 3.50-10 LOOSE BR,151.00,4/1/2026,3/31/2027
2270,Hvy Tractor Rear,1001,,101697,18.4-30 AAYUSHMAAN  TT 14PR,"28,867.00",4/1/2026,3/31/2027
2030,LCV Bias Tyres,1001,,101698,7.00-16 BULAND MILE XL ALT  TT 14PR,"6,729.00",4/21/2026,3/31/2027
2090,Car Rad Tyres,1001,,101700,185/60R14 THETA HL1  TL 82H,"2,953.00",4/1/2026,3/31/2027
2015,Truck Rad Tyres,1001,,101701,9.00R20 PRO R10  TT 14PR,"14,695.00",4/1/2026,3/31/2027
2200,Mining,1001,,101702,18.00-25 SLICK 404 TL 32PR CR L5S,"130,220.00",4/1/2026,3/31/2027
2620,3-WH TUBE PACKED,1001,,101703,TUBE 4.00-8 LOOSE BR,146.00,4/1/2026,3/31/2027
2010,Truck Bias Tyres,1001,,101704,12.00-20 SCH 12  TT 18PR,"17,977.00",4/21/2026,3/31/2027
2015,Truck Rad Tyres,1001,,101705,12R22.5 PRO R10 TL 16PR 152/148 M,"13,873.00",4/1/2026,3/31/2027
2015,Truck Rad Tyres,1001,,101706,12R22.5 NXG R1 TL 16PR,"16,020.00",4/1/2026,3/31/2027
2060,LM Rad Tyres,1001,,101707,185R14 C MILAZE LT  TT 8PR,"3,670.00",4/1/2026,3/31/2027
2210,Port,1001,,101708,18.00-33 PORT PRO SLICK TL 40PR L4S,"135,261.00",4/1/2026,3/31/2027
2150,Tractor Rear,1001,,101709,14.9-28 AAYUSHMAAN TT 12PR,"19,040.00",4/1/2026,3/31/2027
2120,MOTORCYCLE TT TYRE,1001,,101710,100/90-18 ZOOM  TT 56P,"1,152.00",4/1/2026,3/31/2027
2100,UV Rad Tyres,1001,,101711,235/70R16 CZAR HT  TL 100S,"4,865.00",4/1/2026,3/31/2027
2100,UV Rad Tyres,1001,,101712,245/70R16 CZAR AT TL 111S,"6,400.00",4/1/2026,3/31/2027
2545,LM Bias Tubes Packed,1001,,101713,TUBE 155/80D12 PACKED BR V1,199.00,4/1/2026,3/31/2027
2220,Compactor,1001,,101714,23.1-26 C305 TL 8PR R3,"37,809.00",4/1/2026,3/31/2027
2100,UV Rad Tyres,1001,,101715,205/65R15 CZAR HT1  TL 94S,"4,065.00",4/1/2026,3/31/2027
2100,UV Rad Tyres,1001,,101716,215/75R15 CZAR HT TL 100S,"5,075.00",4/1/2026,3/31/2027
2100,UV Rad Tyres,1001,,101717,205/65R15 GRIPP LN TL 94V,"4,472.00",4/1/2026,3/31/2027
2090,Car Rad Tyres,1001,,101718,215/60R16 GRIPP LN  TL 95V,"4,778.00",4/1/2026,3/31/2027
2090,Car Rad Tyres,1001,,101719,145/80R12 MILAZE   TL 74T V1,"1,683.00",4/1/2026,3/31/2027
2545,LM Bias Tubes Packed,1001,,101721,TUBE 5.00-10 PACKED BR,200.00,4/1/2026,3/31/2027
2110,Scooter TT Tyres,1001,,101722,3.50-10 GRIPP  TT 51J O,648.00,4/1/2026,3/31/2027
2610,MOTORCYCLE TUBE LOOS,1001,,101723,"TUBE 2.25-16,2.50-16 LOOSE BR V1",112.00,4/1/2026,3/31/2027
2615,MOTORCYCLE TUBE PACK,1001,,101724,"TUBE 100/90-18,110/90-18 PACKED BR",178.00,4/1/2026,3/31/2027
2600,Scooter Tubes Loose,1001,,101725,TUBE 3.00-10 LOOSE BR,138.00,4/1/2026,3/31/2027
2295,Solid Tyres,1001,,101726,1000 X 20/8 S1 TO ROCK XL S,"38,082.00",4/1/2026,3/31/2027
2295,Solid Tyres,1001,,101728,500 X 8/3.00 S1 TO ROCK XL S,"4,769.00",4/28/2025,9/30/2025
2295,Solid Tyres,1001,,101729,6.00-9/4.00 S1 TO ROCK XL S,"5,837.00",4/1/2026,3/31/2027
2295,Solid Tyres,1001,,101730,6.50-10/5.00  S1 to Rock XL S,"7,503.00",4/1/2026,3/31/2027
2295,Solid Tyres,1001,,101731,7.00-12 / 5.00 S1 TO ROCK XL S,"9,352.00",4/1/2026,3/31/2027
2295,Solid Tyres,1001,,101733,28 X 9 15/7.00 S1 TO ROCK XL S,"11,709.00",4/1/2026,3/31/2027
2585,Car Rad Tubes Packed,1001,,101735,TUBE 175/65R14 PACKED BR V1,335.00,4/1/2026,3/31/2027
2015,Truck Rad Tyres,1001,,101742,275/80R22.5 PRO R10 TL 16PR 149/146 L,"14,140.00",4/1/2026,3/31/2027
2015,Truck Rad Tyres,1001,,101743,275/80R22.5 NXG R1 TL 16PR,"14,140.00",4/1/2026,3/31/2027
2015,Truck Rad Tyres,1001,,101744,295/80R22.5 PRO B10  TL 16PR,"21,200.00",4/1/2026,3/31/2027
2015,Truck Rad Tyres,1001,,101745,295/80R22.5 NXG B1 TL 16PR,"18,920.00",4/1/2026,3/31/2027
2095,PCUV 17 PLUS,1001,,101749,225/45R17 THETA WP1  TT,"5,892.00",4/1/2026,3/31/2027
2210,Port,1001,,101750,18.00-25 PORT PRO RX IND-4 40PR TL,"107,840.00",4/1/2026,3/31/2027
2050,LM Bias Tyres,1001,,101751,4.50-10 MILE XL RIB  TT 8PR,"1,477.00",4/1/2026,3/31/2027
2615,MOTORCYCLE TUBE PACK,1001,,101756,TUBE 3.00-19 PACKED BR,165.00,4/1/2026,3/31/2027
2110,Scooter TT Tyres,1001,,101757,90/100-10 SECURA NEO  TT 53J,758.00,4/1/2026,3/31/2027
2545,LM Bias Tubes Packed,1001,,101758,TUBE 165/80D13 PACKED BR,260.00,5/1/2026,3/31/2027
2545,LM Bias Tubes Packed,1001,,101759,TUBE 165/80D12 PACKED BR,235.00,5/1/2026,3/31/2027
2010,Truck Bias Tyres,1001,,101760,11.00-22 RAMA II   TT 16PR INMET,"12,444.00",4/1/2026,3/31/2027
2010,Truck Bias Tyres,1001,,101761,10.00-20 MAXIMA P702  TT 18PR,"12,214.00",4/1/2026,3/31/2027
2010,Truck Bias Tyres,1001,,101762,8.25-20 MAXIMA P801  TT 16PR,"9,086.00",4/1/2026,3/31/2027
2010,Truck Bias Tyres,1001,,101763,8.25-20 MAXIMA P802  TT 16PR,"7,368.00",4/1/2026,3/31/2027
2010,Truck Bias Tyres,1001,,101764,10.00-20 KAAR KARRIER  TT 16PR,"11,100.00",4/1/2026,3/31/2027
2015,Truck Rad Tyres,1001,,101766,10.00R20 PRO B12   TT 16PR,"13,644.00",4/1/2026,3/31/2027
2090,Car Rad Tyres,1001,,101767,155/80R13 MILAZE   TL 79T,"1,755.00",4/1/2026,3/31/2027
2090,Car Rad Tyres,1001,,101768,165/80R14 MILAZE  TL 85S,"2,145.00",4/1/2026,3/31/2027
2090,Car Rad Tyres,1001,,101769,155/65R14 MILAZE   TL 75T,"2,175.00",4/1/2026,3/31/2027
2210,Port,1001,,101770,18.00-25 PORT PRO TX TL 40PR IND3,"83,142.00",4/1/2026,3/31/2027
2210,Port,1001,,101771,21.00-25 PORT PRO TX TL 40PR IND3,"127,970.00",4/1/2026,3/31/2027
2050,LM Bias Tyres,1001,,101773,5.00-12 ANMOL SL  TT 10PR,"1,538.00",4/1/2026,3/31/2027
2230,Flotation Bias,1001,,101774,480/45-17 FLOTATION PLUS ALT TL 16PR,"10,232.00",4/1/2026,3/31/2027
2230,Flotation Bias,1001,,101775,500/50-17 FLOATATION PLUS TL 14PR,"12,008.00",4/1/2026,3/31/2027
2130,3-Wheeler Tyres,1001,,101776,4.00-8 BULAND TT 76E 6PR,996.00,4/21/2026,3/31/2027
2230,Flotation Bias,1001,,101778,700/50-26.5 FLOTATION T422 TL 16PR HS,"28,931.00",4/1/2026,3/31/2027
2700,Forklift Tubes,1001,,101779,"TUBE 6.50-10 BR LONG, BENT VALVE STEM",214.79,4/1/2026,3/31/2027
2090,Car Rad Tyres,1001,,101780,165/80R14 MILAZE 1  TL 85S,"1,905.00",4/1/2026,3/31/2027
2050,LM Bias Tyres,1001,,101781,165D12 MILE XL  TT 8PR,"2,111.00",4/1/2026,3/31/2027
2050,LM Bias Tyres,1001,,101782,165D14 MILE XL RIB  TT 8PR,"2,247.00",4/1/2026,3/31/2027
2110,Scooter TT Tyres,1001,,101783,3.50-10 ZOOM D  TT 51J,663.00,4/1/2026,3/31/2027
2110,Scooter TT Tyres,1001,,101784,90/100-10 ZOOM D  TT 53J,920.00,5/1/2026,3/31/2027
2115,E-Rickshaw Tyres,1001,,101785,90/90-12 SECURA NEO  TT 54J,730.00,4/1/2026,3/31/2027
2150,Tractor Rear,1001,,101790,11.2-24 AAYUSHMAAN TT 8PR,"10,184.00",4/1/2026,3/31/2027
2100,UV Rad Tyres,1001,,101791,185/85R16 CZAR HT1 LT  TT 105Q,"3,355.00",4/1/2026,3/31/2027
2100,UV Rad Tyres,1001,,101792,215/75R15 F1 STEEL BT LT  TL 115/113S  V,"5,185.00",4/1/2026,3/31/2027
2126,Motorcycle Premium B,1001,,101793,100/90-17 GRIPP TT 55P,"1,435.00",4/1/2026,3/31/2027
2120,MOTORCYCLE TT TYRE,1001,,101794,100/90-18 GRIPP TT 56P,"1,476.00",4/1/2026,3/31/2027
2112,Scooter TL Tyres,1001,,101795,3.50-10 ZOOM D  TL 51J,886.00,4/1/2026,3/31/2027
2112,Scooter TL Tyres,1001,,101796,90/100-10 SECURA ZOOM D  TL 53J,862.00,4/1/2026,3/31/2027
2140,Tractor Front,1001,,101797,6.50-20 AAYUSHMAAN TT 8PR,"4,737.00",4/1/2026,3/31/2027
2030,LCV Bias Tyres,1001,,101798,7.50-16 FM SUPER DF  TT 12PR,"5,376.00",4/1/2026,3/31/2027
2126,Motorcycle Premium B,1001,,101803,90/90-17 ZOOM F  TL 49P,"1,262.00",5/1/2026,3/31/2027
2540,LM BIAS TUBES LOOSE,1001,,101804,TUBE 165/80-14 LOOSE BR,250.00,4/1/2026,3/31/2027
2015,Truck Rad Tyres,1001,,101805,10.00R20 PRO C10  TT 16PR,"13,895.00",4/1/2026,3/31/2027
2120,MOTORCYCLE TT TYRE,1001,,101806,2.75-17 ZOOM F  TT 41P,709.00,4/1/2026,3/31/2027
2295,Solid Tyres,1001,,101807,300 X 15/8.00 ROCK XL S,"22,024.00",4/1/2026,3/31/2027
2295,Solid Tyres,1001,,101809,250 - 15/7.00 ROCK XL S,"17,072.00",4/1/2026,3/31/2027
2295,Solid Tyres,1001,,101812,18 X 7 - 8/4.33 ROCK XL S,"4,682.00",4/1/2026,3/31/2027
2150,Tractor Rear,1001,,101813,8.00-18 AAYUSHMAAN TT 4PR,"4,924.00",4/1/2026,3/31/2027
2660,ADV Tubes,1001,,101814,TUBE 7.00-19 BR PACKED V1,420.00,4/1/2026,3/31/2027
2600,Scooter Tubes Loose,1001,,101815,TUBE 90/90-12 LOOSE BR,154.00,4/1/2026,3/31/2027
2110,Scooter TT Tyres,1001,,101816,90/100-10 GRIPP  TT 53J O,650.00,4/1/2026,3/31/2027
2140,Tractor Front,1001,,101819,5.20-14 AAYUSHMAAN  TT 6PR,"2,644.00",4/1/2026,3/31/2027
2640,Tractor Rear Tubes,1001,,101820,TUBE 11.2-24 LOOSE,"1,192.28",4/1/2026,3/31/2027
2810,TRUCK BIAS FLAPS,1001,,101821,FLAP 10.00-20 20N EPDM,364.00,4/1/2026,3/31/2027
2126,Motorcycle Premium B,1001,,101824,140/70-17 ZOOM XL TL 66H,"2,171.00",5/1/2026,3/31/2027
2050,LM Bias Tyres,1001,,101825,165D13 MILE XL  TT 8PR,"2,212.00",4/1/2026,3/31/2027
2050,LM Bias Tyres,1001,,101826,165D14 MILE XL  TT 8PR,"2,361.00",4/1/2026,3/31/2027
2010,Truck Bias Tyres,1001,,101827,10.00-20 HCL SUPER HL+HD TT 16PR,"11,948.00",4/1/2026,3/31/2027
2010,Truck Bias Tyres,1001,,101828,10.00-20 FM SUPER+HD  TT 16PR,"13,601.00",4/21/2026,3/31/2027
2640,Tractor Rear Tubes,1001,,101833,TUBE 8.00-18 BR LOOSE,623.00,4/1/2026,3/31/2027
2295,Solid Tyres,1001,,101838,18X7-8/4.33 ROCK XL S LIP,"4,906.00",4/1/2026,3/31/2027
2295,Solid Tyres,1001,,101839,21X8-9/6.00 ROCK XL S LIP,"8,942.00",4/1/2026,3/31/2027
2295,Solid Tyres,1001,,101841,27X10-12/8.00 ROCK XL S LIP,"15,500.00",4/1/2026,3/31/2027
2295,Solid Tyres,1001,,101842,6.00X9/4.00 ROCK XL S LIP,"9,724.00",9/4/2025,9/28/2025
2295,Solid Tyres,1001,,101843,6.50X10/5.00 ROCK XL S LIP,"7,716.00",4/1/2026,3/31/2027
2295,Solid Tyres,1001,,101844,7.00X12/5.00 ROCK XL S LIP,"12,823.00",9/4/2025,9/28/2025
2295,Solid Tyres,1001,,101849,23X9-10/6.50 ROCK XL S,"11,237.00",4/1/2026,3/31/2027
2120,MOTORCYCLE TT TYRE,1001,,101850,2.50-16 GRIPP   TT 41P,588.00,4/1/2026,3/31/2027
2120,MOTORCYCLE TT TYRE,1001,,101851,3.25-19 GRIPP   TT 54P,"1,058.00",4/1/2026,3/31/2027
2120,MOTORCYCLE TT TYRE,1001,,101852,3.50-19 GRIPP   TT 63P,"1,145.00",4/1/2026,3/31/2027
2015,Truck Rad Tyres,1001,,101855,315/70R22.5 PRO B10  TL 16PR,"17,800.00",4/1/2026,3/31/2027
2015,Truck Rad Tyres,1001,,101856,315/70R22.5 NXG B1  TL 16PR,"9,827.00",4/1/2026,3/31/2027
2010,Truck Bias Tyres,1001,,101857,10.00-20 FM78+HD  TT 16PR,"12,513.00",4/1/2026,3/31/2027
2010,Truck Bias Tyres,1001,,101858,10.00-20 MILE XL RIB+HD  TT 16PR,"11,253.00",4/1/2026,3/31/2027
2120,MOTORCYCLE TT TYRE,1001,,101859,2.50-16 SECURA F85  TT 41L,482.00,5/1/2026,3/31/2027
2180,Tractor Trailer,1001,,101860,9.00-16 SAMRAAT TURBO LUG  TT 18PR,"8,404.00",4/1/2026,3/31/2027
2295,Solid Tyres,1001,,101862,900 X 20 / 7.50 ROCK XL S,"34,295.00",4/1/2026,3/31/2027
2295,Solid Tyres,1001,,101865,16 X 6 - 8 / 4.33 ROCK XL S,"3,676.00",4/1/2026,3/31/2027
2295,Solid Tyres,1001,,101867,825 X 15 / 6.50 ROCK XL S,"17,198.00",4/1/2026,3/31/2027
2040,LCV Rad Tyres,1001,,101897,8.25R16 LXL  S21 TT 16PR,"7,748.00",4/1/2026,3/31/2027
2010,Truck Bias Tyres,1001,,101899,10.00-20 MILE XL SL  TT 16PR,"11,690.00",4/1/2026,3/31/2027
2110,Scooter TT Tyres,1001,,101902,3.00-10 ZOOM D  TT 42J,689.00,4/1/2026,3/31/2027
2110,Scooter TT Tyres,1001,,101903,100/90-10 GRIPP  TT 56J O,840.00,4/1/2026,3/31/2027
2095,PCUV 17 PLUS,1001,,101904,235/55R17 GRIPP LN  TL 99W,"8,717.00",4/1/2026,3/31/2027
2211,OTR Radial,1001,,101905,24.00R35 ROCK XLR11 2 STAR ALT TL E4,"353,107.00",4/1/2026,3/31/2027
2211,OTR Radial,1001,,101906,21.00R35 ROCK XLR11 2 STAR ALT TL E4,"296,536.00",4/1/2026,3/31/2027
2211,OTR Radial,1001,,101907,18.00R33 ROCK XLR11 2 STAR ALT TL E4,"174,220.00",4/1/2026,3/31/2027
2211,OTR Radial,1001,,101908,29.50R25 TRAC XLR11 2 STAR ALT TL E3/L3,"220,345.00",4/1/2026,3/31/2027
2211,OTR Radial,1001,,101909,29.50R25 TRAC XLR21 2 STAR ALT TL E4,"290,325.00",4/1/2026,3/31/2027
2211,OTR Radial,1001,,101910,29.50R25 ROCK XLR21 2 STAR ALT TL L5,"282,548.00",4/1/2026,3/31/2027
2211,OTR Radial,1001,,101911,26.50R25 TRAC XLR11 2 STAR TL E3/L3,"163,547.00",4/1/2026,3/31/2027
2211,OTR Radial,1001,,101912,26.50R25 TRAC XLR21 2 STAR ALT TL E4,"215,162.00",4/1/2026,3/31/2027
2211,OTR Radial,1001,,101913,26.50R25 ROCK XLR21 2 STAR ALT TL L5,"224,787.00",4/1/2026,3/31/2027
2211,OTR Radial,1001,,101914,23.5R25 TRAC XLR11 2 STAR ALT TL E3/L3,"129,148.00",4/1/2026,3/31/2027
2211,OTR Radial,1001,,101915,23.50R25 ROCK XLR21 2 STAR ALT TL L5,"161,482.00",4/1/2026,3/31/2027
2211,OTR Radial,1001,,101916,20.50R25 TRAC XLR11 2 STAR TL E3/L3,"88,418.00",4/1/2026,3/31/2027
2211,OTR Radial,1001,,101917,17.50R25 TRAC XLR11 2 STAR TL E3/L3,"54,937.00",4/1/2026,3/31/2027
2211,OTR Radial,1001,,101918,16.00R25 LXLM31 3 STAR ALT TL E2,"82,693.00",4/1/2026,3/31/2027
2211,OTR Radial,1001,,101919,16.00R24 TRAC XLR31 2 STAR ALT TL G2,"72,800.00",4/1/2026,3/31/2027
2211,OTR Radial,1001,,101920,14.00R24 TRAC XLR31 2 STAR ALT TL G2,"52,186.00",4/1/2026,3/31/2027
2211,OTR Radial,1001,,101921,18.00R25 PORT PROXLR11 2STAR ALT TL IND4,"183,031.00",4/1/2026,3/31/2027
2122,MOTORCYCLE TL TYRE,1001,,101922,80/100-18 SECURA ZOOM F  TL 47P,"1,156.00",5/1/2026,3/31/2027
2120,MOTORCYCLE TT TYRE,1001,,101923,120/80-18 VERTIGO RAGE  TT 62P O,"1,612.00",4/1/2026,3/31/2027
2126,Motorcycle Premium B,1001,,101924,90/90-17 SECURA ZOOM F TL 49P,"1,262.00",5/1/2026,3/31/2027
2010,Truck Bias Tyres,1001,,101933,9.00-20 FM SUPER  TT 16PR DOM,"12,078.00",4/21/2026,3/31/2027
2010,Truck Bias Tyres,1001,,101934,9.00-20 FM SUPER  TT 14PR DOM,"11,839.00",4/21/2026,3/31/2027
2060,LM Rad Tyres,1001,,101936,145R12 MILAZE LT  TL 8PR V1,"2,105.00",4/1/2026,3/31/2027
2090,Car Rad Tyres,1001,,101937,205/55R16 GRIPP LN TL 91V,"5,075.00",4/1/2026,3/31/2027
2090,Car Rad Tyres,1001,,101938,185/70R14 GRIPP LN TL 88H,"3,632.00",4/1/2026,3/31/2027
2090,Car Rad Tyres,1001,,101939,185/65R15 GRIPP LN TL 88H,"3,234.00",4/1/2026,3/31/2027
2090,Car Rad Tyres,1001,,101940,185/60R15 GRIPP LN  TL 84H,"3,840.00",4/1/2026,3/31/2027
2090,Car Rad Tyres,1001,,101941,175/70R14 GRIPP LN  TL 84H,"3,786.00",4/1/2026,3/31/2027
2090,Car Rad Tyres,1001,,101944,195/65R15 GRIPP LN TL 91H,"3,872.00",4/1/2026,3/31/2027
2050,LM Bias Tyres,1001,,101945,155D12 MILE XL TT 8PR,"1,698.00",4/1/2026,3/31/2027
2050,LM Bias Tyres,1001,,101946,4.50-10 MILE XL  TT 8PR,"1,355.00",4/1/2026,3/31/2027
2530,LCV Rad Tubes,1001,,101947,TUBE 7.50-16 LOOSE BR ALT CHINA,475.00,4/1/2026,3/31/2027
2095,PCUV 17 PLUS,1001,,101951,265/65R17 CZAR AT TL 112S,"9,783.00",4/1/2026,3/31/2027
2095,PCUV 17 PLUS,1001,,101952,235/65R17 CZAR HT TL 104H,"6,250.00",4/1/2026,3/31/2027
2600,Scooter Tubes Loose,1001,,101953,TUBE 100/90-10 LOOSE BR,160.00,4/1/2026,3/31/2027
2010,Truck Bias Tyres,1001,,101956,10.00-20 MILE XL SL+HD TT 16PR,"14,816.00",4/1/2026,3/31/2027
2122,MOTORCYCLE TL TYRE,1001,,101957,80/100-18 SECURA ZOOM+ TL 54P,"1,260.00",5/1/2026,3/31/2027
2126,Motorcycle Premium B,1001,,101958,3.25-19 MILAZE  TT 54P,"1,330.00",4/1/2026,3/31/2027
2126,Motorcycle Premium B,1001,,101959,3.50-19 MILAZE  TT 63P,"1,471.00",4/1/2026,3/31/2027
2126,Motorcycle Premium B,1001,,101960,100/90-17 MILAZE  TT 55P,"1,407.00",4/1/2026,3/31/2027
2120,MOTORCYCLE TT TYRE,1001,,101961,100/90-18 MILAZE  TT 56P,"1,444.00",4/1/2026,3/31/2027
2120,MOTORCYCLE TT TYRE,1001,,101962,2.50-16 MILAZE  TT 41L,579.00,4/1/2026,3/31/2027
2211,OTR Radial,1001,,101963,14.00R24 TRAC XLR51 3 STAR ALT TL E3,"79,037.00",4/1/2026,3/31/2027
2200,Mining,1001,,101964,17.5-25 SLICK 404 CUT RES TL 24PR L5S,"63,301.00",4/1/2026,3/31/2027
2095,PCUV 17 PLUS,1001,,101972,215/55R17 GRIPP LN  TL 94V,"3,892.00",4/1/2026,3/31/2027
2090,Car Rad Tyres,1001,,101973,205/65R16 GRIPP LN TL 95H,"4,841.00",4/1/2026,3/31/2027
2090,Car Rad Tyres,1001,,101975,195/60R15 GRIPP LN  TL 88H,"4,447.00",4/1/2026,3/31/2027
2090,Car Rad Tyres,1001,,101976,195/55R16 GRIPP LN  TL 87V,"4,819.00",4/1/2026,3/31/2027
2090,Car Rad Tyres,1001,,101977,175/65R15 GRIPP LN  TL 84H,"3,110.00",4/1/2026,3/31/2027
2090,Car Rad Tyres,1001,,101978,175/65R14 GRIPP LN  TL 82H,"3,476.00",4/1/2026,3/31/2027
2010,Truck Bias Tyres,1001,,101979,10.00-20 HCL SUPER XL  TT 16PR,"11,467.00",4/1/2026,3/31/2027
2030,LCV Bias Tyres,1001,,101984,7.50-16 BULAND LUG XL+HD TT 14PR,"6,548.00",4/1/2026,3/31/2027
2030,LCV Bias Tyres,1001,,101985,7.50-16 MILE XL SL+HD TT 14PR,"5,084.00",4/1/2026,3/31/2027
2155,Farmax Rear,1001,,101988,18.4-30 FLOATMAX TT 12PR,"18,426.00",4/1/2026,3/31/2027
2030,LCV Bias Tyres,1001,,101989,7.50-16 BULAND MILE XL SL  TT 16PR,"4,940.00",4/1/2026,3/31/2027
2030,LCV Bias Tyres,1001,,101990,7.00-16 FM SUPER  TT 14PR V1,"5,233.00",4/1/2026,3/31/2027
2030,LCV Bias Tyres,1001,,101991,7.00-16 BULAND MILE XL  TT 14PR V1,"5,797.00",4/21/2026,3/31/2027
2030,LCV Bias Tyres,1001,,101992,7.00-16 BULAND MILE XL RIB  TT 14PR V1,"5,435.00",4/21/2026,3/31/2027
2210,Port,1001,,101993,18.00-25 40PR PORT PRO SLICK IND-5 TL,"118,927.00",4/1/2026,3/31/2027
2155,Farmax Rear,1001,,101998,15.5-38 FLOATMAX 8PR,"17,705.00",4/1/2026,3/31/2027
2010,Truck Bias Tyres,1001,,101999,10.00-20 RD115 TT 16PR,"8,823.00",4/1/2026,3/31/2027
2500,Truck Bias Tubes,1001,,102002,TUBE 10.00-20 PACKED BR,"1,141.00",4/1/2026,3/31/2027
2500,Truck Bias Tubes,1001,,102003,TUBE 9.00-20 PACKED BR,880.00,4/1/2026,3/31/2027
2126,Motorcycle Premium B,1001,,102005,110/90-18 VERTIGO RAGE  TL 61P,"1,593.00",4/1/2026,3/31/2027
2120,MOTORCYCLE TT TYRE,1001,,102006,2.75-18 SECURA F85+  TT 42P,772.00,4/1/2026,3/31/2027
2126,Motorcycle Premium B,1001,,102007,110/70-17 ZOOM XL F TL 54H,"1,260.00",5/1/2026,3/31/2027
2120,MOTORCYCLE TT TYRE,1001,,102008,3.00-18 MILAZE SUPER  TT 52P,938.00,4/1/2026,3/31/2027
2210,Port,1001,,102009,18.00-25 PORT PRO RX ALT TL 40PR IND4,"100,190.00",4/1/2026,3/31/2027
2210,Port,1001,,102010,21.00-25 PORT PRO TX ALT TL 40PR IND3,"118,695.00",4/1/2026,3/31/2027
2050,LM Bias Tyres,1001,,102021,165D12 MILE XL RIB  TT 8PR,"1,801.00",4/1/2026,3/31/2027
2050,LM Bias Tyres,1001,,102022,165D13 MILE XL RIB  TT 8PR,"2,079.00",4/1/2026,3/31/2027
2050,LM Bias Tyres,1001,,102023,185D14 MILE XL  TT 8PR,"2,959.00",4/1/2026,3/31/2027
2050,LM Bias Tyres,1001,,102024,185D14 MILE XL RIB  TT 8PR,"2,699.00",4/1/2026,3/31/2027
2010,Truck Bias Tyres,1001,,102027,9.00-20 MILE XL SL  TT 16PR,"9,719.00",4/1/2026,3/31/2027
2500,Truck Bias Tubes,1001,,102031,TUBE 10.00-20 LOOSE BR SNI,"1,141.00",4/1/2026,3/31/2027
2500,Truck Bias Tubes,1001,,102032,TUBE 9.00-20 LOOSE BR SNI,880.00,4/1/2026,3/31/2027
2500,Truck Bias Tubes,1001,,102033,TUBE 11.00-20 LOOSE BR SNI,"1,283.00",4/1/2026,3/31/2027
2520,LCV Bias Tubes,1001,,102036,TUBE 7.50-16 LOOSE BR SNI LV:TR77,475.00,4/1/2026,3/31/2027
2010,Truck Bias Tyres,1001,,102068,10.00-20 MILE XL+HD  TT 16PR,"15,787.00",4/21/2026,3/31/2027
2155,Farmax Rear,1001,,102073,13.6-38 FLOATMAX 8PR,"10,101.00",4/1/2026,3/31/2027
2112,Scooter TL Tyres,1001,,102074,90/90-12 ZOOM D TL 54J,922.00,5/1/2026,3/31/2027
2110,Scooter TT Tyres,1001,,102075,90/90-12 ZOOM D  TT 54J,710.00,4/1/2026,3/31/2027
2122,MOTORCYCLE TL TYRE,1001,,102076,120/80-18 ZOOM  TL 62P,"1,782.00",5/1/2026,3/31/2027
2120,MOTORCYCLE TT TYRE,1001,,102077,2.75-17 SECURA F85+  TT 41P,695.00,4/1/2026,3/31/2027
2126,Motorcycle Premium B,1001,,102078,120/80-17 ZOOM TL 61P,"1,864.00",5/1/2026,3/31/2027
2640,Tractor Rear Tubes,1001,,102087,"TUBE 14.9-24,16.9-24 BR LOOSE","1,155.00",4/1/2026,3/31/2027
2640,Tractor Rear Tubes,1001,,102088,TUBE 18.4-26 BR LOOSE,"1,854.43",4/1/2026,3/31/2027
2640,Tractor Rear Tubes,1001,,102089,"TUBE 15.5,16.9,18.4-38 BR LOOSE","1,828.86",4/1/2026,3/31/2027
2630,Tractor Front Tubes,1001,,102090,TUBE 10.00-16 BR LOOSE,649.00,4/1/2026,3/31/2027
2630,Tractor Front Tubes,1001,,102091,TUBE 11.00-16 BR LOOSE,649.00,4/1/2026,3/31/2027
2540,LM BIAS TUBES LOOSE,1001,,102102,TUBE 185/80-14 LOOSE BR,253.00,4/1/2026,3/31/2027
2210,Port,1001,,102111,18.00-25 PORT PRO SLICK L4S IND 40PR TL,"105,011.00",4/1/2026,3/31/2027
2210,Port,1001,,102112,18.00-25 PORT PRO SLICK ALT TL 40PR IND4,"116,063.00",4/1/2026,3/31/2027
2210,Port,1001,,102113,18.00-25 PORT PRO TX ALT TL 40PR IND3,"83,142.00",4/1/2026,3/31/2027
2210,Port,1001,,102114,18.00-25 PORTPRO SLK ALT TL 40PR L5S IND,"116,063.00",4/1/2026,3/31/2027
2210,Port,1001,,102116,18.00-33 PORT PRO RX TL 40PR IND4,"113,324.00",4/1/2026,3/31/2027
2210,Port,1001,,102117,18.00-33 PORT PRO RX ALT TL 40PR IND4,"113,324.00",6/23/2021,12/31/9999
2120,MOTORCYCLE TT TYRE,1001,,102121,110/90-18 VERTIGO RAGE  TT 61P,"1,380.00",4/1/2026,3/31/2027
2010,Truck Bias Tyres,1001,,102131,8.25-20 LUG XL PRO TT 16PR,"11,709.00",4/1/2026,3/31/2027
2640,Tractor Rear Tubes,1001,,102171,TUBE 16.9-34/18.4-34 BR LOOSE,"1,826.00",4/1/2026,3/31/2027
2605,Scooter Tubes Packed,1001,,102183,TUBE 90/90-12 PACKED BR V1,151.00,4/1/2026,3/31/2027
2605,Scooter Tubes Packed,1001,,102185,TUBE 100/90-10 PACKED BR,138.00,4/1/2026,3/31/2027
2210,Port,1001,,102186,18.00-33 PORT PRO RX ALT TL 40PR IND4,"102,103.00",4/1/2026,3/31/2027
2110,Scooter TT Tyres,1001,,102191,3.50-10 MILAZE  TT 51J,756.00,4/1/2026,3/31/2027
2015,Truck Rad Tyres,1001,,102211,315/80R22.5 PRO R10  TL 16PR,"17,924.00",4/1/2026,3/31/2027
2015,Truck Rad Tyres,1001,,102212,315/80R22.5 NXG R1  TL 18PR,"17,924.00",4/1/2026,3/31/2027
2100,UV Rad Tyres,1001,,102221,215/65R16 CZAR SPORT  TL 98H,"6,183.00",4/1/2026,3/31/2027
2640,Tractor Rear Tubes,1001,,102241,TUBE 13.6-38 BR LOOSE_V1,"1,145.00",4/1/2026,3/31/2027
2010,Truck Bias Tyres,1001,,102252,11.00-20 MILE XL RIB+HD TT 16PR,"15,153.00",4/1/2026,3/31/2027
2010,Truck Bias Tyres,1001,,102253,11.00-20 MILE XL+HD TT 16PR,"16,490.00",4/1/2026,3/31/2027
2010,Truck Bias Tyres,1001,,102254,11.00-20 HCL SUPER+HD  TT 16PR,"6,395.30",4/1/2026,3/31/2027
2670,Tractor Trailer Tube,1001,,102256,TUBE 9.00-16 CB LOOSE JCB TR77,720.00,4/1/2026,3/31/2027
2640,Tractor Rear Tubes,1001,,102261,TUBE 13.6-36 BR LOOSE,"1,586.00",4/1/2026,3/31/2027
2155,Farmax Rear,1001,,102270,15.5-38 FLOATMAX ALT 8PR,"17,705.00",4/1/2026,3/31/2027
2030,LCV Bias Tyres,1001,,102281,7.50-15 MILE XL RIB TT 14PR,"5,313.00",4/1/2026,3/31/2027
2120,MOTORCYCLE TT TYRE,1001,,102293,2.75-18 GRIPP F  TT 48P,934.00,4/1/2026,3/31/2027
2545,LM Bias Tubes Packed,1001,,102311,TUBE 4.50-10 PACKED BR V5,175.00,4/1/2026,3/31/2027
2545,LM Bias Tubes Packed,1001,,102312,TUBE 185/80-14 PACKED BR,343.00,5/1/2026,3/31/2027
2545,LM Bias Tubes Packed,1001,,102313,TUBE 165/80-13 PACKED BR,330.00,5/1/2026,3/31/2027
2030,LCV Bias Tyres,1001,,102314,7.50-15 MILE XL RIB  ALT  TT 14PR,"5,330.00",4/1/2026,3/31/2027
2545,LM Bias Tubes Packed,1001,,102317,TUBE 165/80-12 PACKED BR,235.00,5/1/2026,3/31/2027
2545,LM Bias Tubes Packed,1001,,102318,TUBE 155/80-12 PACKED BR,213.00,5/1/2026,3/31/2027
2545,LM Bias Tubes Packed,1001,,102319,BR 165/80 D14 (pkd Oct-13)_WO,331.00,4/1/2026,3/31/2027
2126,Motorcycle Premium B,1001,,102322,90/90-19 GRIPP XL F  TT 52P,"1,405.00",5/1/2026,3/31/2027
2010,Truck Bias Tyres,1001,,102332,8.25-20 MILE XL RIB PRO TT 16PR,"9,856.00",4/1/2026,3/31/2027
2015,Truck Rad Tyres,1001,,102371,315/80R22.5 PRO S10 TL 157/154L 20PR,"18,860.00",4/1/2026,3/31/2027
2015,Truck Rad Tyres,1001,,102372,315/80R22.5 PRO R10  TL 18PR,"21,676.00",4/1/2026,3/31/2027
2015,Truck Rad Tyres,1001,,102373,12.00R24 PRO S10 RD TT 20PR,"24,000.00",4/1/2026,3/31/2027
2250,BHL,1001,,102374,14.00-25 GMND ALT TT 20PR E3,"33,966.00",4/1/2026,3/31/2027
2260,Forklift,1001,,102392,5.00-8 J LUG 8PR,"2,166.00",4/28/2025,9/30/2025
2260,Forklift,1001,,102394,8.15-15 J LUG TL 14PR,"6,001.00",4/1/2026,3/31/2027
2260,Forklift,1001,,102396,3.00-15 J LUG 16PR,"13,451.00",4/28/2025,9/30/2025
2700,Forklift Tubes,1001,,102398,TUBE 5.00-8 BR 0,255.00,4/1/2026,3/31/2027
2700,Forklift Tubes,1001,,102400,TUBE 8.15-15 BR 0,498.26,4/1/2026,3/31/2027
2700,Forklift Tubes,1001,,102401,TUBE 2.50-15 BR 0,927.36,3/18/2026,3/29/2026
2700,Forklift Tubes,1001,,102402,TUBE 3.00-15 BR 0,887.00,4/28/2025,9/30/2025
2865,Forklift Flaps,1001,,102404,FLAP 5.00-8,212.50,4/1/2026,3/31/2027
2865,Forklift Flaps,1001,,102406,FLAP 8.15-15,360.00,4/1/2026,3/31/2027
2865,Forklift Flaps,1001,,102407,FLAP 2.50-15,397.44,3/18/2026,3/29/2026
2865,Forklift Flaps,1001,,102408,FLAP 3.00-15,427.00,4/28/2025,9/30/2025
2230,Flotation Bias,1001,,102417,600/50-22.5 FLOTATION T422 TL 16PR,"20,516.00",4/1/2026,3/31/2027
2122,MOTORCYCLE TL TYRE,1001,,102441,80/100-18 ZOOM XL F  TL 47P,949.00,4/1/2026,3/31/2027
2126,Motorcycle Premium B,1001,,102442,80/100-17 ZOOM XL  TL 53P,"1,126.00",5/1/2026,3/31/2027
2126,Motorcycle Premium B,1001,,102443,80/100-17 ZOOM XL F TL 46P O,"1,126.00",5/1/2026,3/31/2027
2030,LCV Bias Tyres,1001,,102444,7.50-16 MILE XL SL  TT 16PR,"6,295.00",4/1/2026,3/31/2027
2122,MOTORCYCLE TL TYRE,1001,,102451,100/90-17 ZOOM XL  TL 55P O,"1,387.00",5/1/2026,3/31/2027
2122,MOTORCYCLE TL TYRE,1001,,102452,70/100-17 ZOOM XL F TL 40P,912.00,4/1/2026,3/31/2027
2126,Motorcycle Premium B,1001,,102453,110/80-17 ZOOM XL TL 57P,"1,458.00",5/1/2026,3/31/2027
2015,Truck Rad Tyres,1001,,102454,295/80R22.5 UT606 TL 16PR,"18,920.00",4/1/2026,3/31/2027
2015,Truck Rad Tyres,1001,,102455,295/80R22.5 UT505 TL 16PR,"18,920.00",4/1/2026,3/31/2027
2250,BHL,1001,,102461,9.00-16 SAMRAT BHL TT 16PR,"8,427.00",4/1/2026,3/31/2027
2520,LCV Bias Tubes,1001,,102462,TUBE 7.00 -16 LOOSE BR (LV:TR77),426.00,4/1/2026,3/31/2027
2095,PCUV 17 PLUS,1001,,102481,215/60R17 GRIPP LN  TL 96H,"3,555.00",4/1/2026,3/31/2027
2125,MOTORCYCLE RAD TYRE,1001,,102501,140/60R17 ZOOM RAD TL 63P,"2,256.00",5/1/2026,3/31/2027
2126,Motorcycle Premium B,1001,,102502,100/80-17 ZOOM PLUS F  TL 52P,"1,414.00",5/1/2026,3/31/2027
2810,TRUCK BIAS FLAPS,1001,,102521,"FLAP 7.50-20,8.25-20 PRO",285.00,4/1/2026,3/31/2027
2605,Scooter Tubes Packed,1001,,102531,"TUBE 3.50-10,90/100-10 PACKED BR V1",134.00,4/1/2026,3/31/2027
2140,Tractor Front,1001,,102571,7.50-16 AAYUSHMAAN  TT 8PR,"4,999.00",4/1/2026,3/31/2027
2122,MOTORCYCLE TL TYRE,1001,,102572,80/100-18 ZOOM PLUS F TL 47P,"1,156.00",5/1/2026,3/31/2027
2122,MOTORCYCLE TL TYRE,1001,,102573,80/100-18 ZOOM PLUS TL 54P,"1,260.00",5/1/2026,3/31/2027
2610,MOTORCYCLE TUBE LOOS,1001,,102581,TUBE 130/80-18 LOOSE BR,216.00,4/1/2026,3/31/2027
2060,LM Rad Tyres,1001,,102624,155R13 MILAZE HD LT  TT 8PR,"2,544.00",4/1/2026,3/31/2027
2015,Truck Rad Tyres,1001,,102631,10.00R20 RD114   TT 16PR,"13,849.00",4/1/2026,3/31/2027
2090,Car Rad Tyres,1001,,102651,175/60R13 GRIPP LN  TL 77H,"2,289.00",4/1/2026,3/31/2027
2155,Farmax Rear,1001,,102691,14.9-24 FARMAX TT 8PR,"10,033.51",4/1/2026,3/31/2027
2155,Farmax Rear,1001,,102692,18.4-26 FARMAX TT 12PR,"20,127.00",4/1/2026,3/31/2027
2155,Farmax Rear,1001,,102693,18.4-30 FARMAX TT 12PR,"20,652.00",4/1/2026,3/31/2027
2155,Farmax Rear,1001,,102694,15.5-38 FARMAX TT 8PR,"16,706.00",4/1/2026,3/31/2027
2145,Farmax Front,1001,,102695,10.00-16 FARMAX TT 8PR,"5,502.00",4/1/2026,3/31/2027
2145,Farmax Front,1001,,102696,11.00-16 FARMAX TT 8PR,"9,345.00",4/1/2026,3/31/2027
2155,Farmax Rear,1001,,102697,13.6-38 FARMAX TT 8PR,"13,783.49",4/1/2026,3/31/2027
2155,Farmax Rear,1001,,102698,12.4-24 FARMAX TT 8PR,"7,860.00",4/1/2026,3/31/2027
2155,Farmax Rear,1001,,102699,14.9-28 FARMAX TT 8PR,"13,514.00",4/1/2026,3/31/2027
2155,Farmax Rear,1001,,102700,16.9-28 FARMAX TT 12PR,"17,150.00",4/1/2026,3/31/2027
2155,Farmax Rear,1001,,102701,16.9-30 FARMAX TT 10PR,"18,393.00",4/1/2026,3/31/2027
2155,Farmax Rear,1001,,102702,18.4-34 / 12PR FARMAX TT,"21,997.00",4/1/2026,3/31/2027
2155,Farmax Rear,1001,,102703,11.2-28 FARMAX TT 8PR,"7,904.00",4/1/2026,3/31/2027
2155,Farmax Rear,1001,,102704,16.9-24 FARMAX TT 8PR,"13,578.00",4/1/2026,3/31/2027
2155,Farmax Rear,1001,,102705,16.9-38 FARMAX TT 8PR,"19,204.00",4/1/2026,3/31/2027
2155,Farmax Rear,1001,,102706,13.6-36 FARMAX TT 8PR,"12,858.00",4/1/2026,3/31/2027
2155,Farmax Rear,1001,,102707,18.4-38 FARMAX TT 12PR,"23,854.00",4/1/2026,3/31/2027
2155,Farmax Rear,1001,,102708,14.9-24 FARMAX ALT TT 8PR,"11,280.00",4/1/2026,3/31/2027
2155,Farmax Rear,1001,,102709,18.4-26 FARMAX ALT TT 12PR,"20,127.00",4/1/2026,3/31/2027
2155,Farmax Rear,1001,,102710,18.4-30 FARMAX ALT TT 12PR,"20,652.00",4/1/2026,3/31/2027
2155,Farmax Rear,1001,,102711,15.5-38 FARMAX ALT TT 8PR,"16,706.00",4/1/2026,3/31/2027
2145,Farmax Front,1001,,102712,10.00-16 FARMAX ALT TT 8PR,"5,502.00",4/1/2026,3/31/2027
2145,Farmax Front,1001,,102713,11.00-16 FARMAX ALT TT 8PR,"6,775.00",4/1/2026,3/31/2027
2155,Farmax Rear,1001,,102714,13.6-38 FARMAX ALT TT 8PR,"15,276.00",4/1/2026,3/31/2027
2155,Farmax Rear,1001,,102715,12.4-24 FARMAX ALT TT 8PR,"7,860.00",4/1/2026,3/31/2027
2155,Farmax Rear,1001,,102716,14.9-28 FARMAX ALT TT 8PR,"13,514.00",4/1/2026,3/31/2027
2155,Farmax Rear,1001,,102717,16.9-28 FARMAX ALT TT 12PR,"17,150.00",4/1/2026,3/31/2027
2155,Farmax Rear,1001,,102718,16.9-30 FARMAX ALT TT 10PR,"18,393.00",4/1/2026,3/31/2027
2155,Farmax Rear,1001,,102719,18.4-34 FARMAX ALT TT 12PR,"21,997.00",4/1/2026,3/31/2027
2155,Farmax Rear,1001,,102720,11.2-28 FARMAX ALT TT 8PR,"7,904.00",4/1/2026,3/31/2027
2155,Farmax Rear,1001,,102721,16.9-24 FARMAX ALT TT 8PR,"13,578.00",4/1/2026,3/31/2027
2155,Farmax Rear,1001,,102722,16.9-38 FARMAX ALT TT 8PR,"19,204.00",4/1/2026,3/31/2027
2155,Farmax Rear,1001,,102723,13.6-36 FARMAX ALT TT 8PR,"12,858.00",4/1/2026,3/31/2027
2155,Farmax Rear,1001,,102724,18.4-38 FARMAX ALT TT 12PR,"23,854.00",4/1/2026,3/31/2027
2122,MOTORCYCLE TL TYRE,1001,,102735,2.75-18 SECURA ZOOM+  TL 48P,929.00,4/1/2026,3/31/2027
2211,OTR Radial,1001,,102736,12.00R24 TRAC XLR11 3 STAR ALT TL E4,"33,277.00",4/1/2026,3/31/2027
2010,Truck Bias Tyres,1001,,102741,12.00-20 HCL SUPER  TT 18PR DEF,"21,453.00",4/1/2026,3/31/2027
2010,Truck Bias Tyres,1001,,102743,10.00-20 SS139 SUNSTONE  TT 16PR,"8,544.00",4/1/2026,3/31/2027
2815,TRUCK RAD FLAPS,1001,,102751,FLAP 12.00R24,808.00,4/1/2026,3/31/2027
2090,Car Rad Tyres,1001,,102763,155/80R13 MILAZE TL 79T,"2,500.00",4/1/2026,3/31/2027
2250,BHL,1001,,102792,14.00-25 GMND TT 12PR E3 /L3,"28,228.00",4/1/2026,3/31/2027
2100,UV Rad Tyres,1001,,102811,225/75R16 MILAZE LT  TL 121/120S,"3,810.00",4/1/2026,3/31/2027
2100,UV Rad Tyres,1001,,102814,205/60R16 CZAR SPORT  TL 92H,"4,633.00",4/1/2026,3/31/2027
2100,UV Rad Tyres,1001,,102815,215/75R15 F1 STEEL BT LT  TL 115/113S,"5,133.00",4/1/2026,3/31/2027
2015,Truck Rad Tyres,1001,,102816,295/80R22.5 SECURA HAW1 ORNET  TL 16PR,"18,920.00",4/1/2026,3/31/2027
2015,Truck Rad Tyres,1001,,102817,315/80R22.5 SECURA HAW1 ORNET TL 18PR,"11,245.00",4/1/2026,3/31/2027
2090,Car Rad Tyres,1001,,102821,165/80R14 MILAZE  TT 85S,"1,670.00",4/1/2026,3/31/2027
2090,Car Rad Tyres,1001,,102822,175/65R14 MILAZE   TT 82T,"2,400.00",4/1/2026,3/31/2027
2100,UV Rad Tyres,1001,,102823,205/65R15 CZAR HT1  TT 94S,"4,360.00",4/1/2026,3/31/2027
2100,UV Rad Tyres,1001,,102824,235/70R16 CZAR HT  TT 105S,"4,285.00",4/1/2026,3/31/2027
2580,Car Rad Tubes Loose,1001,,102825,TUBE 165/80R14 LOOSE BR,340.00,4/1/2026,3/31/2027
2590,UV Rad Tubes Loose,1001,,102826,TUBE 205/65R15 LOOSE BR,363.00,4/1/2026,3/31/2027
2590,UV Rad Tubes Loose,1001,,102827,TUBE 235/70R16 LOOSE BR,517.00,4/1/2026,3/31/2027
2585,Car Rad Tubes Packed,1001,,102828,TUBE 165/80R14 PACKED BR V1,335.00,4/1/2026,3/31/2027
2595,UV Rad Tubes Packed,1001,,102829,TUBE 205/65R15 PACKED BR V1,369.00,4/1/2026,3/31/2027
2595,UV Rad Tubes Packed,1001,,102830,TUBE 235/70R16 PACKED BR V1,525.00,4/1/2026,3/31/2027
2060,LM Rad Tyres,1001,,102832,155R13 MILAZE HD LT  TL 8PR,"2,788.00",4/1/2026,3/31/2027
2230,Flotation Bias,1001,,102833,550/45-22.5 FLOTATION T422 TL 16PR,"16,819.00",4/1/2026,3/31/2027
2230,Flotation Bias,1001,,102834,500/50-17 FLOTATION PLUS ALT TL 14PR,"12,008.00",4/1/2026,3/31/2027
2230,Flotation Bias,1001,,102835,400/60-15.5 TR 800 TL 14PR,"6,756.39",4/1/2026,3/31/2027
2230,Flotation Bias,1001,,102836,550/60-22.5 FLOTATION T422 TL 16PR,"20,339.00",4/1/2026,3/31/2027
2230,Flotation Bias,1001,,102841,800/45-26.5 FLOTATION T422 TL 16PR,"31,365.00",4/1/2026,3/31/2027
2112,Scooter TL Tyres,1001,,102842,90/100-10 ZOOM D  TL 53J VENTLESS,866.00,5/1/2026,3/31/2027
2030,LCV Bias Tyres,1001,,102855,8.25-16 XR511 TEXXAN  TT 16PR,"6,471.00",4/1/2026,3/31/2027
2010,Truck Bias Tyres,1001,,102857,9.00-20 XR512 TEXXAN  TT 16PR,"7,107.00",4/1/2026,3/31/2027
2010,Truck Bias Tyres,1001,,102861,10.00-20 XR513 TEXXAN  TT 16PR,"13,884.00",4/1/2026,3/31/2027
2010,Truck Bias Tyres,1001,,102863,11.00-20 XR510 TEXXAN  TT 16PR,"11,760.00",4/1/2026,3/31/2027
2010,Truck Bias Tyres,1001,,102865,12.00-20 XR511 TEXXAN  TT 18PR,"13,893.00",4/1/2026,3/31/2027
2010,Truck Bias Tyres,1001,,102866,12.00-20 XL912 TEXXAN  TT 18PR,"13,191.00",4/1/2026,3/31/2027
2145,Farmax Front,1001,,102881,5.00-15 FARMAX TT 4PR,"1,711.00",4/1/2026,3/31/2027
2145,Farmax Front,1001,,102882,5.50-16 FARMAX TT 6PR,"1,935.00",4/1/2026,3/31/2027
2145,Farmax Front,1001,,102883,6.00-16 FARMAX TT 6PR,"2,067.91",4/1/2026,3/31/2027
2145,Farmax Front,1001,,102884,6.50-16 FARMAX TT 6PR,"2,529.00",4/1/2026,3/31/2027
2145,Farmax Front,1001,,102885,7.50-16 FARMAX TT 8PR,"3,920.00",4/1/2026,3/31/2027
2145,Farmax Front,1001,,102886,7.50-18 FARMAX TT 8PR,"4,085.00",4/1/2026,3/31/2027
2145,Farmax Front,1001,,102887,4.00-19 FARMAX TT 4PR,"1,321.83",4/1/2026,3/31/2027
2145,Farmax Front,1001,,102888,7.50-20 FARMAX TT 8PR,"4,195.53",4/1/2026,3/31/2027
2165,Farm Implement,1001,,102889,9.5-15 FARM IMPLEMENT TT 12PR,"3,073.00",4/1/2026,3/31/2027
2165,Farm Implement,1001,,102890,9.5L-15SL 12PR FARM IMPLEMENT TL,"3,457.00",4/1/2026,3/31/2027
2165,Farm Implement,1001,,102891,11-15 FARM IMPLEMENT TT 10PR,"3,081.00",4/1/2026,3/31/2027
2165,Farm Implement,1001,,102892,11-15 FARM IMPLEMENT TL 10PR,"3,391.00",4/1/2026,3/31/2027
2165,Farm Implement,1001,,102893,11-15 FARM IMPLEMENT TT 12PR,"3,567.00",4/1/2026,3/31/2027
2165,Farm Implement,1001,,102894,11L-15 SL 12PR FARM IMPLEMENT TL,"5,120.00",4/1/2026,3/31/2027
2165,Farm Implement,1001,,102895,12.5-15 FARM IMPLEMENT TT 10PR,"3,981.00",4/1/2026,3/31/2027
2165,Farm Implement,1001,,102896,12.5L-15SL FARM IMPLEMENT TL 10PR,"4,817.00",4/1/2026,3/31/2027
2165,Farm Implement,1001,,102897,12.5-15 FARM IMPLEMENT TL 12PR,"5,860.00",4/1/2026,3/31/2027
2155,Farmax Rear,1001,,102898,8.3-24 FARMAX TT 8PR,"4,797.25",4/1/2026,3/31/2027
2155,Farmax Rear,1001,,102899,9.5-24 FARMAX TT 8PR,"6,137.00",4/1/2026,3/31/2027
2155,Farmax Rear,1001,,102900,11.2-24 FARMAX TT 8PR,"7,733.00",4/1/2026,3/31/2027
2155,Farmax Rear,1001,,102901,12.4-28 FARMAX TT 8PR,"9,337.57",4/1/2026,3/31/2027
2155,Farmax Rear,1001,,102902,13.6-28 FARMAX TT 8PR,"12,218.00",4/1/2026,3/31/2027
2680,OTR Tubes,1001,,102921,TUBE 14.00-24 LOOSE VALVE TR179A,"2,110.00",4/1/2026,3/31/2027
2170,ADV,1001,,102931,8.00-19 BULAND  TT 10PR,"5,044.00",4/1/2026,3/31/2027
2112,Scooter TL Tyres,1001,,102941,90/100-10 ZOOM SZ  TL 53J,866.00,5/1/2026,3/31/2027
2040,LCV Rad Tyres,1001,,102972,7.00R16 LXL  S61 TT 14PR,"5,268.00",4/1/2026,3/31/2027
2122,MOTORCYCLE TL TYRE,1001,,102974,3.00-18 MILAZE TL 52P,"1,159.00",4/1/2026,3/31/2027
2122,MOTORCYCLE TL TYRE,1001,,102975,3.00-17 MILAZE TL 50P,"1,122.00",4/1/2026,3/31/2027
2122,MOTORCYCLE TL TYRE,1001,,102976,2.75-18 MILAZE TL 48P,"1,052.00",4/1/2026,3/31/2027
2110,Scooter TT Tyres,1001,,102981,90/90-12 GRIPP  TT 54J O,683.00,4/1/2026,3/31/2027
2110,Scooter TT Tyres,1001,,102982,90/100-10 MILAZE  TT 53J,778.00,4/1/2026,3/31/2027
2030,LCV Bias Tyres,1001,,102983,7.50-16 BULAND LUG XL+HD  TT 16PR,"5,401.00",4/1/2026,3/31/2027
2050,LM Bias Tyres,1001,,102984,155-12 MILE XL RIB  TT 8PR,"1,613.00",4/1/2026,3/31/2027
2090,Car Rad Tyres,1001,,102985,185/65R15 FUELSMARRT  TL 88T,"3,635.00",4/1/2026,3/31/2027
2585,Car Rad Tubes Packed,1001,,102987,TUBE 155/80R13 PACKED BR V1,268.00,4/1/2026,3/31/2027
2010,Truck Bias Tyres,1001,,102988,10.00-20 FM SUPER XL+HD  TT 16PR,"11,585.00",4/1/2026,3/31/2027
2010,Truck Bias Tyres,1001,,102989,9.00-20 FM SUPER+  TT 14PR,"8,704.00",4/1/2026,3/31/2027
2010,Truck Bias Tyres,1001,,102990,8.25-20 MILE XL RIB+HD TT 16PR,"7,735.00",4/1/2026,3/31/2027
2050,LM Bias Tyres,1001,,103001,205-14 MILE XL  TT 8PR,"3,485.00",4/1/2026,3/31/2027
2050,LM Bias Tyres,1001,,103002,4.50-10 MILE XL RIB  TT 8PR V1,"1,340.00",4/1/2026,3/31/2027
2030,LCV Bias Tyres,1001,,103003,8.25-16 HCL SUPER HL  TT 18PR,"8,217.00",4/1/2026,3/31/2027
2155,Farmax Rear,1001,,103004,15.5-38 / 10PR FARMAX TT,"16,706.00",4/1/2026,3/31/2027
2155,Farmax Rear,1001,,103005,15.5-38 FARMAX ALT TT 10PR,"16,706.00",4/1/2026,3/31/2027
2155,Farmax Rear,1001,,103006,16.9-38 FARMAX TT 10PR,"19,204.00",4/1/2026,3/31/2027
2155,Farmax Rear,1001,,103007,16.9-38 FARMAX ALT TT 10PR,"19,204.00",4/1/2026,3/31/2027
2155,Farmax Rear,1001,,103008,18.4-34 FARMAX TT 8PR,"21,969.12",4/1/2026,3/31/2027
2155,Farmax Rear,1001,,103009,18.4-38 FARMAX TT 8PR,"23,872.01",4/1/2026,3/31/2027
2155,Farmax Rear,1001,,103010,18.4-34 FARMAX ALT TT 8PR,"21,997.00",4/1/2026,3/31/2027
2155,Farmax Rear,1001,,103011,18.4-38 FARMAX ALT TT 8PR,"23,854.00",4/1/2026,3/31/2027
2540,LM BIAS TUBES LOOSE,1001,,103021,TUBE 205-14 LOOSE BR,383.00,4/1/2026,3/31/2027
2122,MOTORCYCLE TL TYRE,1001,,103022,80/100-18 SECURA ZOOM F  TL 47P YAMAHA,"1,156.00",5/1/2026,3/31/2027
2120,MOTORCYCLE TT TYRE,1001,,103031,2.75-18 GRIPP MX  TT 44L,"1,056.00",4/1/2026,3/31/2027
2120,MOTORCYCLE TT TYRE,1001,,103032,3.00-18 GRIPP MX  TT 54L,"1,148.00",4/1/2026,3/31/2027
2126,Motorcycle Premium B,1001,,103033,90/90-19 ZOOM PLUS F  TT 52P,"1,381.00",5/1/2026,3/31/2027
2126,Motorcycle Premium B,1001,,103034,110/90-18 ZOOM PLUS  TT 61P,"1,567.00",5/1/2026,3/31/2027
2126,Motorcycle Premium B,1001,,103035,120/80-18 ZOOM PLUS  TT 62P,"1,669.00",5/1/2026,3/31/2027
2010,Truck Bias Tyres,1001,,103036,12.00-24  HT SUPER+  TT 18PR,"9,004.00",4/1/2026,3/31/2027
2010,Truck Bias Tyres,1001,,103037,12.00-24 TURBO TUF+ ALT  TT 18PR,"11,115.00",4/1/2026,3/31/2027
2110,Scooter TT Tyres,1001,,103039,90/100-10 GRIPP  TT 53J,808.00,4/1/2026,3/31/2027
2210,Port,1001,,103042,12.00-20 GMND TT 20PR INDL,"11,671.00",4/1/2026,3/31/2027
2045,Light Truck Steel,1001,,103052,235/75R17.5 LXL  R61 TL 16PR,"9,481.00",4/1/2026,3/31/2027
2126,Motorcycle Premium B,1001,,103061,130/70-17 ZOOM XL TL 62P,"1,909.00",5/1/2026,3/31/2027
2126,Motorcycle Premium B,1001,,103062,100/90-18 ZOOM XL TL 56P,"1,521.00",5/1/2026,3/31/2027
2122,MOTORCYCLE TL TYRE,1001,,103065,80/100-18 MILAZE  TL 54P,"1,220.00",4/1/2026,3/31/2027
2145,Farmax Front,1001,,103073,6.00-16 FARMAX ALT TT 6PR,"2,286.00",4/1/2026,3/31/2027
2145,Farmax Front,1001,,103075,7.50-16 FARMAX ALT TT 8PR,"3,920.00",4/1/2026,3/31/2027
2155,Farmax Rear,1001,,103088,8.3-24 FARMAX ALT TT 8PR,"4,668.00",4/1/2026,3/31/2027
2155,Farmax Rear,1001,,103089,9.5-24 FARMAX ALT TT 8PR,"6,137.00",4/1/2026,3/31/2027
2155,Farmax Rear,1001,,103090,11.2-24 FARMAX ALT TT 8PR,"7,733.00",4/1/2026,3/31/2027
2155,Farmax Rear,1001,,103091,12.4-28 FARMAX ALT TT 8PR,"10,663.00",4/1/2026,3/31/2027
2155,Farmax Rear,1001,,103092,13.6-28 FARMAX ALT TT 8PR,"12,218.00",4/1/2026,3/31/2027
2010,Truck Bias Tyres,1001,,103093,10.00-20 K-300+HD KOMBAT  TT 16PR V1,"10,199.00",4/1/2026,3/31/2027
2010,Truck Bias Tyres,1001,,103094,10.00-20 K-200+HD KOMBAT  TT 16PR V1,"7,902.00",4/1/2026,3/31/2027
2010,Truck Bias Tyres,1001,,103095,10.00-20 K-100+HD KOMBAT  TT 16PR V1,"12,289.00",4/1/2026,3/31/2027
2030,LCV Bias Tyres,1001,,103096,7.50-16 K-300+HD KOMBAT  TT 14PR,"5,273.00",4/1/2026,3/31/2027
2120,MOTORCYCLE TT TYRE,1001,,103098,3.00-17 ZOOM PLUS  TT 50P,854.00,4/1/2026,3/31/2027
2120,MOTORCYCLE TT TYRE,1001,,103099,2.75-18 GRIPP XL  TT 48P,868.00,4/1/2026,3/31/2027
2690,BHL Tubes,1001,,103100,TUBE 9.00-16 JCB TR274,727.00,4/1/2026,3/31/2027
2010,Truck Bias Tyres,1001,,103101,8.25-20 MILE XL SL+HD  TT 16PR,"7,161.04",4/1/2026,3/31/2027
2120,MOTORCYCLE TT TYRE,1001,,103104,3.00-18 SECURA M86  TT 52P POLY,919.00,4/1/2026,3/31/2027
2120,MOTORCYCLE TT TYRE,1001,,103105,3.00-18 SECURA SPORT  TT 52P POLY,945.00,4/1/2026,3/31/2027
2120,MOTORCYCLE TT TYRE,1001,,103106,3.00-17 SECURA SPORT  TT 50P POLY,904.00,4/1/2026,3/31/2027
2100,UV Rad Tyres,1001,,103107,215/75R15 CZAR HT  TT 100S,"4,212.00",4/1/2026,3/31/2027
2030,LCV Bias Tyres,1001,,103108,7.00-15 BULAND MILE XL RIB PRO  TT 12PR,"5,699.00",4/1/2026,3/31/2027
2610,MOTORCYCLE TUBE LOOS,1001,,103109,TUBE 120/90-17 LOOSE BR,216.00,4/1/2026,3/31/2027
2610,MOTORCYCLE TUBE LOOS,1001,,103110,TUBE 90/90-21 LOOSE BR,167.00,4/1/2026,3/31/2027
2211,OTR Radial,1001,,103111,17.50-25 TRAC XLR71 2 STAR ALT TT L5S,"82,307.00",4/1/2026,3/31/2027
2211,OTR Radial,1001,,103112,23.50R25 TRAC XLR11 A 2STAR ALT TL E3/L3,"107,990.00",4/1/2026,3/31/2027
2230,Flotation Bias,1001,,103141,550/45-22.5 FLOTATION T422 TL 20PR,"17,712.00",4/1/2026,3/31/2027
2126,Motorcycle Premium B,1001,,103171,120/90-17 GRIPP XL TT 64S,"2,069.00",5/1/2026,3/31/2027
2126,Motorcycle Premium B,1001,,103172,90/90-21 GRIPP XL F TT 54S RE,"1,875.00",4/1/2026,3/31/2027
2030,LCV Bias Tyres,1001,,103173,8.25-16 BULAND MILE XL PRO  TT 16PR,"9,413.00",4/1/2026,3/31/2027
2030,LCV Bias Tyres,1001,,103174,7.50-16 BULAND MILE XL PRO  TT 16PR,"7,950.00",4/1/2026,3/31/2027
2230,Flotation Bias,1001,,103175,700/50-22.5 FLOTATION T422 TL 16PR,"25,455.00",4/1/2026,3/31/2027
2230,Flotation Bias,1001,,103176,700/40-22.5 FLOTATION T422 TL 16PR,"23,704.00",4/1/2026,3/31/2027
2230,Flotation Bias,1001,,103177,600/55-22.5 FLOTATION T422 TL 16PR,"22,978.00",4/1/2026,3/31/2027
2200,Mining,1001,,103179,11.00-20 TRAC XL TT 18PR,"18,591.00",4/1/2026,3/31/2027
2230,Flotation Bias,1001,,103181,700/50-26.5 FLOTATION T422 TL 16PR,"28,931.00",4/1/2026,3/31/2027
2240,MPT,1001,,103191,405/70-20 TRAC XL TL 16PR,"18,504.00",4/1/2026,3/31/2027
2240,MPT,1001,,103192,405/70-20 TRAC XL ALT TL 16PR,"17,541.00",4/1/2026,3/31/2027
2030,LCV Bias Tyres,1001,,103193,7.00-15 BULAND MILE XL PRO TT 12PR,"6,584.00",4/1/2026,3/31/2027
2122,MOTORCYCLE TL TYRE,1001,,103201,2.75-17 SECURA F85 TL 41P,"1,026.00",5/1/2026,3/31/2027
2122,MOTORCYCLE TL TYRE,1001,,103202,2.75-18 SECURA F85 TL 42P,"1,050.00",5/1/2026,3/31/2027
2030,LCV Bias Tyres,1001,,103203,7.50-16 BULAND MILE XL RIB PRO  TT 16PR,"7,175.00",4/1/2026,3/31/2027
2030,LCV Bias Tyres,1001,,103204,8.25-16 BULAND MILE XL RIB PRO TT 16PR,"8,165.00",4/1/2026,3/31/2027
2120,MOTORCYCLE TT TYRE,1001,,103211,3.00-17 GRIPP XL TT 50P,907.00,4/1/2026,3/31/2027
2122,MOTORCYCLE TL TYRE,1001,,103212,90/90-18 ZOOM XL F  TL 51P,"1,118.00",4/1/2026,3/31/2027
2120,MOTORCYCLE TT TYRE,1001,,103213,3.00-18 GRIPP XL TT 52P,940.00,4/1/2026,3/31/2027
2030,LCV Bias Tyres,1001,,103221,7.50-16 FM SUPER+HD  TT 14PR,"6,295.00",4/1/2026,3/31/2027
2090,Car Rad Tyres,1001,,103222,205/60R14 GRIPP LN  TL 88H,"4,681.00",4/1/2026,3/31/2027
2090,Car Rad Tyres,1001,,103223,205/60R15 GRIPP LN  TL 91H,"1,708.00",4/1/2026,3/31/2027
2045,Light Truck Steel,1001,,103224,235/75R17.5 LXL  B41 TL 16PR,"9,481.00",4/1/2026,3/31/2027
2605,Scooter Tubes Packed,1001,,103231,"TUBE 3.50-10,90/100-10 PACKED BR V2",134.00,4/1/2026,3/31/2027
2015,Truck Rad Tyres,1001,,103232,315/80R22.5 SECURA MAW1 ORNET  TT 18PR,"11,215.00",4/1/2026,3/31/2027
2500,Truck Bias Tubes,1001,,103234,TUBE 9.00-20 LOOSE BR PVT,880.00,4/1/2026,3/31/2027
2500,Truck Bias Tubes,1001,,103235,TUBE 10.00-20 LOOSE BR PVT,"1,141.00",4/1/2026,3/31/2027
2500,Truck Bias Tubes,1001,,103236,TUBE 11.00-20 LOOSE BR PVT,"1,283.00",4/1/2026,3/31/2027
2500,Truck Bias Tubes,1001,,103237,TUBE 12.00-20 LOOSE BR PVT,"1,364.00",4/1/2026,3/31/2027
2520,LCV Bias Tubes,1001,,103240,TUBE 7.00-16 LOOSE BR PVT,426.00,4/1/2026,3/31/2027
2520,LCV Bias Tubes,1001,,103241,TUBE 7.50-16 LOOSE BR PVT,475.00,4/1/2026,3/31/2027
2520,LCV Bias Tubes,1001,,103242,TUBE 8.25-16 LOOSE BR PVT,476.00,4/1/2026,3/31/2027
2810,TRUCK BIAS FLAPS,1001,,103244,"FLAP 9.00-20,10.00-20 PVT",364.00,4/1/2026,3/31/2027
2810,TRUCK BIAS FLAPS,1001,,103245,"FLAP 11.00-20,12.00-20 PVT",455.00,4/1/2026,3/31/2027
2820,LCV BIAS FLAPS,1001,,103248,FLAP 7.50-16 PVT,222.00,4/1/2026,3/31/2027
2090,Car Rad Tyres,1001,,103250,195/55R16 FUELSMARRT  TL 87H,"4,865.00",4/1/2026,3/31/2027
2100,UV Rad Tyres,1001,,103251,235/70 R16 CZAR H/T TT_WO,"4,285.00",4/1/2026,3/31/2027
2090,Car Rad Tyres,1001,,103252,155/65R14 FUELSMARRT TL 75T,"2,836.00",4/1/2026,3/31/2027
2100,UV Rad Tyres,1001,,103254,205/65R15 MILAZE TL 94S,"3,720.00",4/1/2026,3/31/2027
2230,Flotation Bias,1001,,103261,600/55-26.5 FLOTATION T422 TL 16PR,"25,518.00",4/1/2026,3/31/2027
2112,Scooter TL Tyres,1001,,103263,90/90-12 ZOOM HI  TL 54J VENTLESS,922.00,5/1/2026,3/31/2027
2112,Scooter TL Tyres,1001,,103271,3.50-10 MILAZE  TL 51J,730.00,4/1/2026,3/31/2027
2112,Scooter TL Tyres,1001,,103272,90/100-10 MILAZE TL 53J,776.00,4/1/2026,3/31/2027
2010,Truck Bias Tyres,1001,,103273,10.00-20 FM SUPER XL+HD TT 16PR,"8,466.00",4/1/2026,3/31/2027
2230,Flotation Bias,1001,,103274,480/45-17 FLOTATION PLUS TL 146A8/ 134A8,"10,232.00",4/1/2026,3/31/2027
2010,Truck Bias Tyres,1001,,103292,10.00-20 MILE XL RIB+  TT 16PR,"12,192.00",4/1/2026,3/31/2027
2090,Car Rad Tyres,1001,,103293,205/55R16 SECURADRIVE TL 94W XL CEAT,"5,770.00",4/1/2026,3/31/2027
2090,Car Rad Tyres,1001,,103294,195/65R15 ECODRIVE TL 91H CEAT,"1,312.00",4/1/2026,3/31/2027
2250,BHL,1001,,103302,12.5/80-18 TYROCK TT 16PR IND,"12,829.00",4/1/2026,3/31/2027
2015,Truck Rad Tyres,1001,,103303,10.00R20 PRO B12  TT 16PR,"13,644.00",4/1/2026,3/31/2027
2295,Solid Tyres,1001,,103322,250 - 15 / 7.00 ROCK XL S LIP,"17,891.00",4/1/2026,3/31/2027
2295,Solid Tyres,1001,,103323,825 X 15 / 6.50 ROCK XL S LIP,"18,021.00",4/1/2026,3/31/2027
2295,Solid Tyres,1001,,103325,16 X 6 - 8 / 4.33 ROCK XL S NM,"4,732.00",4/1/2026,3/31/2027
2295,Solid Tyres,1001,,103351,700 X 12 / 5.00 ROCK XL S NM LIP,"12,240.00",4/1/2026,3/31/2027
2295,Solid Tyres,1001,,103352,250 - 15 / 7.00 ROCK XL S NM LIP,"22,803.00",4/1/2026,3/31/2027
2295,Solid Tyres,1001,,103353,28 X 9 - 15 / 7.00 ROCK XL S NM LIP,"15,614.00",4/1/2026,3/31/2027
2295,Solid Tyres,1001,,103354,300 X 15 / 8.00 ROCK XL S NM LIP,"29,377.00",4/1/2026,3/31/2027
2295,Solid Tyres,1001,,103355,825 X 15 / 6.50 ROCK XL S NM LIP,"22,961.00",4/1/2026,3/31/2027
2010,Truck Bias Tyres,1001,,103381,10.00-20 RD SUPER G  TT 18PR,"13,478.00",4/1/2026,3/31/2027
2155,Farmax Rear,1001,,103383,13.6-24 FARMAX TT 8PR,"10,336.00",4/1/2026,3/31/2027
2155,Farmax Rear,1001,,103384,13.6-24 FARMAX ALT TT 8PR,"10,336.00",4/1/2026,3/31/2027
2295,Solid Tyres,1001,,103392,14.00x24 ROCK XL S,"73,396.00",12/3/2024,12/31/2024
2090,Car Rad Tyres,1001,,103432,175/65R14 FUELSMARRT  TL 82H,"3,889.00",4/1/2026,3/31/2027
2090,Car Rad Tyres,1001,,103433,165/80R14 FUELSMARRT  TL 85T,"3,019.00",4/1/2026,3/31/2027
2015,Truck Rad Tyres,1001,,103438,315/80R22.5 PRO B10  TL 18PR,"24,361.00",4/1/2026,3/31/2027
2095,PCUV 17 PLUS,1001,,103445,235/65R17 CZAR HP TL 104H,"9,762.00",4/1/2026,3/31/2027
2015,Truck Rad Tyres,1001,,103455,315/80R22.5 NXG B1  TL 18PR,"15,261.00",4/1/2026,3/31/2027
2126,Motorcycle Premium B,1001,,103461,120/80-16 GRIPP CRUZ  TL 60P,"1,779.00",5/1/2026,3/31/2027
2090,Car Rad Tyres,1001,,103471,205/55R16 WINTERDRIVE  TL 91H CEAT,"1,493.00",4/1/2026,3/31/2027
2230,Flotation Bias,1001,,103479,500/60-22.5 FLOTATION T422 TL 16PR,"17,533.19",4/1/2026,3/31/2027
2110,Scooter TT Tyres,1001,,103481,3.50-10 GRIPP  TT 51J,774.00,4/1/2026,3/31/2027
2115,E-Rickshaw Tyres,1001,,103482,90/90-12 GRIPP  TT 54J,730.00,4/1/2026,3/31/2027
2520,LCV Bias Tubes,1001,,103484,TUBE 6.00-16 LOOSE BR PVT,258.00,4/1/2026,3/31/2027
2520,LCV Bias Tubes,1001,,103485,TUBE 6.50-14 LOOSE BR PVT,272.00,4/1/2026,3/31/2027
2520,LCV Bias Tubes,1001,,103487,TUBE 7.00-15 LOOSE BR PVT,363.00,4/1/2026,3/31/2027
2500,Truck Bias Tubes,1001,,103492,TUBE 7.50-20 LOOSE BR PVT,710.00,4/1/2026,3/31/2027
2500,Truck Bias Tubes,1001,,103493,TUBE 8.25-20 LOOSE BR PVT,710.00,4/1/2026,3/31/2027
2620,3-WH TUBE PACKED,1001,,103494,TUBE 4.00-8 LOOSE BR PVT,154.00,4/1/2026,3/31/2027
2122,MOTORCYCLE TL TYRE,1001,,103511,90/90-18 GRIPP CRUZ F  TL 51P,"1,256.00",5/1/2026,3/31/2027
2165,Farm Implement,1001,,103521,9.5-15 FARMAX M TL 8PR,"3,379.21",4/1/2026,3/31/2027
2165,Farm Implement,1001,,103522,11L-15SL FARMAX M TL 8PR,"4,021.30",4/1/2026,3/31/2027
2165,Farm Implement,1001,,103523,10.00-16 FARMAX M TT 8PR,"4,558.70",4/1/2026,3/31/2027
2165,Farm Implement,1001,,103524,11.00-16 FARMAX M TT 8PR,"9,345.00",4/1/2026,3/31/2027
2620,3-WH TUBE PACKED,1001,,103541,TUBE 4.00-8 PACKED BR V1,146.00,4/1/2026,3/31/2027
2110,Scooter TT Tyres,1001,,103542,90/100-10 PRO GRIPP  TT 53J,662.00,4/1/2026,3/31/2027
2690,BHL Tubes,1001,,103551,TUBE 16.9-28 BR 0 LOADER HEX,"1,358.00",4/1/2026,3/31/2027
2680,OTR Tubes,1001,,103552,TUBE 14.00-24 BR LOOSE TR218A,"2,518.00",4/1/2026,3/31/2027
2030,LCV Bias Tyres,1001,,103554,7.00-16 BULAND MILE XL RIB-SV  TT 14PR,"5,784.00",4/21/2026,3/31/2027
2030,LCV Bias Tyres,1001,,103555,7.00-16 BULAND MILE XL SV  TT 14PR,"6,523.00",4/21/2026,3/31/2027
2126,Motorcycle Premium B,1001,,103556,100/90-17 ZOOM XL TL 55P,"1,387.00",5/1/2026,3/31/2027
2126,Motorcycle Premium B,1001,,103558,80/100-17 ZOOM XL F  TL 46P,"1,126.00",5/1/2026,3/31/2027
2124,PIRELLI & METZ  TYRE,1001,,103559,110/70ZR17 M5-F  TL 54W METZELLER,"5,625.00",4/1/2026,3/31/2027
2124,PIRELLI & METZ  TYRE,1001,,103560,150/60ZR17 M5-R  TL 66W METZELLER,"7,229.00",4/1/2026,3/31/2027
2124,PIRELLI & METZ  TYRE,1001,,103561,160/60ZR17 M7-R  TL 69W METZELLER,"9,568.00",4/1/2026,3/31/2027
2124,PIRELLI & METZ  TYRE,1001,,103562,190/50ZR17 M7-R  TL 73W METZELLER,"10,560.00",4/1/2026,3/31/2027
2124,PIRELLI & METZ  TYRE,1001,,103563,190/55ZR17 M7-R  TL 75W METZELLER,"10,829.00",4/1/2026,3/31/2027
2124,PIRELLI & METZ  TYRE,1001,,103564,110/70ZR17 M7-F  TL 54W METZELLER,"6,518.00",4/1/2026,3/31/2027
2124,PIRELLI & METZ  TYRE,1001,,103565,150/60ZR17 M7-R  TL 66W METZELLER,"8,243.00",4/1/2026,3/31/2027
2124,PIRELLI & METZ  TYRE,1001,,103566,180/55ZR17 M7-R  TL 73W METZELLER,"10,028.00",4/1/2026,3/31/2027
2124,PIRELLI & METZ  TYRE,1001,,103567,120/60ZR17 M7-F  TL 58W METZELLER,"7,604.00",4/1/2026,3/31/2027
2124,PIRELLI & METZ  TYRE,1001,,103568,100/90-18 SPORTDEMON-F  TL 56H PIRELLI,"3,260.00",4/1/2026,3/31/2027
2124,PIRELLI & METZ  TYRE,1001,,103569,130/70-18 SPORTDEMON-R  TL 63H PIRELLI,"4,169.00",4/1/2026,3/31/2027
2124,PIRELLI & METZ  TYRE,1001,,103570,100/80-17 SPORTDEMON-F  TL 52H PIRELLI,"2,895.00",4/1/2026,3/31/2027
2124,PIRELLI & METZ  TYRE,1001,,103571,110/70-17 SPORTDEMON-F  TL 54H PIRELLI,"2,727.00",4/1/2026,3/31/2027
2124,PIRELLI & METZ  TYRE,1001,,103572,130/70-17 SPORTDEMON-R  TL 62H PIRELLI,"3,714.00",4/1/2026,3/31/2027
2124,PIRELLI & METZ  TYRE,1001,,103573,140/70-17 SPORTDEMON-R  TL 66H PIRELLI,"3,837.00",4/1/2026,3/31/2027
2124,PIRELLI & METZ  TYRE,1001,,103574,110/70-17 SPORTDRAGON-F  TL 54H PIRELLI,"2,548.00",4/1/2026,3/31/2027
2124,PIRELLI & METZ  TYRE,1001,,103575,140/70-17 SPORTDRAGON-R  TL 66H PIRELLI,"3,492.00",4/1/2026,3/31/2027
2010,Truck Bias Tyres,1001,,103576,10.00-20 HCL MILER+HD  TT 16PR,"13,274.00",4/1/2026,3/31/2027
2545,LM Bias Tubes Packed,1001,,103578,TUBE 155/80D12 PACKED BR,203.00,4/1/2026,3/31/2027
2175,Farm Irrigation,1001,,103582,11.2-38 6 PR IRROGATOR  TT,"9,283.00",4/1/2026,3/31/2027
2175,Farm Irrigation,1001,,103584,14.9-24 IRROGATOR TT 8PR,"9,819.00",4/1/2026,3/31/2027
2165,Farm Implement,1001,,103594,10.0/75-15.3 12PR FARM IMPLEMENT AWI 305,"3,278.00",6/23/2021,12/31/9999
2165,Farm Implement,1001,,103595,11.5/80-15.3 14PR FARM IMPLEMENT AWI 305,"4,152.00",6/23/2021,12/31/9999
2020,Truck Rad Tyres,1001,,103597,10.00R20 HYTON   TT 16PR,"16,710.00",5/5/2026,3/31/2027
2124,PIRELLI & METZ  TYRE,1001,,103598,150/60R17 DR II-R  TL 66H PIRELLI,"4,749.00",4/1/2026,3/31/2027
2210,Port,1001,,103599,14.00-24 SLICK 404 TT 28PR IND,"58,402.00",4/1/2026,3/31/2027
2860,OTR Flaps,1001,,103601,FLAP 12.00-24 OTR,540.00,4/1/2026,3/31/2027
2230,Flotation Bias,1001,,103602,550/60-22.5 T422 VALUE PRO TL 16PR,"18,567.00",4/1/2026,3/31/2027
2230,Flotation Bias,1001,,103603,500/60-22.5 T422 VALUE PRO TL 16PR,"16,783.00",4/1/2026,3/31/2027
2230,Flotation Bias,1001,,103604,550/45-22.5 T422 VALUE PRO TL 16PR,"15,674.00",4/1/2026,3/31/2027
2124,PIRELLI & METZ  TYRE,1001,,103611,110/70R17 M5-F  TL 54H METZELLER,"3,727.00",4/1/2026,3/31/2027
2124,PIRELLI & METZ  TYRE,1001,,103612,150/60R17 M5-R  TL 66H METZELLER,"4,749.00",4/1/2026,3/31/2027
2124,PIRELLI & METZ  TYRE,1001,,103613,110/70R17 DR II-F  TL 54H PIRELLI,"3,727.00",4/1/2026,3/31/2027
2120,MOTORCYCLE TT TYRE,1001,,103614,120/80-16 GRIPP AT   TT 60P,"1,179.00",4/1/2026,3/31/2027
2120,MOTORCYCLE TT TYRE,1001,,103615,90/90-18 GRIPP AT F  TT 51P,802.00,4/1/2026,3/31/2027
2122,MOTORCYCLE TL TYRE,1001,,103616,2.75-17 GRIPP F  TL 41P,826.00,4/1/2026,3/31/2027
2122,MOTORCYCLE TL TYRE,1001,,103617,2.75-18 GRIPP F  TL 42P,915.00,4/1/2026,3/31/2027
2610,MOTORCYCLE TUBE LOOS,1001,,103618,TUBE 90/90-18 LOOSE BR,189.00,4/1/2026,3/31/2027
2610,MOTORCYCLE TUBE LOOS,1001,,103619,TUBE 120/80-16 LOOSE BR,202.00,4/1/2026,3/31/2027
2045,Light Truck Steel,1001,,103623,7.50R16 LXL  S21 TT 16PR,"6,246.00",4/1/2026,3/31/2027
2090,Car Rad Tyres,1001,,103625,155/65R14 MILAZE  TL 75T,"2,535.00",4/1/2026,3/31/2027
2500,Truck Bias Tubes,1001,,103632,TUBE 9.00-20 LOOSE BR V1,880.00,4/1/2026,3/31/2027
2030,LCV Bias Tyres,1001,,103641,7.00-15 BULAND MILE XL  TL 14PR,"5,585.00",4/1/2026,3/31/2027
2050,LM Bias Tyres,1001,,103642,195/80-15 BULAND MILE XL RIB PRO TT 8PR,"3,993.00",4/1/2026,3/31/2027
2211,OTR Radial,1001,,103643,16.00R25 LXLM31 3STAR TL E2,"77,231.00",4/1/2026,3/31/2027
2211,OTR Radial,1001,,103644,23.5R25 TRAC XLR11 2STAR TL E3/L3,"120,079.00",4/1/2026,3/31/2027
2211,OTR Radial,1001,,103645,12.00R24 TRAC XLR11 3 STAR TT E4,"28,357.00",4/1/2026,3/31/2027
2090,Car Rad Tyres,1001,,103647,205/55R16 SECURADRIVE TL 91V CEAT,"5,855.00",4/1/2026,3/31/2027
2090,Car Rad Tyres,1001,,103648,195/50R15 SECURADRIVE TL 82V CEAT,"4,292.00",4/1/2026,3/31/2027
2090,Car Rad Tyres,1001,,103649,195/55R16 SECURADRIVE TL 87V CEAT,"5,538.00",5/1/2026,3/31/2027
2090,Car Rad Tyres,1001,,103650,215/55R16 SECURADRIVE TL 97W XL CEAT,"6,207.00",4/1/2026,3/31/2027
2095,PCUV 17 PLUS,1001,,103661,205/50R17 SECURADRIVE TL 93W CEAT,"5,667.00",4/1/2026,3/31/2027
2090,Car Rad Tyres,1001,,103662,215/60R16 SECURADRIVE TL 99V CEAT,"5,068.00",4/1/2026,3/31/2027
2090,Car Rad Tyres,1001,,103663,195/45R16 SECURADRIVE  TL 84V  CEAT,"4,816.00",4/1/2026,3/31/2027
2095,PCUV 17 PLUS,1001,,103664,205/55R17 SECURADRIVE TL 95V CEAT,"5,845.00",5/1/2026,3/31/2027
2095,PCUV 17 PLUS,1001,,103665,215/50R17 SECURADRIVE TL 95W CEAT,"5,702.00",4/1/2026,3/31/2027
2095,PCUV 17 PLUS,1001,,103666,215/55R17 SECURADRIVE TL 94W CEAT,"5,373.00",4/1/2026,3/31/2027
2090,Car Rad Tyres,1001,,103667,165/65R14 ECODRIVE TL 79T CEAT,"2,244.00",4/1/2026,3/31/2027
2090,Car Rad Tyres,1001,,103668,165/70R14 ECODRIVE TL 81T CEAT,"1,965.00",4/1/2026,3/31/2027
2090,Car Rad Tyres,1001,,103670,185/65R15 ECODRIVE TL 88H CEAT,"3,063.00",4/1/2026,3/31/2027
2090,Car Rad Tyres,1001,,103671,175/65R14 ECODRIVE TL 82T CEAT,"2,844.00",4/1/2026,3/31/2027
2090,Car Rad Tyres,1001,,103672,175/70R14 ECODRIVE TL 88T CEAT,"2,634.00",4/1/2026,3/31/2027
2090,Car Rad Tyres,1001,,103673,185/60R14 ECODRIVE TL 82H CEAT,"2,489.00",4/1/2026,3/31/2027
2090,Car Rad Tyres,1001,,103674,185/65R14 ECODRIVE TL 86H CEAT,"3,556.00",4/1/2026,3/31/2027
2090,Car Rad Tyres,1001,,103675,185/55R15 ECODRIVE TL 82V CEAT,"3,733.00",4/1/2026,3/31/2027
2090,Car Rad Tyres,1001,,103676,185/60R15 ECODRIVE TL 88H XL CEAT,"1,397.50",4/1/2026,3/31/2027
2090,Car Rad Tyres,1001,,103677,195/55R15 ECODRIVE TL 85V CEAT,"1,397.50",4/1/2026,3/31/2027
2090,Car Rad Tyres,1001,,103678,195/60R15 ECODRIVE TL 88H CEAT,"4,000.00",4/1/2026,3/31/2027
2090,Car Rad Tyres,1001,,103679,205/60R16 ECODRIVE TL 92H CEAT,"5,000.00",4/1/2026,3/31/2027
2124,PIRELLI & METZ  TYRE,1001,,103681,160/60ZR17 ANGELGT-R  TL 69W PIRELLI,"10,002.00",4/1/2026,3/31/2027
2124,PIRELLI & METZ  TYRE,1001,,103682,120/60ZR17 ANGELGT-F  TL 58W PIRELLI,"7,963.00",4/1/2026,3/31/2027
2124,PIRELLI & METZ  TYRE,1001,,103683,180/55ZR17 DR II-R  TL 73W PIRELLI,"10,404.00",4/1/2026,3/31/2027
2270,Hvy Tractor Rear,1001,,103685,18.4-30 AAYUSHMAAN HD TT 14PR,"31,615.00",4/1/2026,3/31/2027
2112,Scooter TL Tyres,1001,,103686,90/100-10 ZOOM D TL 53J,866.00,5/1/2026,3/31/2027
2120,MOTORCYCLE TT TYRE,1001,,103687,2.75-18 GRIPP F  TT 42P,961.00,4/1/2026,3/31/2027
2200,Mining,1001,,103706,10.00-20 TRAC XL TT 18PR N,"10,626.00",4/1/2026,3/31/2027
2260,Forklift,1001,,103707,8.25-15 ELEVETA TT 16PR,"7,579.00",4/1/2026,3/31/2027
2120,MOTORCYCLE TT TYRE,1001,,103711,2.75-17 GRIPP F TT 41P,928.00,4/1/2026,3/31/2027
2124,PIRELLI & METZ  TYRE,1001,,103713,140/70R17 DR II-R  TL 66H PIRELLI,"6,339.00",4/1/2026,3/31/2027
2124,PIRELLI & METZ  TYRE,1001,,103714,180/55ZR17 ANGELGT-R  TL 73W PIRELLI,"10,486.00",4/1/2026,3/31/2027
2124,PIRELLI & METZ  TYRE,1001,,103715,190/50ZR17 ANGELGT-R  TL 73W PIRELLI,"11,084.00",4/1/2026,3/31/2027
2124,PIRELLI & METZ  TYRE,1001,,103716,190/50ZR17 DR II-R  TL 73W PIRELLI,"10,646.00",4/1/2026,3/31/2027
2124,PIRELLI & METZ  TYRE,1001,,103717,190/55ZR17 DR II-R  TL 75W PIRELLI,"11,215.00",4/1/2026,3/31/2027
2124,PIRELLI & METZ  TYRE,1001,,103720,2.75-18 ME 22  TL 42P METZELLER,"1,463.00",4/1/2026,3/31/2027
2520,LCV Bias Tubes,1001,,103735,TUBE 195-15 LOOSE BR PRO,364.00,4/1/2026,3/31/2027
2030,LCV Bias Tyres,1001,,103736,8.25-16 BULAND LUG XL PRO TT 18PR,"9,138.00",4/21/2026,3/31/2027
2125,MOTORCYCLE RAD TYRE,1001,,103741,140/60R17 ZOOM RAD  TL 63P SZ,"2,256.00",5/1/2026,3/31/2027
2126,Motorcycle Premium B,1001,,103742,100/80-17 ZOOM PLUS F TL 52P SZ,"1,414.00",5/1/2026,3/31/2027
2130,3-Wheeler Tyres,1001,,103751,3.00-14 MILAZE  TT 45P,759.00,4/1/2026,3/31/2027
2115,E-Rickshaw Tyres,1001,,103752,90/90-12 MILAZE  TT 54J,597.00,4/1/2026,3/31/2027
2095,PCUV 17 PLUS,1001,,103753,225/45R17 SPORTDRIVE TL 94Y XL CEAT,"8,573.00",4/1/2026,3/31/2027
2090,Car Rad Tyres,1001,,103758,185/65R15 SECURADRIVE TL 88H,"4,362.00",5/1/2026,3/31/2027
2010,Truck Bias Tyres,1001,,103760,10.00-20 MAXIMA P301+HD MAXIMA  TT 16PR,"14,371.00",4/21/2026,3/31/2027
2015,Truck Rad Tyres,1001,,103761,10.00R20 PRO S10+   TT 16PR,"13,415.00",4/1/2026,3/31/2027
2280,Grader,1001,,103782,14.00-24 GMND GRADER TT 16PR,"29,199.00",4/1/2026,3/31/2027
2190,Earthmover/Loader,1001,,103783,29.5-25 TRAC XL TL 32PR E3,"159,878.00",4/1/2026,3/31/2027
2030,LCV Bias Tyres,1001,,103784,7.50-16 RIB XL PRO  TT 16PR E4,"5,508.00",4/1/2026,3/31/2027
2050,LM Bias Tyres,1001,,103785,4.50-10 BULAND MILE XL SL  TT 8PR,"1,648.00",4/1/2026,3/31/2027
2230,Flotation Bias,1001,,103792,550/60-22.5 T422 VALUE PRO ALT TL 16PR,"18,567.00",4/1/2026,3/31/2027
2230,Flotation Bias,1001,,103793,500/60-22.5 T422 VALUE PRO ALT TL 16PR,"16,783.00",4/1/2026,3/31/2027
2230,Flotation Bias,1001,,103794,550/45-22.5 T422 VALUE PRO ALT TL 16PR,"16,326.00",4/1/2026,3/31/2027
2510,Truck Rad Tubes,1001,,103801,TUBE 10.00R20 LOOSE CB ALT PRO,"1,185.00",4/1/2026,3/31/2027
2050,LM Bias Tyres,1001,,103836,4.50-10 BULAND MILE XL RIB  TL 8PR,"1,464.00",4/1/2026,3/31/2027
2211,OTR Radial,1001,,103846,11.00R20 LXLM71 TL 22PR V1,"22,508.00",4/1/2026,3/31/2027
2211,OTR Radial,1001,,103847,14.00R24 TRAC XLR51 3 STAR TT E3,"70,415.00",4/1/2026,3/31/2027
2211,OTR Radial,1001,,103848,26.5R25 TRAC XLR21 2 STAR TL E4,"232,357.00",4/1/2026,3/31/2027
2295,Solid Tyres,1001,,103872,10.00-20 (7.5) ROCK XL S1,"34,134.00",4/1/2026,3/31/2027
2690,BHL Tubes,1001,,103885,TUBE 16.9-28 BR 0 HEX 82 VALVE BASE,"2,281.00",4/1/2026,3/31/2027
2015,Truck Rad Tyres,1001,,103915,295/80R22.5 PRO R10   TL 16PR + RIM,"18,920.00",4/1/2026,3/31/2027
2015,Truck Rad Tyres,1001,,103916,295/80R22.5 PRO B10  TL 16PR + RIM,"21,200.00",4/1/2026,3/31/2027
2015,Truck Rad Tyres,1001,,103917,11.00R22.5 PRO R10  TL 16PR + RIM,"18,250.00",4/1/2026,3/31/2027
2010,Truck Bias Tyres,1001,,103918,11.00-20 K-300+HD KOMBAT  TT 16PR V1,"12,444.00",4/1/2026,3/31/2027
2100,UV Rad Tyres,1001,,103920,205/60R16 CZAR HP  TL 92H,"4,470.00",4/1/2026,3/31/2027
2100,UV Rad Tyres,1001,,103921,215/75R15 MILAZE LT TT 113S,"4,594.00",4/1/2026,3/31/2027
2210,Port,1001,,103922,18.00-25 PORT XL PLUS TL 40PR IND4.5,"111,987.00",4/1/2026,3/31/2027
2090,Car Rad Tyres,1001,,103931,145/80R13 ECODRIVE TL 75S,"1,170.00",4/1/2026,3/31/2027
2230,Flotation Bias,1001,,103951,400/55-22.5 T422 VALUE PRO TL 16PR,"11,072.18",4/1/2026,3/31/2027
2230,Flotation Bias,1001,,103952,500/45-22.5 T422 VALUE PRO TL 16PR,"8,369.00",4/1/2026,3/31/2027
2230,Flotation Bias,1001,,103953,500/50-17 FLOTATION T422 TL 16PR,"11,457.00",4/1/2026,3/31/2027
2150,Tractor Rear,1001,,103983,13.6-28 AAYUSHMAAN PLUS TT 12PR,"18,328.00",4/1/2026,3/31/2027
2015,Truck Rad Tyres,1001,,103991,10.00R20 CM333   TT 16PR CHN TEST TYR,"14,067.00",4/1/2026,3/31/2027
2015,Truck Rad Tyres,1001,,103992,8.25R20 CM998   TT 16PR CHN TEST TYR,"11,359.00",4/1/2026,3/31/2027
2015,Truck Rad Tyres,1001,,103993,8.25R20 CM958   TT 16PR CHN TEST TYR,"9,835.00",4/1/2026,3/31/2027
2015,Truck Rad Tyres,1001,,103994,10.00R20 MD753   TT 16PR CHN TEST TYR,"14,327.00",4/1/2026,3/31/2027
2015,Truck Rad Tyres,1001,,103995,295/80R22.5 RD117  TL 16PR,"18,920.00",4/1/2026,3/31/2027
2112,Scooter TL Tyres,1001,,104011,90/100-10 GRIPP TL 53J VENTLESS,915.00,4/1/2026,3/31/2027
2124,PIRELLI & METZ  TYRE,1001,,104021,240/45ZR17 DR II-R  TL 82W,"12,554.00",4/1/2026,3/31/2027
2124,PIRELLI & METZ  TYRE,1001,,104022,120/70ZR17 DR II-R  TL 58W,"7,977.00",4/1/2026,3/31/2027
2124,PIRELLI & METZ  TYRE,1001,,104023,190/55ZR17 SCORPION TRAIL II  TL 75W,"13,080.00",4/1/2026,3/31/2027
2124,PIRELLI & METZ  TYRE,1001,,104025,110/80R18 MT 60  TL 58H,"9,134.00",4/1/2026,3/31/2027
2124,PIRELLI & METZ  TYRE,1001,,104026,180/55R17 MT 60  TL 73H,"10,870.00",4/1/2026,3/31/2027
2124,PIRELLI & METZ  TYRE,1001,,104027,180/60ZR17 DIABLO ROSSO CORSA  TL 75W,"14,237.00",4/1/2026,3/31/2027
2124,PIRELLI & METZ  TYRE,1001,,104028,120/60ZR17 DIABLO ROSSO CORSA  TL 58W,"9,556.00",4/1/2026,3/31/2027
2124,PIRELLI & METZ  TYRE,1001,,104033,180/55ZR17 SCORPION TRAIL  TL 73W,"11,712.00",4/1/2026,3/31/2027
2124,PIRELLI & METZ  TYRE,1001,,104047,120/70ZR19 ME880 MARATHON F  TL 60W,"12,826.00",4/1/2026,3/31/2027
2124,PIRELLI & METZ  TYRE,1001,,104048,150/80R17 ME880 MARATHON  TL 72V,"13,079.00",4/1/2026,3/31/2027
2124,PIRELLI & METZ  TYRE,1001,,104050,120/60ZR17 RACETREC INTERAC  TL 58W,"9,554.00",4/1/2026,3/31/2027
2124,PIRELLI & METZ  TYRE,1001,,104052,110/80R19 TOURANCE NEXT  TL 59V,"7,779.00",4/1/2026,3/31/2027
2124,PIRELLI & METZ  TYRE,1001,,104055,120/70ZR17 DIABLO SUPERCORS  TL 58W,"9,972.00",4/1/2026,3/31/2027
2124,PIRELLI & METZ  TYRE,1001,,104062,200/50ZR17 ME880 MARATHON  TL 75W,"17,188.00",4/1/2026,3/31/2027
2124,PIRELLI & METZ  TYRE,1001,,104063,240/50R16 ME880 MARATHON  TL 84V,"17,695.00",4/1/2026,3/31/2027
2124,PIRELLI & METZ  TYRE,1001,,104064,180/55ZR17 DIABLO ROSSO CORSA  TL 73W,"12,572.00",4/1/2026,3/31/2027
2124,PIRELLI & METZ  TYRE,1001,,104065,190/55ZR17 RACETREC INTERAC  TL 75W,"13,561.00",4/1/2026,3/31/2027
2124,PIRELLI & METZ  TYRE,1001,,104066,150/70R17 SCORPION TRAIL  TL 69V,"7,404.00",4/1/2026,3/31/2027
2124,PIRELLI & METZ  TYRE,1001,,104067,150/70R17 TOURANCE NEXT  TL 69V,"9,630.00",4/1/2026,3/31/2027
2124,PIRELLI & METZ  TYRE,1001,,104069,180/55ZR17 DIABLO SUPERCORS  TL 73W,"13,206.00",4/1/2026,3/31/2027
2615,MOTORCYCLE TUBE PACK,1001,,104084,TUBE 3.25-19 PACKED BR V1,195.00,4/1/2026,3/31/2027
2010,Truck Bias Tyres,1001,,104101,10.00-20 MAXIMA E RIB MAXIMA  TT 16PR,"10,441.00",4/1/2026,3/31/2027
2015,Truck Rad Tyres,1001,,104102,10.00R20 WINMILE-R TT 16PR,"18,513.00",5/5/2026,3/31/2027
2015,Truck Rad Tyres,1001,,104103,9.00R20 WINMILE-R  TT 16PR,"15,682.00",5/5/2026,3/31/2027
2015,Truck Rad Tyres,1001,,104104,11.00R20 WINMILE-D TT 16PR,"20,408.00",4/1/2026,3/31/2027
2015,Truck Rad Tyres,1001,,104105,11.00R20 WINMILE-R TT 16PR,"20,274.00",5/5/2026,3/31/2027
2015,Truck Rad Tyres,1001,,104106,10.00R20 WINMILE-AW TT 16PR,"19,398.00",5/5/2026,3/31/2027
2015,Truck Rad Tyres,1001,,104107,11R22.5 WINMILE-R TL 16PR,"19,301.00",5/5/2026,3/31/2027
2015,Truck Rad Tyres,1001,,104108,295/80R22.5 WINMILE-R TL 16PR 152/148M,"20,868.00",5/5/2026,3/31/2027
2015,Truck Rad Tyres,1001,,104110,295/80R22.5 WINMILE-D TL 16PR,"20,747.00",4/1/2026,3/31/2027
2015,Truck Rad Tyres,1001,,104111,10.00R20 WINMILE D  TT 16PR,"14,158.00",4/1/2026,3/31/2027
2015,Truck Rad Tyres,1001,,104112,10.00R20 WINLOAD D  TT 16PR,"16,956.00",4/1/2026,3/31/2027
2015,Truck Rad Tyres,1001,,104113,10.00R20 WINSUPER-D  TT 16PR,"19,002.00",4/1/2026,3/31/2027
2015,Truck Rad Tyres,1001,,104114,275/80R22.5 WINMILE-R TL 16PR 149/146 L,"17,365.00",4/1/2026,3/31/2027
2615,MOTORCYCLE TUBE PACK,1001,,104162,TUBE 100/90-17 PACKED BR EXP,171.00,4/1/2026,3/31/2027
2295,Solid Tyres,1001,,104173,700X15(5.50) ROCK XL S LIP,"12,278.00",4/1/2026,3/31/2027
2090,Car Rad Tyres,1001,,104182,175/65R14 WINTERDRIVE  TL 82T  CEAT,"4,889.00",4/1/2026,3/31/2027
2090,Car Rad Tyres,1001,,104183,185/65R15 WINTERDRIVE  TL 88H  CEAT,"5,333.00",4/1/2026,3/31/2027
2090,Car Rad Tyres,1001,,104184,185/60R15 WINTERDRIVE  TL 88H XL CEAT,"5,333.00",4/1/2026,3/31/2027
2095,PCUV 17 PLUS,1001,,104185,225/45R17 WINTERDRIVE  TL 94V XL CEAT,"7,111.00",4/1/2026,3/31/2027
2090,Car Rad Tyres,1001,,104186,175/65R15 WINTERDRIVE  TL 84T  CEAT,"5,333.00",4/1/2026,3/31/2027
2090,Car Rad Tyres,1001,,104187,195/65R15 WINTERDRIVE  TL 91H  CEAT,"5,333.00",4/1/2026,3/31/2027
2090,Car Rad Tyres,1001,,104188,165/70R14 WINTERDRIVE  TL 81T  CEAT,"4,889.00",4/1/2026,3/31/2027
2090,Car Rad Tyres,1001,,104189,195/55R16 WINTERDRIVE  TL 87H  CEAT,"5,333.00",4/1/2026,3/31/2027
2090,Car Rad Tyres,1001,,104190,185/55R15 WINTERDRIVE  TL 86H XL CEAT,"4,889.00",4/1/2026,3/31/2027
2090,Car Rad Tyres,1001,,104191,155/80R13 WINTERDRIVE  TL 79T  CEAT,"4,444.00",4/1/2026,3/31/2027
2090,Car Rad Tyres,1001,,104192,155/70R13 WINTERDRIVE  TL 75T  CEAT,"4,444.00",4/1/2026,3/31/2027
2090,Car Rad Tyres,1001,,104193,215/65R16 WINTERDRIVE  TL 98H  CEAT,"5,778.00",4/1/2026,3/31/2027
2090,Car Rad Tyres,1001,,104194,195/60R15 WINTERDRIVE  TL 88H  CEAT,"4,889.00",4/1/2026,3/31/2027
2090,Car Rad Tyres,1001,,104195,205/60R16 WINTERDRIVE  TL 96H XL CEAT,"5,333.00",4/1/2026,3/31/2027
2090,Car Rad Tyres,1001,,104196,185/60R14 WINTERDRIVE  TL 82H  CEAT,"4,889.00",4/1/2026,3/31/2027
2090,Car Rad Tyres,1001,,104197,175/70R14 WINTERDRIVE  TL 88T XL CEAT,"4,444.00",4/1/2026,3/31/2027
2090,Car Rad Tyres,1001,,104198,165/65R14 WINTERDRIVE  TL 79T  CEAT,"4,444.00",4/1/2026,3/31/2027
2095,PCUV 17 PLUS,1001,,104199,225/50R17 WINTERDRIVE  TL 98V XL CEAT,"7,111.00",4/1/2026,3/31/2027
2090,Car Rad Tyres,1001,,104200,215/55R16 WINTERDRIVE  TL 97H XL CEAT,"5,778.00",4/1/2026,3/31/2027
2095,PCUV 17 PLUS,1001,,104202,215/45R17 SPORTDRIVE TL 91Y XL CEAT,"6,309.00",4/1/2026,3/31/2027
2095,PCUV 17 PLUS,1001,,104203,225/50R17 SPORTDRIVE TL 98Y XL CEAT,"8,191.00",4/1/2026,3/31/2027
2095,PCUV 17 PLUS,1001,,104204,225/40R18 SPORTDRIVE TL 92Y XL CEAT,"7,750.00",4/1/2026,3/31/2027
2112,Scooter TL Tyres,1001,,104231,3.00-10 ZOOM D  TL 42J,780.00,5/1/2026,3/31/2027
2112,Scooter TL Tyres,1001,,104232,90/90-12 MILAZE  TL 54J,757.00,4/1/2026,3/31/2027
2120,MOTORCYCLE TT TYRE,1001,,104252,100/90-16 GRIPP CRUZ  TT 54P,"1,094.00",5/1/2026,3/31/2027
2120,MOTORCYCLE TT TYRE,1001,,104253,2.75-18 GRIPP CRUZ F  TT 42P,892.00,4/1/2026,3/31/2027
2015,Truck Rad Tyres,1001,,104261,12.00R24 UT509 UNITED TT 20PR,"17,024.00",4/1/2026,3/31/2027
2015,Truck Rad Tyres,1001,,104262,315/80R22.5 UT505 TL 18PR,"17,924.00",4/1/2026,3/31/2027
2100,UV Rad Tyres,1001,,104264,195/60R16 SECURADRIVE TL 89V CEAT,"5,088.00",4/1/2026,3/31/2027
2090,Car Rad Tyres,1001,,104265,215/65R16 SECURADRIVE TL 98V CEAT,"6,511.00",4/1/2026,3/31/2027
2090,Car Rad Tyres,1001,,104266,205/60R16 SECURADRIVE  TL 96V XL CEAT,"5,869.00",5/1/2026,3/31/2027
2090,Car Rad Tyres,1001,,104267,205/65R15 SECURADRIVE  TL 94V  CEAT,"4,316.00",4/1/2026,3/31/2027
2090,Car Rad Tyres,1001,,104268,205/50R16 SECURADRIVE TL 87W CEAT,"4,572.00",4/1/2026,3/31/2027
2090,Car Rad Tyres,1001,,104269,205/60R15 SECURADRIVE TL 91V CEAT,"5,099.00",4/1/2026,3/31/2027
2090,Car Rad Tyres,1001,,104270,195/50R16 SECURADRIVE TL 88V XL CEAT,"4,193.00",4/1/2026,3/31/2027
2095,PCUV 17 PLUS,1001,,104271,215/55R18 SECURADRIVE TL 99V XL CEAT,"7,447.00",4/1/2026,3/31/2027
2140,Tractor Front,1001,,104272,6.00-12 AAYUSHMAAN PLUS TT 4PR,"2,894.00",4/1/2026,3/31/2027
2090,Car Rad Tyres,1001,,104281,205/55R16 SECURADRIVE TL 91V,"5,855.00",4/1/2026,3/31/2027
2090,Car Rad Tyres,1001,,104282,195/55R16 SECURADRIVE  TL 87V,"5,538.00",5/1/2026,3/31/2027
2100,UV Rad Tyres,1001,,104283,215/60R16 SECURA DRIVE TL 99V XL,"5,068.00",4/1/2026,3/31/2027
2095,PCUV 17 PLUS,1001,,104284,215/55R17 SECURA DRIVE TL 94W,"5,480.00",4/1/2026,3/31/2027
2010,Truck Bias Tyres,1001,,104291,10.00-20 MILE XL RIB TRAILR MIXR TT 16PR,"7,097.35",4/1/2026,3/31/2027
2615,MOTORCYCLE TUBE PACK,1001,,104293,TUBE 100/90-18 PACKED BR EXP,180.00,4/1/2026,3/31/2027
2615,MOTORCYCLE TUBE PACK,1001,,104294,"TUBE 2.50-18,2.75-18 PACKED BR EXP",155.00,4/1/2026,3/31/2027
2615,MOTORCYCLE TUBE PACK,1001,,104295,TUBE 3.00-18 PACKED BR EXP,155.00,4/1/2026,3/31/2027
2150,Tractor Rear,1001,,104311,16.9-28 AAYUSHMAAN PLUS TT 12PR,"25,354.00",4/1/2026,3/31/2027
2150,Tractor Rear,1001,,104312,14.9-28 AAYUSHMAAN PLUS TT 12PR,"20,334.00",4/1/2026,3/31/2027
2170,ADV,1001,,104313,6.00-19 BULAND PLUS  TT 8PR,"2,554.00",4/1/2026,3/31/2027
2140,Tractor Front,1001,,104314,6.00-16 AAYUSHMAAN PLUS  TT 8PR,"3,329.00",4/1/2026,3/31/2027
2050,LM Bias Tyres,1001,,104341,165D14 BULAND MILE XL TT 8PR,"3,151.00",4/1/2026,3/31/2027
2050,LM Bias Tyres,1001,,104342,165D13 BULAND MILE XL RIB  TT 8PR,"2,485.00",4/1/2026,3/31/2027
2050,LM Bias Tyres,1001,,104343,165D13 BULAND MILE XL  TT 8PR,"2,637.00",4/1/2026,3/31/2027
2299,Telehandler Bias,1001,,104361,15.5/80-24 LIFT PRO TL 16PR,"15,237.44",4/1/2026,3/31/2027
2150,Tractor Rear,1001,,104371,8.3-20 AAYUSHMAAN PLUS TT 6PR,"4,687.96",4/1/2026,3/31/2027
2170,ADV,1001,,104372,5.00-19 BULAND  TT 6PR,"1,929.00",4/1/2026,3/31/2027
2050,LM Bias Tyres,1001,,104391,155D12 BULAND MILE XL RIB TT 8PR,"1,977.00",4/1/2026,3/31/2027
2050,LM Bias Tyres,1001,,104392,155D12 BULAND MILE XL TT 8PR,"2,173.00",4/1/2026,3/31/2027
2050,LM Bias Tyres,1001,,104393,4.50-10 BULAND MILE XL RIB TT 8PR,"1,581.00",4/1/2026,3/31/2027
2050,LM Bias Tyres,1001,,104394,4.50-10 BULAND MILE XL TT 8PR,"1,742.00",5/5/2026,3/31/2027
2050,LM Bias Tyres,1001,,104395,165D14 BULAND MILE XL RIB TT 8PR,"2,901.00",4/1/2026,3/31/2027
2050,LM Bias Tyres,1001,,104396,165D12 BULAND MILE XL TT 8PR,"2,526.00",4/1/2026,3/31/2027
2050,LM Bias Tyres,1001,,104397,165D12 BULAND MILE XL RIB TT 8PR,"2,226.00",4/1/2026,3/31/2027
2050,LM Bias Tyres,1001,,104398,185D14 BULAND MILE XL TT 8PR,"3,723.00",4/1/2026,3/31/2027
2050,LM Bias Tyres,1001,,104399,185D14 BULAND MILE XL RIB TT 8PR,"3,457.00",4/1/2026,3/31/2027
2615,MOTORCYCLE TUBE PACK,1001,,104407,TUBE 3.00-17 PACKED BR EXP,154.00,4/1/2026,3/31/2027
2122,MOTORCYCLE TL TYRE,1001,,104411,80/100-18 SECURA ZOOM F PS TL 47P V1,"1,183.00",4/1/2026,3/31/2027
2122,MOTORCYCLE TL TYRE,1001,,104412,80/100-18 SECURA ZOOM+ PS TL 54P V1,"1,149.00",4/1/2026,3/31/2027
2122,MOTORCYCLE TL TYRE,1001,,104413,2.75-17 GRIPP F PS TL 41P V1,"1,059.00",4/1/2026,3/31/2027
2122,MOTORCYCLE TL TYRE,1001,,104414,2.75-18 GRIPP F PS TL 42P V1,"1,196.00",4/1/2026,3/31/2027
2122,MOTORCYCLE TL TYRE,1001,,104415,2.75-18 MILAZE PS TL 48P V1,"1,198.00",4/1/2026,3/31/2027
2122,MOTORCYCLE TL TYRE,1001,,104416,3.00-17 MILAZE PS TL 50P V1,"1,317.00",4/1/2026,3/31/2027
2122,MOTORCYCLE TL TYRE,1001,,104417,3.00-18 MILAZE PS TL 52P V1,"1,287.00",4/1/2026,3/31/2027
2122,MOTORCYCLE TL TYRE,1001,,104422,80/100-18 GRIPP F  TL 47P,924.00,4/1/2026,3/31/2027
2122,MOTORCYCLE TL TYRE,1001,,104423,80/100-18 GRIPP TL 54P,"1,036.00",4/1/2026,3/31/2027
2126,Motorcycle Premium B,1001,,104424,110/90-18 ZOOM PLUS TL 61P,"1,607.00",5/1/2026,3/31/2027
2150,Tractor Rear,1001,,104432,9.5-20 AAYUSHMAAN DEEP LUG TT 6PR,"7,125.00",4/1/2026,3/31/2027
2140,Tractor Front,1001,,104433,6.00-12 AAYUSHMAAN DEEP LUG  TT 4PR,"2,806.00",4/1/2026,3/31/2027
2090,Car Rad Tyres,1001,,104434,155/80R13 FUELSMARRT  TL 79T,"2,790.00",4/1/2026,3/31/2027
2090,Car Rad Tyres,1001,,104435,165/70R14 FUELSMARRT TL 81T,"2,700.00",5/1/2026,3/31/2027
2015,Truck Rad Tyres,1001,,104439,295/80R22.5 WINMILE R  TL 16PR + RIM,"18,920.00",4/1/2026,3/31/2027
2015,Truck Rad Tyres,1001,,104440,295/80R22.5 WINMILE D  TL 16PR + RIM,"20,410.00",4/1/2026,3/31/2027
2090,Car Rad Tyres,1001,,104445,145/80R12 FUELSMARRT  TL 74T,"2,246.00",4/1/2026,3/31/2027
2090,Car Rad Tyres,1001,,104446,145/80R13 FUELSMARRT  TL 75T,"2,560.00",4/1/2026,3/31/2027
2640,Tractor Rear Tubes,1001,,104447,TUBE 9.5-20 BR LOOSE,641.00,4/1/2026,3/31/2027
2010,Truck Bias Tyres,1001,,104452,10.00-20 LYFMAX RIB  TT 16PR,"13,542.00",4/1/2026,3/31/2027
2050,LM Bias Tyres,1001,,104504,205 D 14 Buland Mile XL,"3,485.00",4/1/2026,3/31/2027
2170,ADV,1001,,104505,7.00-19 BULAND PLUS  TT 10PR,"3,774.00",4/1/2026,3/31/2027
2280,Grader,1001,,104506,13.00-24 GRADER XL PLUS TT 12PR G2/L2,"18,194.00",4/1/2026,3/31/2027
2150,Tractor Rear,1001,,104514,13.6-28 AAYUSHMAAN TL 12PR,"16,732.00",4/1/2026,3/31/2027
2090,Car Rad Tyres,1001,,104515,155/80R13 ECODRIVE  TL 79T  CEAT,"2,844.00",4/1/2026,3/31/2027
2090,Car Rad Tyres,1001,,104516,155/65R13 ECODRIVE TL 73H CEAT,"2,667.00",4/1/2026,3/31/2027
2090,Car Rad Tyres,1001,,104517,175/65R15 ECODRIVE TL 84H CEAT,"3,556.00",4/1/2026,3/31/2027
2090,Car Rad Tyres,1001,,104518,155/70R13 ECODRIVE TL 75T CEAT,"2,667.00",4/1/2026,3/31/2027
2090,Car Rad Tyres,1001,,104519,155/65R14 ECODRIVE TL 75T CEAT,"3,022.00",4/1/2026,3/31/2027
2090,Car Rad Tyres,1001,,104520,165/70R13 ECODRIVE TL 83T XL CEAT,"3,022.00",4/1/2026,3/31/2027
2090,Car Rad Tyres,1001,,104521,165/60R14 ECODRIVE TL 75H CEAT,"3,289.00",4/1/2026,3/31/2027
2090,Car Rad Tyres,1001,,104522,165/65R13 ECODRIVE TL 77H CEAT,"2,844.00",4/1/2026,3/31/2027
2090,Car Rad Tyres,1001,,104523,165/65R15 ECODRIVE TL 81H CEAT,"3,378.00",4/1/2026,3/31/2027
2090,Car Rad Tyres,1001,,104524,175/60R15 ECODRIVE TL 81V CEAT,"3,556.00",4/1/2026,3/31/2027
2100,UV Rad Tyres,1001,,104525,195/75R16C ENDURADRIVE TL 107/105R CEAT,"4,444.00",4/1/2026,3/31/2027
2095,PCUV 17 PLUS,1001,,104535,205/45R17 SPORTDRIVE TL 88Y XL CEAT,"6,130.00",4/1/2026,3/31/2027
2095,PCUV 17 PLUS,1001,,104536,205/50R17 SPORTDRIVE TL 93Y XL CEAT,"6,065.00",4/1/2026,3/31/2027
2095,PCUV 17 PLUS,1001,,104537,245/40R18 SPORTDRIVE TL 97Y XL CEAT,"10,135.00",4/1/2026,3/31/2027
2095,PCUV 17 PLUS,1001,,104538,235/45R17 SPORTDRIVE TL 97Y XL CEAT,"2,055.00",4/1/2026,3/31/2027
2095,PCUV 17 PLUS,1001,,104539,215/50R17 SPORTDRIVE TL 95Y XL CEAT,"5,760.00",4/1/2026,3/31/2027
2095,PCUV 17 PLUS,1001,,104540,245/45R18 SPORTDRIVE TL 100Y XL CEAT,"9,683.00",4/1/2026,3/31/2027
2630,Tractor Front Tubes,1001,,104546,TUBE 6.00-12 BR LOOSE,200.00,4/1/2026,3/31/2027
2095,PCUV 17 PLUS,1001,,104557,215/60R17 CZAR HP  TL 96H,"5,468.00",4/1/2026,3/31/2027
2030,LCV Bias Tyres,1001,,104563,7.50-16 BULAND MILE XL RIB+HD TT 14PR,"5,070.00",4/1/2026,3/31/2027
2610,MOTORCYCLE TUBE LOOS,1001,,104575,TUBE 100/90-16 LOOSE BR,205.00,4/1/2026,3/31/2027
2090,Car Rad Tyres,1001,,104581,215/55R16 SECURADRIVE TL 97W,"6,270.00",4/1/2026,3/31/2027
2100,UV Rad Tyres,1001,,104582,205/60R16 SecuraDrive TL 96V XL,"5,869.00",5/1/2026,3/31/2027
2122,MOTORCYCLE TL TYRE,1001,,104584,80/100-17 ZOOM XL F  TL 46P BJ,883.00,4/1/2026,3/31/2027
2090,Car Rad Tyres,1001,,104587,205/55R16 SEASONDRIVE TL 94V CEAT,"5,075.00",4/1/2026,3/31/2027
2690,BHL Tubes,1001,,104593,TUBE 12.50/80-18 BR PACKED,"1,108.00",4/1/2026,3/31/2027
2690,BHL Tubes,1001,,104594,TUBE 9.00-16 BR PACKED V2,910.00,4/1/2026,3/31/2027
2040,LCV Rad Tyres,1001,,104601,7.00R15 MILAZE RD  TT 10PR,"5,235.00",4/1/2026,3/31/2027
2211,OTR Radial,1001,,104609,20.5R25 TRAC XLR11 2 STAR TL E3/L3,"94,142.00",4/1/2026,3/31/2027
2210,Port,1001,,104610,14.00-24 GMND TL 28PR E3 IND,"43,533.00",4/1/2026,3/31/2027
2295,Solid Tyres,1001,,104619,750 X 20/6.00 ROCK XL S,"16,084.00",4/1/2026,3/31/2027
2295,Solid Tyres,1001,,104620,825 X 20/6.50 ROCK XL S,"29,540.00",4/1/2026,3/31/2027
2130,3-Wheeler Tyres,1001,,104631,4.00-8 BULAND TT 76F E4 EXP,937.00,4/1/2026,3/31/2027
2190,Earthmover/Loader,1001,,104636,23.5-25 TRAC XL TT 20PR E3/L3,"74,422.00",4/1/2026,3/31/2027
2090,Car Rad Tyres,1001,,104646,205/65R15 94V SECURADRIVE TL (DOM),"4,360.00",4/1/2026,3/31/2027
2295,Solid Tyres,1001,,104661,28 X 12.5 - 15 / 9.75 ROCK XL S LIP,"23,387.00",4/1/2026,3/31/2027
2295,Solid Tyres,1001,,104662,8.15-15 /7.0 ROCK XL S LIP,"13,746.00",4/1/2026,3/31/2027
2211,OTR Radial,1001,,104664,26.5R25 ROCK XLR21 2 STAR TL,"238,601.00",4/1/2026,3/31/2027
2015,Truck Rad Tyres,1001,,104666,11R22.5 PRO R10 M TL 16PR,"19,180.00",5/5/2026,3/31/2027
2045,Light Truck Steel,1001,,104669,7.00R16 MILAZE AW  TT 14PR,"5,295.00",4/1/2026,3/31/2027
2045,Light Truck Steel,1001,,104670,7.50R16 MILAZE  TT 16PR,"6,540.00",4/1/2026,3/31/2027
2030,LCV Bias Tyres,1001,,104672,7.50-16 LYFMAX X3-R TT 16PR,"6,601.00",4/1/2026,3/31/2027
2045,Light Truck Steel,1001,,104681,8.25R16 MILAZE  TT 16PR,"8,075.00",4/1/2026,3/31/2027
2045,Light Truck Steel,1001,,104682,235/75R17.5 MILAZE  TL 16PR,"11,250.00",4/1/2026,3/31/2027
2530,LCV Rad Tubes,1001,,104683,TUBE 7.00R16 LOOSE BR,448.00,4/1/2026,3/31/2027
2530,LCV Rad Tubes,1001,,104684,TUBE 7.50R16 LOOSE BR,472.00,4/1/2026,3/31/2027
2530,LCV Rad Tubes,1001,,104685,TUBE 8.25R16 LOOSE BR,516.00,4/1/2026,3/31/2027
2825,LCV RAD FLAPS,1001,,104686,FLAP 7.00R16,222.00,4/1/2026,3/31/2027
2825,LCV RAD FLAPS,1001,,104687,FLAP 7.50R16,224.00,4/1/2026,3/31/2027
2825,LCV RAD FLAPS,1001,,104688,FLAP 8.25R16,222.00,4/1/2026,3/31/2027
2150,Tractor Rear,1001,,104695,15.5-38 AAYUSHMAAN TT 10PR,"19,472.00",4/1/2026,3/31/2027
2270,Hvy Tractor Rear,1001,,104696,16.9-30 AAYUSHMAAN TT 12PR,"23,422.00",4/1/2026,3/31/2027
2010,Truck Bias Tyres,1001,,104701,10.00-20 LYFMAX LUG  TT 16PR,"14,866.00",4/1/2026,3/31/2027
2100,UV Rad Tyres,1001,,104712,195/65R16C ENDURADRIVE TL 104/102T CEAT,"4,267.00",4/1/2026,3/31/2027
2100,UV Rad Tyres,1001,,104713,195/70R15C ENDURADRIVE TL 104/102T CEAT,"4,089.00",4/1/2026,3/31/2027
2100,UV Rad Tyres,1001,,104714,215/70R15C ENDURADRIVE TL 109/107T CEAT,"4,889.00",4/1/2026,3/31/2027
2100,UV Rad Tyres,1001,,104715,225/65R16C ENDURADRIVE TL 112/110T CEAT,"5,333.00",4/1/2026,3/31/2027
2100,UV Rad Tyres,1001,,104731,205/65R16 CZAR HP  TL 95H,"4,600.00",4/1/2026,3/31/2027
2211,OTR Radial,1001,,104741,12.00R20 LXLM71 TT 18PR,"27,916.00",4/1/2026,3/31/2027
2211,OTR Radial,1001,,104742,14.00R20 TRAC XLR81 TT 20PR,"47,276.00",4/1/2026,3/31/2027
2211,OTR Radial,1001,,104743,17.5R25 TRAC XLR51 2 STAR TL E3/L3,"71,439.00",4/1/2026,3/31/2027
2211,OTR Radial,1001,,104744,24.00R35 TRAC XLR11 2 STAR TL,"371,059.00",4/1/2026,3/31/2027
2211,OTR Radial,1001,,104745,29.5R25 ROCK XLR21 2 STAR TL,"336,183.00",4/1/2026,3/31/2027
2615,MOTORCYCLE TUBE PACK,1001,,104748,"TUBE 2.50-17,2.75-17 PACKED BR MOB V1",124.00,4/1/2026,3/31/2027
2615,MOTORCYCLE TUBE PACK,1001,,104749,"TUBE 2.50-18,2.75-18 PACKED BR MOB V1",148.00,4/1/2026,3/31/2027
2615,MOTORCYCLE TUBE PACK,1001,,104750,TUBE 3.00-17 PACKED BR MOB V1,146.00,4/1/2026,3/31/2027
2615,MOTORCYCLE TUBE PACK,1001,,104751,TUBE 3.00-18 PACKED BR MOB V1,148.00,4/1/2026,3/31/2027
2615,MOTORCYCLE TUBE PACK,1001,,104752,TUBE 100/90-17 PACKED BR MOB V1,165.00,4/1/2026,3/31/2027
2615,MOTORCYCLE TUBE PACK,1001,,104753,TUBE 100/90-18 PACKED BR MOB V1,178.00,4/1/2026,3/31/2027
2615,MOTORCYCLE TUBE PACK,1001,,104754,"TUBE 2.50-17,2.75-17 PACKED BR P.PATCH",124.00,4/1/2026,3/31/2027
2615,MOTORCYCLE TUBE PACK,1001,,104755,"TUBE 2.50-18,2.75-18 PACKED BR P.PATCH V",148.00,4/1/2026,3/31/2027
2615,MOTORCYCLE TUBE PACK,1001,,104756,TUBE 3.00-17 PACKED BR P.PATCH,146.00,4/1/2026,3/31/2027
2615,MOTORCYCLE TUBE PACK,1001,,104757,TUBE 3.00-18 PACKED BR P.PATCH,148.00,4/1/2026,3/31/2027
2615,MOTORCYCLE TUBE PACK,1001,,104758,TUBE 100/90-17 PACKED BR P.PATCH,165.00,4/1/2026,3/31/2027
2615,MOTORCYCLE TUBE PACK,1001,,104759,TUBE 100/90-18 PACKED BR P.PATCH,178.00,4/1/2026,3/31/2027
2500,Truck Bias Tubes,1001,,104762,TUBE 10.00-20 LOOSE BR SPL TRIPLE BEND,"1,141.00",4/1/2026,3/31/2027
2200,Mining,1001,,104781,14.00-20 TRAC XL TL 22PR E3,"33,836.00",4/1/2026,3/31/2027
2015,Truck Rad Tyres,1001,,104812,10.00R20 CHINESE TEST TYRE   TT 16PR,"14,327.00",4/1/2026,3/31/2027
2015,Truck Rad Tyres,1001,,104813,8.25R20 CHINESE TEST TYRE   TT 16PR,"11,359.00",4/1/2026,3/31/2027
2090,Car Rad Tyres,1001,,104814,155/70R13 FUELSMARRT  TL 75T,"2,936.00",4/1/2026,3/31/2027
2090,Car Rad Tyres,1001,,104815,175/70R14 FUELSMARRT  TL 84H,"4,100.00",4/1/2026,3/31/2027
2090,Car Rad Tyres,1001,,104816,165/65R14 FUELSMARRT TL 79T,"3,264.00",4/1/2026,3/31/2027
2040,LCV Rad Tyres,1001,,104823,7.00R15 MILAZE HD  TT 10PR,"6,383.00",4/1/2026,3/31/2027
2015,Truck Rad Tyres,1001,,104832,315/80R22.5 NXG R1 TL 18PR,"14,517.00",4/1/2026,3/31/2027
2015,Truck Rad Tyres,1001,,104833,315/80R22.5 PRO S10 RD SWR18PRTL154/150M,"27,000.00",4/1/2026,3/31/2027
2015,Truck Rad Tyres,1001,,104834,315/80R22.5 PRO B10 TL 18PR,"24,361.00",4/1/2026,3/31/2027
2015,Truck Rad Tyres,1001,,104835,315/80R22.5 18PR PRO R10 RD TL SWR,"21,676.00",4/1/2026,3/31/2027
2015,Truck Rad Tyres,1001,,104836,315/80R22.5 NXG B1 TL 18PR,"15,261.00",4/1/2026,3/31/2027
2015,Truck Rad Tyres,1001,,104837,12.00R24 NXG S1 TT 20PR,"14,950.00",4/1/2026,3/31/2027
2200,Mining,1001,,104839,12.00-20 TRAC XL PLUS TT 20PR,"19,605.00",4/1/2026,3/31/2027
2230,Flotation Bias,1001,,104840,550/60-22.5 FLOTATION TX440 TL 16PR,"26,007.00",4/1/2026,3/31/2027
2015,Truck Rad Tyres,1001,,104843,315/80R22.5 NXG S1 TL 18PR,"13,871.00",4/1/2026,3/31/2027
2090,Car Rad Tyres,1001,,104845,175/70R13 MILAZE  TL 82T  SWR,"2,540.00",4/1/2026,3/31/2027
2090,Car Rad Tyres,1001,,104846,175/60R13 GRIPP LN  TL 77H SWR,"2,705.00",4/1/2026,3/31/2027
2090,Car Rad Tyres,1001,,104847,185/65R14 MILAZE  TL 86T SWR,"2,495.00",4/1/2026,3/31/2027
2090,Car Rad Tyres,1001,,104848,185/65R15 GRIPP LN  TL 88H  SWR,"3,196.00",4/1/2026,3/31/2027
2090,Car Rad Tyres,1001,,104849,205/60R14 GRIPP LN TL 88H SWR,"1,646.40",4/1/2026,3/31/2027
2090,Car Rad Tyres,1001,,104850,205/60R15 GRIPP LN TL 91H SWR,"1,832.80",4/1/2026,3/31/2027
2290,Skid Steer,1001,,104855,10-16.5 GRIP X HD TL 10PR,"7,936.00",4/1/2026,3/31/2027
2290,Skid Steer,1001,,104856,12-16.5 GRIP X HD TL 12PR,"11,585.00",4/1/2026,3/31/2027
2290,Skid Steer,1001,,104857,10-16.5 LOADER PRO TL 10PR,"6,255.00",4/1/2026,3/31/2027
2290,Skid Steer,1001,,104858,12-16.5 LOADER PRO TL 12PR,"8,042.00",4/1/2026,3/31/2027
2230,Flotation Bias,1001,,104861,600/50-22.5 FLOTATION TX440 TL 16PR,"26,116.00",4/1/2026,3/31/2027
2230,Flotation Bias,1001,,104862,500/60-22.5 FLOTATION TX440 TL 16PR,"22,729.00",4/1/2026,3/31/2027
2230,Flotation Bias,1001,,104863,700/40-22.5 FLOTATION TX440 TL 16PR,"29,334.00",4/1/2026,3/31/2027
2100,UV Rad Tyres,1001,,104871,215/70R16 CZAR HP TL 100H,"4,764.00",4/1/2026,3/31/2027
2176,Tractor Radial,1001,,104874,340/85R24 FARMAX R85 TL 125A8/B,"13,448.00",4/1/2026,3/31/2027
2176,Tractor Radial,1001,,104875,340/85R28 FARMAX R85 TL 127A8/B,"14,976.95",4/1/2026,3/31/2027
2176,Tractor Radial,1001,,104876,380/85R24 FARMAX R85 TL 131A8/B,"15,666.78",4/1/2026,3/31/2027
2176,Tractor Radial,1001,,104877,380/85R28 FARMAX R85 TL 133A8/B,"16,941.00",4/1/2026,3/31/2027
2090,Car Rad Tyres,1001,,104880,175/65R15 4SEASONDRIVE TL 84T CEAT,"4,000.00",4/1/2026,3/31/2027
2810,TRUCK BIAS FLAPS,1001,,104881,"FLAP 11.00-20, 12.00-20 PP",455.00,4/1/2026,3/31/2027
2090,Car Rad Tyres,1001,,104891,165/70R14 4SEASONDRIVE TL 81T CEAT,"3,556.00",4/1/2026,3/31/2027
2090,Car Rad Tyres,1001,,104892,175/65R14 4SEASONDRIVE TL 82T CEAT,"3,733.00",4/1/2026,3/31/2027
2090,Car Rad Tyres,1001,,104893,185/65R15 4SEASONDRIVE  TL 88H  CEAT,"4,267.00",4/1/2026,3/31/2027
2176,Tractor Radial,1001,,104903,280/85R24 FARMAX R85 TL 115A8/B,"10,497.00",6/23/2021,12/31/9999
2176,Tractor Radial,1001,,104904,280/85R28 FARMAX R85 TL 118A8/B,"11,539.00",4/1/2026,3/31/2027
2176,Tractor Radial,1001,,104906,340/85R38 FARMAX R85 TL 133A8/B,"23,031.61",4/1/2026,3/31/2027
2176,Tractor Radial,1001,,104908,420/85R24 FARMAX R85 TL 137A8/B,"21,292.00",4/1/2026,3/31/2027
2176,Tractor Radial,1001,,104909,420/85R28 FARMAX R85 TL 139A8/B,"29,633.43",4/1/2026,3/31/2027
2176,Tractor Radial,1001,,104910,420/85R30 FARMAX R85 TL 140A8/B,"31,200.00",4/1/2026,3/31/2027
2176,Tractor Radial,1001,,104911,420/85R34 FARMAX R85 TL 142A8/B,"24,661.29",4/1/2026,3/31/2027
2176,Tractor Radial,1001,,104912,420/85R38 FARMAX R85 TL 144A8/B,"30,093.40",4/1/2026,3/31/2027
2176,Tractor Radial,1001,,104913,460/85R30 FARMAX R85 TL 145A8/B,"26,134.12",12/15/2023,12/29/2023
2176,Tractor Radial,1001,,104914,460/85R34 FARMAX R85 TL 147A8/B,"28,800.21",4/1/2026,3/31/2027
2176,Tractor Radial,1001,,104915,460/85R38 FARMAX R85 TL 149A8/B,"31,808.00",4/1/2026,3/31/2027
2176,Tractor Radial,1001,,104916,520/85R38 FARMAX R85 TL 155A8/B,"55,985.68",4/1/2026,3/31/2027
2122,MOTORCYCLE TL TYRE,1001,,104919,80/100-17 ZOOM XL F  TL 46P PULSAR BS4,883.00,4/1/2026,3/31/2027
2122,MOTORCYCLE TL TYRE,1001,,104920,100/90-17 ZOOM XL  TL 55P PULSAR BS4,"1,354.00",4/1/2026,3/31/2027
2220,Compactor,1001,,104922,23.1-26 COMPACTOR C305 TL 8PR,"37,613.00",4/1/2026,3/31/2027
2120,MOTORCYCLE TT TYRE,1001,,104931,90/90-19 PRO GRIPP F  TT 52P,"1,315.00",4/1/2026,3/31/2027
2120,MOTORCYCLE TT TYRE,1001,,104932,120/80-18 PRO GRIPP TT 62P,"1,354.00",4/1/2026,3/31/2027
2122,MOTORCYCLE TL TYRE,1001,,104933,100/90-18 ZOOM PLUS F  TL 56H,"1,436.00",4/1/2026,3/31/2027
2122,MOTORCYCLE TL TYRE,1001,,104934,130/70-18 ZOOM PLUS  TL 63H,"1,593.00",4/1/2026,3/31/2027
2112,Scooter TL Tyres,1001,,104935,120/70-14 ZOOM PLUS TL 55P,"1,465.00",5/1/2026,3/31/2027
2122,MOTORCYCLE TL TYRE,1001,,104941,90/90-18 SECURA ZOOM+ TL 51P,"1,381.00",5/1/2026,3/31/2027
2015,Truck Rad Tyres,1001,,104956,10.00R20 RD116 TT 16PR,"18,380.00",4/1/2026,3/31/2027
2015,Truck Rad Tyres,1001,,104957,295/80R22.5 RD216  TL 16PR,"18,920.00",4/1/2026,3/31/2027
2015,Truck Rad Tyres,1001,,104958,295/80R22.5 RD316  TL 16PR,"20,410.00",4/1/2026,3/31/2027
2250,BHL,1001,,104961,12.5/80-18 / 12PR TYROCK IND TL,"11,680.00",4/1/2026,3/31/2027
2090,Car Rad Tyres,1001,,104962,155/80R13 MILAZE  TL 79T MSIL CELERIO,"2,560.00",4/1/2026,3/31/2027
2030,LCV Bias Tyres,1001,,104968,7.50-16 K-300+HD LT KOMBAT  TT 14PR,"5,239.00",4/1/2026,3/31/2027
2030,LCV Bias Tyres,1001,,104969,7.50-16 K-100+HD KOMBAT  TT 14PR,"7,859.00",4/1/2026,3/31/2027
2010,Truck Bias Tyres,1001,,104970,10.00-20 K-300+HD KOMBAT  TT 16PR,"8,125.00",4/1/2026,3/31/2027
2030,LCV Bias Tyres,1001,,104972,7.50-16 MILE XL SL TT 14PR,"4,002.70",4/1/2026,3/31/2027
2125,MOTORCYCLE RAD TYRE,1001,,104974,150/60R17 ZOOM RAD X1 TL 66H,"3,076.00",5/1/2026,3/31/2027
2125,MOTORCYCLE RAD TYRE,1001,,104975,130/70R17 M/C 62P CEAT ZOOM RAD TUBELESS,"2,456.00",5/1/2026,3/31/2027
2125,MOTORCYCLE RAD TYRE,1001,,104976,110/70R17 ZOOM RAD X1 F TL 54H,"2,396.00",5/1/2026,3/31/2027
2211,OTR Radial,1001,,104983,23.50R25 ROCK XLR21 2 STAR TL,"183,595.00",4/1/2026,3/31/2027
2010,Truck Bias Tyres,1001,,104991,10.00-20 K-100+HD KOMBAT  TT 16PR,"10,400.00",4/1/2026,3/31/2027
2010,Truck Bias Tyres,1001,,104992,11.00-20 K-300+HD KOMBAT  TT 16PR,"10,530.00",4/1/2026,3/31/2027
2010,Truck Bias Tyres,1001,,104994,10.00-20 K-200+HD KOMBAT  TT 16PR,"11,049.00",4/1/2026,3/31/2027
2122,MOTORCYCLE TL TYRE,1001,,104996,80/100-18 ZOOM PLUS X3  TL 54P,"1,260.00",5/1/2026,3/31/2027
2090,Car Rad Tyres,1001,,104997,175/65R14 MILAZE X3 TL 82T,"3,645.00",4/1/2026,3/31/2027
2090,Car Rad Tyres,1001,,104998,175/65R14 MILAZE X3  TT 82T,"3,020.00",4/1/2026,3/31/2027
2100,UV Rad Tyres,1001,,104999,205/65R15 MILAZE X3 TL 94S,"5,137.00",4/1/2026,3/31/2027
2090,Car Rad Tyres,1001,,105000,165/65R14 MILAZE X3 TL 79T,"3,262.00",4/1/2026,3/31/2027
2090,Car Rad Tyres,1001,,105001,155/65R13 WINTERDRIVE  TL 73T CEAT,"3,111.00",4/1/2026,3/31/2027
2095,PCUV 17 PLUS,1001,,105002,225/55R17 WINTERDRIVE  TL 101V XL CEAT,"8,000.00",4/1/2026,3/31/2027
2090,Car Rad Tyres,1001,,105003,145/80R13 WINTERDRIVE  TL 75T CEAT,"3,556.00",4/1/2026,3/31/2027
2090,Car Rad Tyres,1001,,105004,155/65R14 WINTERDRIVE  TL 75T CEAT,"4,000.00",4/1/2026,3/31/2027
2090,Car Rad Tyres,1001,,105005,185/65R14 WINTERDRIVE  TL 86H CEAT,"4,444.00",4/1/2026,3/31/2027
2090,Car Rad Tyres,1001,,105006,195/55R15 WINTERDRIVE  TL 89H XL CEAT,"4,889.00",4/1/2026,3/31/2027
2090,Car Rad Tyres,1001,,105007,195/50R15 WINTERDRIVE  TL 82H CEAT,"4,889.00",4/1/2026,3/31/2027
2090,Car Rad Tyres,1001,,105008,215/60R16 WINTERDRIVE  TL 99H XL CEAT,"7,111.00",4/1/2026,3/31/2027
2095,PCUV 17 PLUS,1001,,105009,215/55R17 WINTERDRIVE  TL 98V XL CEAT,"7,556.00",4/1/2026,3/31/2027
2095,PCUV 17 PLUS,1001,,105010,205/50R17 WINTERDRIVE  TL 93V XL CEAT,"7,289.00",4/1/2026,3/31/2027
2122,MOTORCYCLE TL TYRE,1001,,105021,80/100-18 SECURA ZOOM F PS TL 47P V2,"1,324.00",4/1/2026,3/31/2027
2122,MOTORCYCLE TL TYRE,1001,,105022,80/100-18 SECURA ZOOM+ PS TL 54P V2,"1,324.00",4/1/2026,3/31/2027
2122,MOTORCYCLE TL TYRE,1001,,105023,2.75-18 GRIPP F PS TL 42P V2,"1,364.00",4/1/2026,3/31/2027
2122,MOTORCYCLE TL TYRE,1001,,105024,2.75-18 MILAZE PS TL 48P V2,"1,369.00",4/1/2026,3/31/2027
2122,MOTORCYCLE TL TYRE,1001,,105025,3.00-17 MILAZE PS TL 50P V2,"1,436.00",4/1/2026,3/31/2027
2122,MOTORCYCLE TL TYRE,1001,,105026,3.00-18 MILAZE PS TL 52P V2,"1,454.00",4/1/2026,3/31/2027
2122,MOTORCYCLE TL TYRE,1001,,105027,2.75-17 GRIPP F PS TL 41P V2,"1,301.00",4/1/2026,3/31/2027
2090,Car Rad Tyres,1001,,105032,185/65R14 MILAZE X3 TL 86T,"3,949.00",4/1/2026,3/31/2027
2090,Car Rad Tyres,1001,,105033,185/70R14 MILAZE X3 TL 88T,"3,671.00",4/1/2026,3/31/2027
2090,Car Rad Tyres,1001,,105034,175/65R15 MILAZE X3  TL 84T,"3,925.00",4/1/2026,3/31/2027
2090,Car Rad Tyres,1001,,105035,165/80R14 MILAZE X3 TL 85S,"3,082.00",5/1/2026,3/31/2027
2090,Car Rad Tyres,1001,,105036,165/80R14 MILAZE X3  TT 85S,"2,082.00",4/1/2026,3/31/2027
2090,Car Rad Tyres,1001,,105037,145/70R12 MILAZE X3 TL 69T,"2,051.00",4/1/2026,3/31/2027
2090,Car Rad Tyres,1001,,105038,145/70R12 MILAZE X3  TT 69T,"2,095.00",5/1/2026,3/31/2027
2090,Car Rad Tyres,1001,,105039,145/80R12 MILAZE X3 TL 74T,"2,415.00",5/1/2026,3/31/2027
2090,Car Rad Tyres,1001,,105040,145/80R12 MILAZE X3 TT 74T,"2,215.00",5/1/2026,3/31/2027
2090,Car Rad Tyres,1001,,105041,175/70R13 MILAZE X3 TL 82T,"3,909.00",5/1/2026,3/31/2027
2090,Car Rad Tyres,1001,,105042,145/70R13 MILAZE X3 TL 71T,"2,666.00",4/1/2026,3/31/2027
2090,Car Rad Tyres,1001,,105043,145/70R13 MILAZE X3  TT 71T,"2,494.00",5/1/2026,3/31/2027
2090,Car Rad Tyres,1001,,105044,145/80R13 MILAZE X3  TL 75T,"2,544.00",4/1/2026,3/31/2027
2090,Car Rad Tyres,1001,,105046,155/65R13 MILAZE X3  TL 73T,"2,792.00",4/1/2026,3/31/2027
2090,Car Rad Tyres,1001,,105047,155/70R13 MILAZE X3 TL 75T,"2,867.00",5/1/2026,3/31/2027
2090,Car Rad Tyres,1001,,105048,155/70R13 MILAZE X3  TT 75T,"2,628.00",4/1/2026,3/31/2027
2090,Car Rad Tyres,1001,,105049,165/65R13 MILAZE X3 TL 77T,"3,153.00",5/1/2026,3/31/2027
2090,Car Rad Tyres,1001,,105050,165/65R13 MILAZE X3  TT 77T,"2,690.00",4/1/2026,3/31/2027
2126,Motorcycle Premium B,1001,,105072,110/80-18 PRO GRIPP  TT 58P,"1,622.00",5/1/2026,3/31/2027
2090,Car Rad Tyres,1001,,105076,175/60R15 SecuraDrive TL 81H,"3,705.00",5/1/2026,3/31/2027
2090,Car Rad Tyres,1001,,105082,185/65R15 ECODRIVE TL 92T XL CEAT,"3,733.00",4/1/2026,3/31/2027
2090,Car Rad Tyres,1001,,105083,195/65R15 ECODRIVE TL 95H XL,"6,500.00",4/1/2026,3/31/2027
2090,Car Rad Tyres,1001,,105084,155/70R13 ECODRIVE  TL 75S,"2,844.00",4/1/2026,3/31/2027
2090,Car Rad Tyres,1001,,105085,175/70R13 ECODRIVE TL 82T CEAT,"3,022.00",4/1/2026,3/31/2027
2090,Car Rad Tyres,1001,,105086,205/55R16 ECODRIVE TL 91H,"4,444.00",4/1/2026,3/31/2027
2090,Car Rad Tyres,1001,,105087,195/55R15 ECODRIVE  TL 85H,"3,822.00",4/1/2026,3/31/2027
2090,Car Rad Tyres,1001,,105088,185/65R14 ECODRIVE TL 86T,"3,556.00",4/1/2026,3/31/2027
2090,Car Rad Tyres,1001,,105089,195/65R15 ECODRIVE TL 95T XL,"3,822.00",4/1/2026,3/31/2027
2090,Car Rad Tyres,1001,,105090,185/55R15 ECODRIVE TL 82H,"3,733.00",4/1/2026,3/31/2027
2090,Car Rad Tyres,1001,,105091,185/70R14 ECODRIVE TL 88H CEAT,"3,556.00",4/1/2026,3/31/2027
2090,Car Rad Tyres,1001,,105092,185/60R14 EcoDrive TL 82H A,"3,467.00",4/1/2026,3/31/2027
2090,Car Rad Tyres,1001,,105093,205/65R15 ECODRIVE TL 94H CEAT,"3,911.00",4/1/2026,3/31/2027
2090,Car Rad Tyres,1001,,105094,175/70R13 ECODRIVE  TL 82S,"3,022.00",4/1/2026,3/31/2027
2090,Car Rad Tyres,1001,,105095,195/65R15 SECURADRIVE TL 91V CEAT,"4,645.00",4/1/2026,3/31/2027
2090,Car Rad Tyres,1001,,105096,195/55R16 SECURADRIVE TL 91V XL,"5,259.00",4/1/2026,3/31/2027
2090,Car Rad Tyres,1001,,105097,195/60R15 SECURADRIVE TL 88V CEAT,"5,624.00",5/1/2026,3/31/2027
2090,Car Rad Tyres,1001,,105098,195/65R15 SECURADRIVE  TL 95V XL CEAT,"4,645.00",4/1/2026,3/31/2027
2100,UV Rad Tyres,1001,,105105,215/75R15 MILAZE  TL 115/113S,"4,868.00",4/1/2026,3/31/2027
2010,Truck Bias Tyres,1001,,105106,355/90-20 HCL SCH TT 18PR,"18,954.00",4/1/2026,3/31/2027
2010,Truck Bias Tyres,1001,,105107,355/90-20 HCL CC TT 18PR,"18,101.00",4/1/2026,3/31/2027
2120,MOTORCYCLE TT TYRE,1001,,105111,2.75-17 SECURA ZOOM X3 F TT 41P LRR,883.00,4/1/2026,3/31/2027
2120,MOTORCYCLE TT TYRE,1001,,105112,3.00-17 SECURA ZOOM X3 TT 50P LRR,941.00,4/1/2026,3/31/2027
2140,Tractor Front,1001,,105123,5.00-12 AAYUSHMAAN PLUS  TT 4PR,"1,986.00",4/1/2026,3/31/2027
2130,3-Wheeler Tyres,1001,,105126,4.00-8 BULAND  TT 76E TH,752.00,4/1/2026,3/31/2027
2270,Hvy Tractor Rear,1001,,105127,16.9-30 AAYUSHMAAN TT 14PR,"25,349.00",4/1/2026,3/31/2027
2230,Flotation Bias,1001,,105128,400/60-15.5 TR 800 TL 18PR,"7,780.41",4/1/2026,3/31/2027
2230,Flotation Bias,1001,,105129,500/50-17 FLOTATION T422 TL 18PR,"11,801.00",4/1/2026,3/31/2027
2250,BHL,1001,,105130,12.5/80-18 TYROCK TT 12PR IND,"11,112.00",4/1/2026,3/31/2027
2290,Skid Steer,1001,,105131,12-16.5 GRIP X HD TL 14PR,"12,112.00",4/1/2026,3/31/2027
2280,Grader,1001,,105132,13.00-24 16PR GRADER XL PLUS G2/L2 TT,"18,864.00",4/1/2026,3/31/2027
2015,Truck Rad Tyres,1001,,105135,10.00R20 RD416  TT 16PR,"19,872.00",4/1/2026,3/31/2027
2015,Truck Rad Tyres,1001,,105136,10.00R20 RD516  TT 16PR,"16,934.00",4/1/2026,3/31/2027
2015,Truck Rad Tyres,1001,,105137,10.00R20 WIN XL16  TT 16PR,"15,381.00",4/1/2026,3/31/2027
2050,LM Bias Tyres,1001,,105152,4.50-10 LIFT PRO  TT 8PR,"1,369.00",4/1/2026,3/31/2027
2090,Car Rad Tyres,1001,,105153,215/65R16 SECURADRIVE  TL 98H,"6,577.00",4/1/2026,3/31/2027
2100,UV Rad Tyres,1001,,105154,205/60R16 SecuraDrive SD004 TL 92H SK,"5,869.00",5/1/2026,3/31/2027
2095,PCUV 17 PLUS,1001,,105156,215/60R17 SECURADRIVE TL 96H CEAT,"5,273.00",4/1/2026,3/31/2027
2095,PCUV 17 PLUS,1001,,105157,235/55R17 SECURADRIVE TL 99V CEAT,"7,673.00",4/1/2026,3/31/2027
2095,PCUV 17 PLUS,1001,,105158,235/55R17 SECURADRIVE  TL 99H,"7,750.00",4/1/2026,3/31/2027
2095,PCUV 17 PLUS,1001,,105159,225/50R17 SECURADRIVE  TL 98W XL,"5,325.00",4/1/2026,3/31/2027
2095,PCUV 17 PLUS,1001,,105160,225/45R17 SECURADRIVE  TL 91W,"5,325.00",4/1/2026,3/31/2027
2100,UV Rad Tyres,1001,,105161,215/60R16 CZAR SPORT  TL 95H,"4,778.00",4/1/2026,3/31/2027
2120,MOTORCYCLE TT TYRE,1001,,105164,3.00-18 GRIPP X3 TT 52P,"1,065.00",4/1/2026,3/31/2027
2120,MOTORCYCLE TT TYRE,1001,,105165,2.75-18 GRIPP X3 TT 48P,975.00,4/1/2026,3/31/2027
2200,Mining,1001,,105167,12.00-20 MINEMAX TT 20PR,"20,137.00",4/1/2026,3/31/2027
2200,Mining,1001,,105168,12.00-20 RDSP001 TT 20PR,"19,605.00",4/1/2026,3/31/2027
2126,Motorcycle Premium B,1001,,105169,80/100-17 ZOOM PLUS F  TL 46P,"1,126.00",5/1/2026,3/31/2027
2126,Motorcycle Premium B,1001,,105170,100/90-17 ZOOM PLUS  TL 55P,"1,387.00",5/1/2026,3/31/2027
2126,Motorcycle Premium B,1001,,105171,110/80-17 ZOOM PLUS  TL 57P,"1,378.00",5/1/2026,3/31/2027
2095,PCUV 17 PLUS,1001,,105182,235/65R17 CZAR AT TL 104H,"9,846.00",4/1/2026,3/31/2027
2100,UV Rad Tyres,1001,,105183,185/85R16 CZAR AT TT 105Q,"3,905.00",4/1/2026,3/31/2027
2100,UV Rad Tyres,1001,,105184,205/65R15 CZAR AT  TL 94S,"4,360.00",4/1/2026,3/31/2027
2100,UV Rad Tyres,1001,,105185,205/65R15 CZAR AT  TT 94S,"3,565.00",4/1/2026,3/31/2027
2100,UV Rad Tyres,1001,,105187,215/75R15 CZAR HP  TL 100H,"4,816.00",4/1/2026,3/31/2027
2100,UV Rad Tyres,1001,,105188,215/60R16 SECURA DRIVE TL 95H,"5,068.00",4/1/2026,3/31/2027
2200,Mining,1001,,105206,12.00-24 MINEMAX TT 20PR,"22,698.00",4/1/2026,3/31/2027
2200,Mining,1001,,105207,12.00-24 RDSP002 TT 20PR,"22,698.00",4/1/2026,3/31/2027
2090,Car Rad Tyres,1001,,105216,195/55R16 ECODRIVE TL 87H CEAT,"4,444.00",4/1/2026,3/31/2027
2095,PCUV 17 PLUS,1001,,105217,265/60R18 CZAR AT  TL 110H,"11,227.00",4/1/2026,3/31/2027
2015,Truck Rad Tyres,1001,,105221,295/80R22.5 PRO R10+ TL 16PR 152/148 M,"19,232.00",4/1/2026,3/31/2027
2015,Truck Rad Tyres,1001,,105222,295/80R22.5 PRO B10+ TL 16PR,"21,200.00",4/1/2026,3/31/2027
2090,Car Rad Tyres,1001,,105229,155/80R13 FUELSMARRT  TL 83T,"2,790.00",4/1/2026,3/31/2027
2200,Mining,1001,,105231,11.00-20 MINEMAX TT 18PR,"17,963.00",4/1/2026,3/31/2027
2200,Mining,1001,,105232,11.00-20 RDSP003 TT 18PR,"17,963.00",4/1/2026,3/31/2027
2290,Skid Steer,1001,,105233,10-16.5 / 12PR GRIP X HD TL,"8,717.00",4/1/2026,3/31/2027
2165,Farm Implement,1001,,105234,7.60-15 FARM IMPLEMENT TL 10PR,"2,439.06",4/1/2026,3/31/2027
2176,Tractor Radial,1001,,105242,520/85R42 FARMAX R85 TL 157A8/B,"61,566.00",4/1/2026,3/31/2027
2176,Tractor Radial,1001,,105244,340/85R36 FARMAX R85 TL 132A8/B,"22,261.86",4/1/2026,3/31/2027
2176,Tractor Radial,1001,,105245,320/85R20 FARMAX R85 TL 119A8/B,"12,277.04",4/1/2026,3/31/2027
2176,Tractor Radial,1001,,105247,320/85R36 FARMAX R85 TL 128A8/B,"44,861.00",4/1/2026,3/31/2027
2176,Tractor Radial,1001,,105248,320/70R20 FARMAX R70 TL 113A8/B,"11,625.07",4/1/2026,3/31/2027
2176,Tractor Radial,1001,,105249,320/70R24 FARMAX R70 TL 116A8/B,"13,218.90",4/1/2026,3/31/2027
2176,Tractor Radial,1001,,105250,320/70R28 FARMAX R70 TL 119A8/B,"12,937.00",4/1/2026,3/31/2027
2176,Tractor Radial,1001,,105251,540/65R28 FARMAX R65 TL 142D,"26,696.89",4/1/2026,3/31/2027
2176,Tractor Radial,1001,,105252,650/65R38 FARMAX R65 TL 157D,"47,515.94",4/1/2026,3/31/2027
2176,Tractor Radial,1001,,105255,360/70R28 FARMAX R70 TL 125A8/B,"15,826.00",4/1/2026,3/31/2027
2176,Tractor Radial,1001,,105256,480/65R24 FARMAX R65 TL 133D,"25,296.62",4/1/2026,3/31/2027
2176,Tractor Radial,1001,,105259,380/70R24 FARMAX R70 TL 125A8/B,"17,364.70",4/1/2026,3/31/2027
2176,Tractor Radial,1001,,105260,380/70R28 FARMAX R70 TL 127A8/B,"19,680.00",8/4/2023,8/31/2023
2176,Tractor Radial,1001,,105262,480/80R42 FARMAX R80 TL 151A8/B,"40,399.30",4/1/2026,3/31/2027
2176,Tractor Radial,1001,,105263,480/80R46 FARMAX R80 TL 158A8/B,"43,468.25",4/1/2026,3/31/2027
2297,Flotation Radial,1001,,105264,560/60R22.5 FLOATMAX RT TL 161D,"32,685.08",4/1/2026,3/31/2027
2297,Flotation Radial,1001,,105265,600/55R26.5 FLOATMAX FT TL 165D,"31,784.30",4/1/2026,3/31/2027
2176,Tractor Radial,1001,,105267,380/70R20 FARMAX R70 TL 132A8/B,"15,970.86",4/1/2026,3/31/2027
2176,Tractor Radial,1001,,105268,420/70R24 FARMAX R70 TL 130A8/B,"18,240.00",4/1/2026,3/31/2027
2176,Tractor Radial,1001,,105269,420/70R28 FARMAX R70 TL 133A8/B,"20,398.00",4/1/2026,3/31/2027
2176,Tractor Radial,1001,,105273,480/70R34 FARMAX R70 TL 143A8/B,"38,168.00",4/1/2026,3/31/2027
2040,LCV Rad Tyres,1001,,105282,7.00R15 MILAZE RD117 RD117 TT 12PR,"6,320.00",4/1/2026,3/31/2027
2040,LCV Rad Tyres,1001,,105283,7.00R15 MILAZE  TT 10PR REP,"6,320.00",4/1/2026,3/31/2027
2211,OTR Radial,1001,,105291,11.00R20 LXLM71 TL 22PR,"22,318.00",4/1/2026,3/31/2027
2155,Farmax Rear,1001,,105298,23.1-26 FARMAX TL 16PR,"31,306.26",4/1/2026,3/31/2027
2010,Truck Bias Tyres,1001,,105302,10.00-20 RD217 TT 18PR,"13,400.00",4/1/2026,3/31/2027
2010,Truck Bias Tyres,1001,,105303,10.00-20 RD417  TT 18PR,"12,500.00",4/1/2026,3/31/2027
2140,Tractor Front,1001,,105307,6.00-16 AAYUSHMAAN  TT 8PR (P),"3,105.00",4/1/2026,3/31/2027
2150,Tractor Rear,1001,,105308,13.6-28 AAYUSHMAAN TT 12PR (P),"16,310.00",4/1/2026,3/31/2027
2150,Tractor Rear,1001,,105309,12.4-28 AAYUSHMAAN TT 12PR (P),"14,037.00",4/1/2026,3/31/2027
2230,Flotation Bias,1001,,105318,700/50-26.5 FLOTATION T422 ALT TL16PR,"28,931.00",6/23/2021,12/31/9999
2230,Flotation Bias,1001,,105319,700/50-22.5 FLOTATION T422 ALT TL16PR,"25,455.00",6/23/2021,12/31/9999
2250,BHL,1001,,105320,14.00-25 GMND TT 12PR E3 / L3 NEW,"28,064.00",4/1/2026,3/31/2027
2176,Tractor Radial,1001,,105322,420/70R30 FARMAX R70 TL 134A8/B,"26,306.99",4/1/2026,3/31/2027
2296,Row Crop Radial,1001,,105323,230/95R48 FARMAX RC TL 136D/139A8,"13,959.86",4/1/2026,3/31/2027
2296,Row Crop Radial,1001,,105324,270/95R48 FARMAX RC TL 142D/145A8,"17,272.23",4/1/2026,3/31/2027
2176,Tractor Radial,1001,,105325,260/70R20 FARMAX R70 TL 113A8/B,"45,812.00",4/1/2026,3/31/2027
2176,Tractor Radial,1001,,105327,520/70R38 FARMAX R70 TL 150A8/B,"36,236.00",4/1/2026,3/31/2027
2296,Row Crop Radial,1001,,105328,320/80 R 42 FARMAX RC 141A8/B TL,"17,857.74",4/1/2026,3/31/2027
2296,Row Crop Radial,1001,,105329,380/90R46 FARMAX RC TL 165A8/B,"30,389.15",4/1/2026,3/31/2027
2296,Row Crop Radial,1001,,105330,300/95R46 FARMAX RC TL 148D/151A8,"20,227.67",4/1/2026,3/31/2027
2296,Row Crop Radial,1001,,105331,340/85R48 FARMAX RC TL 148D/151A8,"23,446.79",4/1/2026,3/31/2027
2176,Tractor Radial,1001,,105332,540/65R24 FARMAX R65 TL 140D,"26,322.94",4/1/2026,3/31/2027
2176,Tractor Radial,1001,,105333,380/80R38 FARMAX R80 TL 142A8/B,"22,949.21",4/1/2026,3/31/2027
2176,Tractor Radial,1001,,105334,280/70R20 FARMAX R70 TL 116A8/B,"8,357.28",4/1/2026,3/31/2027
2176,Tractor Radial,1001,,105335,540/65R30 FARMAX R65 TL 143D,"39,932.00",3/13/2025,4/7/2025
2176,Tractor Radial,1001,,105336,540/65R34 FARMAX R65 TL 145D,"33,969.91",4/1/2026,3/31/2027
2176,Tractor Radial,1001,,105337,600/65R34 FARMAX R65 TL 151D,"42,848.39",4/1/2026,3/31/2027
2297,Flotation Radial,1001,,105343,560/45R22.5 FLOATMAX FT TL 152D,"20,342.89",4/1/2026,3/31/2027
2300,Telehandler Radial,1001,,105345,460/70R24 LIFT PRO TL 159A8/B,"21,208.86",4/1/2026,3/31/2027
2010,Truck Bias Tyres,1001,,105372,10.00-20 HCL SUPER HL+HD TT 16PR SNI,"13,209.00",4/1/2026,3/31/2027
2200,Mining,1001,,105374,12.00-20 RDSP004 TT 20PR,"19,605.00",4/1/2026,3/31/2027
2200,Mining,1001,,105375,12.00-20 RDSP005 TT 20PR,"19,605.00",4/1/2026,3/31/2027
2250,BHL,1001,,105377,18.4-26 TYROCK TL 12PR,"22,949.00",4/1/2026,3/31/2027
2290,Skid Steer,1001,,105378,14-17.5 LOADER PRO HD TL 14PR,"11,002.45",4/1/2026,3/31/2027
2290,Skid Steer,1001,,105379,15-19.5 / 14PR LOADER PRO HD TL,"13,761.51",4/1/2026,3/31/2027
2240,MPT,1001,,105401,405/70-24 MPT 800 TL 14PR,"18,299.00",4/1/2026,3/31/2027
2240,MPT,1001,,105402,405/70-20 MPT 800 TL 14PR,"12,309.17",4/1/2026,3/31/2027
2176,Tractor Radial,1001,,105406,300/70R20 FARMAX R70 TL 120A8/B,"10,969.00",4/1/2026,3/31/2027
2176,Tractor Radial,1001,,105407,650/65R42 FARMAX R65 TL 158D,"51,427.01",4/1/2026,3/31/2027
2176,Tractor Radial,1001,,105408,480/65R28 FARMAX R65 TL 136D,"23,172.56",4/1/2026,3/31/2027
2176,Tractor Radial,1001,,105409,600/65R38 FARMAX R65 TL 153D,"46,495.73",4/1/2026,3/31/2027
2090,Car Rad Tyres,1001,,105419,165/80R14 FUELSMARRT  TL 85T,"3,123.00",5/1/2026,3/31/2027
2615,MOTORCYCLE TUBE PACK,1001,,105422,TUBE 2.25-16 PACKED BR MOB V1,94.00,4/1/2026,3/31/2027
2605,Scooter Tubes Packed,1001,,105423,TUBE 3.50-10 PACKED BR MOB V1,142.00,4/1/2026,3/31/2027
2605,Scooter Tubes Packed,1001,,105424,TUBE 3.00-10 PACKED BR MOB V1,129.00,4/1/2026,3/31/2027
2605,Scooter Tubes Packed,1001,,105425,"TUBE 3.50-10,90/100-10 PACKED BR MOB V1",142.00,4/1/2026,3/31/2027
2165,Farm Implement,1001,,105429,15.0/55-17 FARM IMPLEMENT 404 TL 14 PR,"5,469.00",4/1/2026,3/31/2027
2165,Farm Implement,1001,,105430,500/50-17 14PR FARM IMPLEMENT 404 TL,"10,654.00",4/1/2026,3/31/2027
2200,Mining,1001,,105441,12.00-24 RDSP006 TT 20PR,"21,870.00",4/1/2026,3/31/2027
2690,BHL Tubes,1001,,105444,TUBE 16.9-28 BR LOOSE LOADER BHL,"2,228.00",4/1/2026,3/31/2027
2500,Truck Bias Tubes,1001,,105447,TUBE 8.25-20 LOOSE BR TML,710.00,4/1/2026,3/31/2027
2860,OTR Flaps,1001,,105462,FLAP 23.5-25,988.00,4/1/2026,3/31/2027
2620,3-WH TUBE PACKED,1001,,105463,TUBE 4.00-8 LOOSE BR STRAIGHT VALVE,154.00,4/1/2026,3/31/2027
2100,UV Rad Tyres,1001,,105464,235/70R16 CZAR AT TL 105S,"6,282.00",4/1/2026,3/31/2027
2122,MOTORCYCLE TL TYRE,1001,,105466,80/100-18 SECURA ZOOM F PS TL 47P V3,"1,222.00",4/1/2026,3/31/2027
2122,MOTORCYCLE TL TYRE,1001,,105467,80/100-18 SECURA ZOOM+ PS TL 54P V3,"1,277.00",4/1/2026,3/31/2027
2122,MOTORCYCLE TL TYRE,1001,,105468,2.75-18 GRIPP F PS TL 42P V3,"1,257.00",4/1/2026,3/31/2027
2122,MOTORCYCLE TL TYRE,1001,,105469,2.75-18 MILAZE PS TL 48P V3,"1,252.00",4/1/2026,3/31/2027
2122,MOTORCYCLE TL TYRE,1001,,105470,3.00-17 MILAZE PS TL 50P V3,"1,307.00",4/1/2026,3/31/2027
2122,MOTORCYCLE TL TYRE,1001,,105471,3.00-18 MILAZE PS TL 52P V3,"1,333.00",4/1/2026,3/31/2027
2122,MOTORCYCLE TL TYRE,1001,,105472,2.75-17 GRIPP F PS TL 41P V3,"1,166.00",4/1/2026,3/31/2027
2100,UV Rad Tyres,1001,,105473,235/70R16 CZAR AT  TT 105S,"5,440.00",4/1/2026,3/31/2027
2095,PCUV 17 PLUS,1001,,105474,215/60R17 SECURADRIVE TL 100V XL,"5,273.00",4/1/2026,3/31/2027
2095,PCUV 17 PLUS,1001,,105475,235/55R17 SECURADRIVE TL 103V XL,"7,673.00",4/1/2026,3/31/2027
2180,Tractor Trailer,1001,,105477,9.00-16 SAMRAAT TURBO LUG TT 16PR 0 DEG,"8,498.00",4/1/2026,3/31/2027
2620,3-WH TUBE PACKED,1001,,105478,TUBE 4.00-8 PACKED BR V1,146.00,4/1/2026,3/31/2027
2615,MOTORCYCLE TUBE PACK,1001,,105479,TUBE 2.25-16 PACKED BR V2,94.00,4/1/2026,3/31/2027
2615,MOTORCYCLE TUBE PACK,1001,,105480,"TUBE 2.50-17,2.75-17 PACKED BR V1",124.00,4/1/2026,3/31/2027
2630,Tractor Front Tubes,1001,,105488,TUBE 6.00-16 BR PACKED TF,329.00,4/1/2026,3/31/2027
2640,Tractor Rear Tubes,1001,,105489,TUBE 13.6-28 BR PACKED,"1,467.00",4/1/2026,3/31/2027
2640,Tractor Rear Tubes,1001,,105490,TUBE 12.4-28 BR PACKED -A,"1,348.00",4/1/2026,3/31/2027
2615,MOTORCYCLE TUBE PACK,1001,,105491,"TUBE 2.50-18,2.75-18 PACKED BR V1",148.00,4/1/2026,3/31/2027
2615,MOTORCYCLE TUBE PACK,1001,,105492,TUBE 3.00-17 PACKED BR V1,146.00,4/1/2026,3/31/2027
2615,MOTORCYCLE TUBE PACK,1001,,105493,TUBE 3.00-18 PACKED BR V1,148.00,4/1/2026,3/31/2027
2615,MOTORCYCLE TUBE PACK,1001,,105494,TUBE 100/90-17 PACKED BR V1,165.00,4/1/2026,3/31/2027
2615,MOTORCYCLE TUBE PACK,1001,,105495,TUBE 100/90-18 PACKED BR V1,178.00,4/1/2026,3/31/2027
2615,MOTORCYCLE TUBE PACK,1001,,105496,TUBE 3.25-19 PACKED BR V1,195.00,4/1/2026,3/31/2027
2605,Scooter Tubes Packed,1001,,105498,"TUBE 3.50-10,90/100-10 PACKED BR V3",134.00,4/1/2026,3/31/2027
2605,Scooter Tubes Packed,1001,,105499,TUBE 3.50-10 PACKED BR V1,134.00,4/1/2026,3/31/2027
2605,Scooter Tubes Packed,1001,,105500,"TUBE 3.50-10,90/100-10 PACKED BR V1",138.00,4/1/2026,3/31/2027
2605,Scooter Tubes Packed,1001,,105501,TUBE 3.00-10 PACKED BR V1,125.00,4/1/2026,3/31/2027
2605,Scooter Tubes Packed,1001,,105502,TUBE 100/90-10 PACKED BR V1,138.00,4/1/2026,3/31/2027
2605,Scooter Tubes Packed,1001,,105503,TUBE 90/90-12 PACKED BR,151.00,4/1/2026,3/31/2027
2605,Scooter Tubes Packed,1001,,105505,TUBE 3.50-8 PACKED BR,119.00,4/1/2026,3/31/2027
2545,LM Bias Tubes Packed,1001,,105506,TUBE 4.50-10 PACKED BR V1,161.00,4/1/2026,3/31/2027
2545,LM Bias Tubes Packed,1001,,105507,TUBE 155/80-12 PACKED BR V1,199.00,4/1/2026,3/31/2027
2545,LM Bias Tubes Packed,1001,,105509,TUBE 165/80-12 PACKED BR V1,225.00,4/1/2026,3/31/2027
2545,LM Bias Tubes Packed,1001,,105510,TUBE 4.50-10 PACKED BR OCT-13,191.00,5/1/2026,3/31/2027
2545,LM Bias Tubes Packed,1001,,105512,TUBE 155/80-12 PACKED BR OCT-13,203.00,4/1/2026,3/31/2027
2545,LM Bias Tubes Packed,1001,,105513,TUBE 155/80-12 PACKED BR OCT-15,203.00,4/1/2026,3/31/2027
2585,Car Rad Tubes Packed,1001,,105514,"TUBE 145/70R12,145/80R12 PACKED BR V1",235.00,4/1/2026,3/31/2027
2585,Car Rad Tubes Packed,1001,,105515,"TUBE 165/65R13,155/70R13 PACKED BR V1",285.00,4/1/2026,3/31/2027
2585,Car Rad Tubes Packed,1001,,105516,TUBE 175/65R14 PACKED BR V1,335.00,4/1/2026,3/31/2027
2585,Car Rad Tubes Packed,1001,,105517,TUBE 165/80R14 PACKED BR V1,335.00,4/1/2026,3/31/2027
2595,UV Rad Tubes Packed,1001,,105519,TUBE 215/75R15 PACKED BR V1,408.00,4/1/2026,3/31/2027
2595,UV Rad Tubes Packed,1001,,105520,TUBE 205/65R15 PACKED BR V1,376.00,4/1/2026,3/31/2027
2595,UV Rad Tubes Packed,1001,,105522,TUBE 235/70R16 PACKED BR V1,517.00,4/1/2026,3/31/2027
2090,Car Rad Tyres,1001,,105538,155/80R13 FUELSMARRT  TL 79T H,"2,900.00",5/1/2026,3/31/2027
2090,Car Rad Tyres,1001,,105539,165/70R14 FUELSMARRT TL 81T H,"2,700.00",5/1/2026,3/31/2027
2090,Car Rad Tyres,1001,,105540,165/80R14 STEPNEE  TL 85R CEAT,"2,041.00",4/1/2026,3/31/2027
2615,MOTORCYCLE TUBE PACK,1001,,105547,"TUBE 2.50-17,2.75-17 PACKED BR MOB",124.00,4/1/2026,3/31/2027
2615,MOTORCYCLE TUBE PACK,1001,,105548,"TUBE 2.50-18,2.75-18 PACKED BR MOB",148.00,4/1/2026,3/31/2027
2615,MOTORCYCLE TUBE PACK,1001,,105549,TUBE 3.00-17 PACKED BR MOB,146.00,4/1/2026,3/31/2027
2615,MOTORCYCLE TUBE PACK,1001,,105550,TUBE 3.00-18 PACKED BR MOB,148.00,4/1/2026,3/31/2027
2615,MOTORCYCLE TUBE PACK,1001,,105551,TUBE 100/90-17 PACKED BR MOB,165.00,4/1/2026,3/31/2027
2615,MOTORCYCLE TUBE PACK,1001,,105552,TUBE 100/90-18 PACKED BR MOB,178.00,4/1/2026,3/31/2027
2615,MOTORCYCLE TUBE PACK,1001,,105554,"TUBE 2.50-18,2.75-18 PACKED BR P.PATCH",156.00,4/1/2026,3/31/2027
2615,MOTORCYCLE TUBE PACK,1001,,105559,TUBE 2.25-16 PACKED BR MOB,94.00,4/1/2026,3/31/2027
2605,Scooter Tubes Packed,1001,,105560,TUBE 3.50-10 PACKED BR MOB,142.00,4/1/2026,3/31/2027
2605,Scooter Tubes Packed,1001,,105561,TUBE 3.00-10 PACKED BR MOB,129.00,4/1/2026,3/31/2027
2605,Scooter Tubes Packed,1001,,105562,"TUBE 3.50-10,90/100-10 PACKED BR MOB",142.00,4/1/2026,3/31/2027
2090,Car Rad Tyres,1001,,105583,185/70R14 FUELSMARRT  TL 88H V1,"3,939.00",4/1/2026,3/31/2027
2090,Car Rad Tyres,1001,,105584,195/55R16 SECURADRIVE  TL 87V K,"5,538.00",5/1/2026,3/31/2027
2090,Car Rad Tyres,1001,,105585,145/80R13 FUELSMARRT  TL 75T M,"2,643.00",5/1/2026,3/31/2027
2090,Car Rad Tyres,1001,,105586,165/70R14 FUELSMARRT  TL 81T S Presso,"2,700.00",5/1/2026,3/31/2027
2060,LM Rad Tyres,1001,,105587,165R14 MILAZE HD LT  TT 8PR,"2,999.00",4/1/2026,3/31/2027
2126,Motorcycle Premium B,1001,,105591,120/80-18 GRIPP XL  TT 62S,"1,744.00",5/1/2026,3/31/2027
2090,Car Rad Tyres,1001,,105592,195R15C ENDURADRIVE TL 106/104S,"4,089.00",4/1/2026,3/31/2027
2122,MOTORCYCLE TL TYRE,1001,,105593,90/90-18 ZOOM PLUS X3  TL 52P,"1,094.00",4/1/2026,3/31/2027
2640,Tractor Rear Tubes,1001,,105601,TUBE 14.9-28 BR PACKED,"1,610.00",4/1/2026,3/31/2027
2640,Tractor Rear Tubes,1001,,105602,TUBE 16.9-28 BR PACKED,"2,159.00",4/1/2026,3/31/2027
2710,Hvy Tractor Rear Tub,1001,,105603,TUBE 18.4-30 BR PACKED,"3,212.00",4/1/2026,3/31/2027
2660,ADV Tubes,1001,,105604,TUBE 7.00-19 BR PACKED,434.00,4/1/2026,3/31/2027
2150,Tractor Rear,1001,,105613,15.5-38 AAYUSHMAAN TT 12PR,"23,447.00",4/1/2026,3/31/2027
2122,MOTORCYCLE TL TYRE,1001,,105618,90/90-19 ZOOM PLUS F TL  52P,"1,237.00",4/1/2026,3/31/2027
2122,MOTORCYCLE TL TYRE,1001,,105619,120/80-18 ZOOM PLUS TL 62P,"1,782.00",5/1/2026,3/31/2027
2100,UV Rad Tyres,1001,,105622,215/70R16 CZAR HP  TL 100H V1,"4,695.00",4/1/2026,3/31/2027
2015,Truck Rad Tyres,1001,,105627,10.00R20 RD117  TT 16PR,"15,461.00",4/1/2026,3/31/2027
2165,Farm Implement,1001,,105639,7.50-16 HORSCH HS08 TT 10PR,"5,464.00",4/1/2026,3/31/2027
2090,Car Rad Tyres,1001,,105640,145/80R12 FUELSMARRT  TL 74T M,"2,246.00",4/1/2026,3/31/2027
2270,Hvy Tractor Rear,1001,,105645,16.9-30 AAYUSHMAAN ALT TT 14PR,"23,443.00",4/1/2026,3/31/2027
2115,E-Rickshaw Tyres,1001,,105650,3.75-12 MILAZE  TT 67B E-RICKSHAW,678.00,4/1/2026,3/31/2027
2230,Flotation Bias,1001,,105653,6.00/50-22.5 FLOTATION TX440 TL 18PR,"26,116.00",4/1/2026,3/31/2027
2230,Flotation Bias,1001,,105654,7.00/40-22.5 FLOTATION TX440 TL 18PR,"29,334.00",4/1/2026,3/31/2027
2176,Tractor Radial,1001,,105659,480/70 R 30 FARMAX R70 147D/150A8 TL,"29,459.33",4/1/2026,3/31/2027
2176,Tractor Radial,1001,,105663,710/70R38 FARMAX R70 TL 172A8/B,"46,443.00",4/1/2026,3/31/2027
2176,Tractor Radial,1001,,105665,710/70R42 FARMAX R70 TL 173A8/B,"92,219.00",4/1/2026,3/31/2027
2176,Tractor Radial,1001,,105666,440/65R24 FARMAX R65 TL 128D,"18,261.34",4/1/2026,3/31/2027
2176,Tractor Radial,1001,,105667,440/65R28 FARMAX R65 TL 138D,"21,300.13",4/1/2026,3/31/2027
2176,Tractor Radial,1001,,105668,600/65R28 FARMAX R65 TL 154D,"37,587.35",4/1/2026,3/31/2027
2176,Tractor Radial,1001,,105669,540/65R38 FARMAX R65 TL 147D,"36,742.53",4/1/2026,3/31/2027
2176,Tractor Radial,1001,,105670,540/65R24 FARMAX R65 TL 146D,"27,576.81",4/1/2026,3/31/2027
2176,Tractor Radial,1001,,105671,540/65R28 FARMAX R65 TL 149D,"28,377.46",4/1/2026,3/31/2027
2176,Tractor Radial,1001,,105672,540/65R30 FARMAX R65 TL 150D,"32,634.72",4/1/2026,3/31/2027
2176,Tractor Radial,1001,,105673,540/65R34 FARMAX R65 TL 152D,"35,799.30",4/1/2026,3/31/2027
2176,Tractor Radial,1001,,105674,540/65R38 FARMAX R65 TL 153D,"38,719.55",4/1/2026,3/31/2027
2176,Tractor Radial,1001,,105675,600/65R34 FARMAX R65 TL 157D,"42,288.70",4/1/2026,3/31/2027
2176,Tractor Radial,1001,,105676,650/65R38 FARMAX R65 TL 163D,"53,829.04",4/1/2026,3/31/2027
2176,Tractor Radial,1001,,105677,650/65R42 FARMAX R65 TL 165D,"57,734.94",4/1/2026,3/31/2027
2296,Row Crop Radial,1001,,105684,210/95 R 32 FARMAX RC 117D/120A8 TL,"8,596.61",4/1/2026,3/31/2027
2296,Row Crop Radial,1001,,105685,230/95 R32 FARMAX RC 128D/131A8 TL,"10,889.00",4/1/2026,3/31/2027
2296,Row Crop Radial,1001,,105686,270/95 R32 FARMAX RC TL 133D,"16,633.00",4/1/2026,3/31/2027
2296,Row Crop Radial,1001,,105687,230/95 R36 FARMAX RC 127D/130A8 TL,"9,930.80",4/1/2026,3/31/2027
2296,Row Crop Radial,1001,,105688,270/95 R36 FARMAX RC TL 136D,"22,568.00",4/1/2026,3/31/2027
2296,Row Crop Radial,1001,,105689,270/95 R 38 FARMAX RC 137D/140A8 TL,"17,728.55",4/1/2026,3/31/2027
2296,Row Crop Radial,1001,,105691,270/95 R42 FARMAX RC TL 137D,"15,110.80",4/1/2026,3/31/2027
2296,Row Crop Radial,1001,,105692,320/90 R 42 FARMAX RC TL 136D/139A8,"19,752.40",4/1/2026,3/31/2027
2296,Row Crop Radial,1001,,105693,230/95 R44 FARMAX RC 129D/132A8 TL,"12,541.09",4/1/2026,3/31/2027
2296,Row Crop Radial,1001,,105694,230/95R44 FARMAX RC TL 134D,"12,846.81",4/1/2026,3/31/2027
2296,Row Crop Radial,1001,,105695,270/95 R 44 FARMAX RC TL 140D/143A8,"16,129.11",4/1/2026,3/31/2027
2296,Row Crop Radial,1001,,105696,270/95 R 46 FARMAX RC 141D/144A8 TL,"16,659.48",4/1/2026,3/31/2027
2296,Row Crop Radial,1001,,105697,300/95 R 46 FARMAX RC TL 143D/146A8,"19,781.39",4/1/2026,3/31/2027
2296,Row Crop Radial,1001,,105698,340/85 R 46 FARMAX RC 147D/150A8 TL,"21,224.19",4/1/2026,3/31/2027
2297,Flotation Radial,1001,,105702,560/60R22.5 FLOATMAX FT TL 161D,"26,234.27",4/1/2026,3/31/2027
2297,Flotation Radial,1001,,105703,600/50R22.5 FLOATMAX FT TL 159D,"26,134.17",4/1/2026,3/31/2027
2600,Scooter Tubes Loose,1001,,105718,TUBE 90/90-12 LOOSE BR 120 DEG VALVE,155.00,4/1/2026,3/31/2027
2112,Scooter TL Tyres,1001,,105722,130/70-12 ZOOM MAX TL 62P,935.00,5/1/2026,3/31/2027
2112,Scooter TL Tyres,1001,,105723,120/70-12 ZOOM MAX TL 51P,"1,075.00",5/1/2026,3/31/2027
2126,Motorcycle Premium B,1001,,105724,100/90-19 ZOOM PLUS F TT 57 P J1AB,"1,324.00",5/1/2026,3/31/2027
2126,Motorcycle Premium B,1001,,105726,100/90-19 ZOOM PLUS F TL 57 P,"1,657.00",5/1/2026,3/31/2027
2120,MOTORCYCLE TT TYRE,1001,,105729,140/70-18 ZOOM PLUS  TT 67H,"1,836.00",4/1/2026,3/31/2027
2115,E-Rickshaw Tyres,1001,,105738,90/90-12 MILAZE  TT 64B E-RICKSHAW,789.00,4/21/2026,3/31/2027
2122,MOTORCYCLE TL TYRE,1001,,105740,80/100-18 PSAFE  Secura Zoom F TL 47P,"1,640.00",4/1/2026,3/31/2027
2015,Truck Rad Tyres,1001,,105742,10.00R20 TT 16PR TYRE CASING,"14,204.00",4/1/2026,3/31/2027
2095,PCUV 17 PLUS,1001,,105750,225/45R17 4SEASONDRIVE TL 94V XL CEAT,"7,111.00",4/1/2026,3/31/2027
2090,Car Rad Tyres,1001,,105751,155/70R13 4SEASONDRIVE TL 75T CEAT,"2,667.00",4/1/2026,3/31/2027
2090,Car Rad Tyres,1001,,105752,155/80R13 4SEASONDRIVE  TL 79T CEAT,"2,844.00",4/1/2026,3/31/2027
2090,Car Rad Tyres,1001,,105753,185/60R15 4SEASONDRIVE TL 88H XL CEAT,"3,063.00",4/1/2026,3/31/2027
2090,Car Rad Tyres,1001,,105754,195/65R15 4SEASONDRIVE TL 91V CEAT,"3,467.00",4/1/2026,3/31/2027
2090,Car Rad Tyres,1001,,105755,155/80R13 MILAZE X3 TL 79T,"2,968.00",5/1/2026,3/31/2027
2090,Car Rad Tyres,1001,,105756,155/65R14 MILAZE X3  TL 75T,"2,827.00",4/1/2026,3/31/2027
2100,UV Rad Tyres,1001,,105757,205/65R16 MILAZE X3  TL 95S,"5,137.00",4/1/2026,3/31/2027
2090,Car Rad Tyres,1001,,105758,175/70R14 MILAZE X3 TL 84T,"4,145.00",5/1/2026,3/31/2027
2090,Car Rad Tyres,1001,,105759,195/65R15 SECURADRIVE TL 91V,"5,054.00",5/1/2026,3/31/2027
2090,Car Rad Tyres,1001,,105760,205/65R15 SECURADRIVE TL 94V,"4,316.00",4/1/2026,3/31/2027
2122,MOTORCYCLE TL TYRE,1001,,105761,80/100-18 PSAFE Secura Zoom + TL 54P,"1,697.00",4/1/2026,3/31/2027
2122,MOTORCYCLE TL TYRE,1001,,105762,2.75-18 PSAFE Gripp F TL 42P,"1,617.00",4/1/2026,3/31/2027
2122,MOTORCYCLE TL TYRE,1001,,105763,2.75-18 PSAFE Milaze TL 48P,"1,582.00",4/1/2026,3/31/2027
2122,MOTORCYCLE TL TYRE,1001,,105764,3.00-17 PSAFE Milaze TL 50P,"1,664.00",4/1/2026,3/31/2027
2122,MOTORCYCLE TL TYRE,1001,,105765,3.00-18 PSAFE Milaze TL 52P,"1,714.00",4/1/2026,3/31/2027
2122,MOTORCYCLE TL TYRE,1001,,105766,2.75-17 PSAFE Gripp F TL 41P,"1,523.00",4/1/2026,3/31/2027
2095,PCUV 17 PLUS,1001,,105768,255/40R19 SPORTDRIVE   TL 100Y XL CEAT,"10,725.00",4/1/2026,3/31/2027
2095,PCUV 17 PLUS,1001,,105769,255/35R19 SPORTDRIVE   TL  96W XL CEAT,"10,725.00",4/1/2026,3/31/2027
2095,PCUV 17 PLUS,1001,,105770,235/35R19 SPORTDRIVE   TL  91Y XL CEAT,"9,750.00",4/1/2026,3/31/2027
2095,PCUV 17 PLUS,1001,,105771,255/35R20 SPORTDRIVE   TL  97Y XL CEAT,"11,700.00",4/1/2026,3/31/2027
2126,Motorcycle Premium B,1001,,105776,100/90-17 SECURA ZOOM  TT 55P,"1,315.00",5/1/2026,3/31/2027
2095,PCUV 17 PLUS,1001,,105777,225/55R18 SPORTDRIVE TL 102W XL CEAT,"9,710.00",4/1/2026,3/31/2027
2095,PCUV 17 PLUS,1001,,105778,235/45R18 SPORTDRIVE TL 98Y XL CEAT,"8,775.00",4/1/2026,3/31/2027
2095,PCUV 17 PLUS,1001,,105779,235/55R18 SPORTDRIVE TL 104W XL CEAT,"10,400.00",4/1/2026,3/31/2027
2095,PCUV 17 PLUS,1001,,105780,245/45R17 SPORTDRIVE TL 99Y XL CEAT,"9,657.00",4/1/2026,3/31/2027
2122,MOTORCYCLE TL TYRE,1001,,105782,100/80-18 ZOOM PLUS TL 53P,"1,303.00",5/1/2026,3/31/2027
2010,Truck Bias Tyres,1001,,105787,9.00-20 TRAC XL  TT 16PR,"14,665.00",4/1/2026,3/31/2027
2090,Car Rad Tyres,1001,,105791,225/55R16 SPORTDRIVE   TL  99Y XL CEAT,"11,390.00",4/1/2026,3/31/2027
2095,PCUV 17 PLUS,1001,,105792,225/55R17 SPORTDRIVE TL 101Y XL CEAT,"8,234.00",4/1/2026,3/31/2027
2010,Truck Bias Tyres,1001,,105793,11.00-20 UT77 UNITED  TT 18PR,"12,300.00",4/1/2026,3/31/2027
2240,MPT,1001,,105805,10.00-20 MPT 602 TT 16PR,"1,277.00",4/1/2026,3/31/2027
2240,MPT,1001,,105806,12.5-18 MPT 602 TL 12PR,"12,024.00",4/1/2026,3/31/2027
2240,MPT,1001,,105807,12.5-20 MPT 602 TL 12PR,"14,690.00",4/1/2026,3/31/2027
2126,Motorcycle Premium B,1001,,105808,140/70-17 ZOOM PLUS  TL 66P,"2,171.00",5/1/2026,3/31/2027
2095,PCUV 17 PLUS,1001,,105809,215/45R17 WINTERDRIVE  TL  91V XL CEAT,"7,000.00",4/1/2026,3/31/2027
2095,PCUV 17 PLUS,1001,,105810,215/60R17 WINTERDRIVE  TL 100V XL CEAT,"7,000.00",4/1/2026,3/31/2027
2095,PCUV 17 PLUS,1001,,105811,225/40R18 WINTERDRIVE  TL  92V XL CEAT,"8,000.00",4/1/2026,3/31/2027
2090,Car Rad Tyres,1001,,105812,205/55R16 WINTERDRIVE  TL  94V XL CEAT,"6,000.00",4/1/2026,3/31/2027
2050,LM Bias Tyres,1001,,105813,4.50-10 ANMOL RIB HD TT 8PR,"1,669.00",5/5/2026,3/31/2027
2050,LM Bias Tyres,1001,,105814,4.50-10 ANMOL SL HD  TT 8PR,"1,724.00",5/5/2026,3/31/2027
2122,MOTORCYCLE TL TYRE,1001,,105818,80/100-18 SECURA ZOOM F  TL 47P HERO,"1,156.00",5/1/2026,3/31/2027
2126,Motorcycle Premium B,1001,,105821,90/90-21 GRIPP XL F TT 54S HERO,"1,875.00",4/1/2026,3/31/2027
2500,Truck Bias Tubes,1001,,105825,TUBE 355/90-20 LOOSE BR,"1,343.00",4/1/2026,3/31/2027
2810,TRUCK BIAS FLAPS,1001,,105826,FLAP 355/90-20 20V,401.00,4/1/2026,3/31/2027
2180,Tractor Trailer,1001,,105828,9.00-16 SAMRAAT TURBO LUG TT 18PR 0 DEG,"8,037.00",4/1/2026,3/31/2027
2090,Car Rad Tyres,1001,,105830,185/70R14 FUELSMARRT  TL 88H,"3,939.00",4/1/2026,3/31/2027
2090,Car Rad Tyres,1001,,105831,185/60R15 SECURADRIVE  TL 84H,"4,449.00",4/1/2026,3/31/2027
2090,Car Rad Tyres,1001,,105832,195/60R15 SECURADRIVE  TL 88V,"5,624.00",5/1/2026,3/31/2027
2090,Car Rad Tyres,1001,,105833,175/65R15 SECURADRIVE  TL 84H,"4,307.00",4/1/2026,3/31/2027
2115,E-Rickshaw Tyres,1001,,105837,90/90-12 BULAND  TT 64B,737.00,4/1/2026,3/31/2027
2520,LCV Bias Tubes,1001,,105838,TUBE 7.00-15 LOOSE BR LV,360.00,4/1/2026,3/31/2027
2120,MOTORCYCLE TT TYRE,1001,,105851,3.00-17 GRIPP X3 TT 50P,"1,043.00",4/1/2026,3/31/2027
2620,3-WH TUBE PACKED,1001,,105852,TUBE 4.00-8 LOOSE BR VALVE TR13 V1,146.00,4/1/2026,3/31/2027
2820,LCV BIAS FLAPS,1001,,105853,FLAP 7.00-15 VECV 15M,215.00,4/1/2026,3/31/2027
2090,Car Rad Tyres,1001,,105854,165/70R14 FUELSMARRT  TL 81T,"2,700.00",5/1/2026,3/31/2027
2610,MOTORCYCLE TUBE LOOS,1001,,105862,TUBE 2.25-16 LOOSE BR PRE GST,96.00,4/1/2026,3/31/2027
2600,Scooter Tubes Loose,1001,,105863,TUBE 2.75-10 LOOSE BR PRE GST,106.00,4/1/2026,3/31/2027
2600,Scooter Tubes Loose,1001,,105864,TUBE 3.50-10 LOOSE BR PRE GST,134.00,4/1/2026,3/31/2027
2600,Scooter Tubes Loose,1001,,105865,TUBE 3.50-8 LOOSE BR PRE GST,119.00,4/1/2026,3/31/2027
2600,Scooter Tubes Loose,1001,,105866,TUBE 3.00-10 LOOSE BR PRE GST,121.00,4/1/2026,3/31/2027
2630,Tractor Front Tubes,1001,,105867,TUBE 6.00-16 BR LOOSE PRE GST,337.00,4/1/2026,3/31/2027
2590,UV Rad Tubes Loose,1001,,105868,TUBE 215/75R15 LOOSE BR PRE GST,372.00,4/1/2026,3/31/2027
2580,Car Rad Tubes Loose,1001,,105869,"TUBE 145/70R12,145/80R12 LOOSE BR PRE GS",217.00,4/1/2026,3/31/2027
2580,Car Rad Tubes Loose,1001,,105870,"TUBE 165/65R13,155/70R13 LOOSE BR PRE GS",262.00,4/1/2026,3/31/2027
2640,Tractor Rear Tubes,1001,,105871,TUBE 13.6-28 BR LOOSE PRE GST,"1,481.00",4/1/2026,3/31/2027
2640,Tractor Rear Tubes,1001,,105872,TUBE 12.4-28 BR LOOSE PRE GST,"1,362.00",4/1/2026,3/31/2027
2640,Tractor Rear Tubes,1001,,105873,TUBE 14.9-28 BR LOOSE PRE GST,"1,621.00",4/1/2026,3/31/2027
2640,Tractor Rear Tubes,1001,,105874,TUBE 16.9-28 BR LOOSE PRE GST,"2,163.00",4/1/2026,3/31/2027
2580,Car Rad Tubes Loose,1001,,105875,TUBE 175/65R14 LOOSE BR PRE GST,309.00,4/1/2026,3/31/2027
2600,Scooter Tubes Loose,1001,,105876,TUBE 90/90-12 LOOSE BR PRE GST,147.00,4/1/2026,3/31/2027
2600,Scooter Tubes Loose,1001,,105877,TUBE 100/90-10 LOOSE BR PRE GST,138.00,4/1/2026,3/31/2027
2580,Car Rad Tubes Loose,1001,,105878,TUBE 165/80R14 LOOSE BR PRE GST,309.00,4/1/2026,3/31/2027
2590,UV Rad Tubes Loose,1001,,105879,TUBE 205/65R15 LOOSE BR PRE GST,363.00,4/1/2026,3/31/2027
2590,UV Rad Tubes Loose,1001,,105880,TUBE 235/70R16 LOOSE BR PRE GST,517.00,4/1/2026,3/31/2027
2580,Car Rad Tubes Loose,1001,,105881,TUBE 155/80R13 LOOSE BR PRE GST,262.00,4/1/2026,3/31/2027
2600,Scooter Tubes Loose,1001,,105882,"TUBE 3.50-10,90/100-10 LOOSE BR PRE GST",134.00,4/1/2026,3/31/2027
2620,3-WH TUBE PACKED,1001,,105883,TUBE 4.00-8 LOOSE BR PRE GST,146.00,4/1/2026,3/31/2027
2610,MOTORCYCLE TUBE LOOS,1001,,105884,TUBE 2.25-16 LOOSE BR MOB PRE GST,96.00,4/1/2026,3/31/2027
2600,Scooter Tubes Loose,1001,,105885,TUBE 3.50-10 LOOSE BR MOB PRE GST,142.00,4/1/2026,3/31/2027
2600,Scooter Tubes Loose,1001,,105886,TUBE 3.00-10 LOOSE BR MOB PRE GST,129.00,4/1/2026,3/31/2027
2090,Car Rad Tyres,1001,,105895,185/55R16 SECURADRIVE  TL 83V CEAT,"4,440.00",5/1/2026,3/31/2027
2090,Car Rad Tyres,1001,,105896,155/70R14 ECODRIVE  TL 77T CEAT,"1,965.00",4/1/2026,3/31/2027
2090,Car Rad Tyres,1001,,105897,165/70R14 ECODRIVE  TL  85T XL XL CEAT,"1,965.00",4/1/2026,3/31/2027
2090,Car Rad Tyres,1001,,105898,175/65R14 ECODRIVE  TL  86T XL XL CEAT,"2,844.00",4/1/2026,3/31/2027
2095,PCUV 17 PLUS,1001,,105903,225/65R17 CZAR HP TL 102H CEAT,"9,653.00",4/1/2026,3/31/2027
2090,Car Rad Tyres,1001,,105904,185/60R15 FUELSMARRT  TL 88H,"3,110.00",4/1/2026,3/31/2027
2126,Motorcycle Premium B,1001,,105905,120/80-18 ZOOM PLUS TT 62 P (J1AB),"1,669.00",5/1/2026,3/31/2027
2112,Scooter TL Tyres,1001,,105917,3.50-10 MILAZE TL 51J SW,841.00,4/1/2026,3/31/2027
2112,Scooter TL Tyres,1001,,105918,90/100-10 MILAZE  TL 53J SW,797.00,4/1/2026,3/31/2027
2112,Scooter TL Tyres,1001,,105919,90/90-12 ZOOM-H  TL 54J,896.00,4/1/2026,3/31/2027
2112,Scooter TL Tyres,1001,,105920,120/70-14 ZOOM-H  TL 55P,"1,313.00",4/1/2026,3/31/2027
2112,Scooter TL Tyres,1001,,105921,140/60-14 ZOOM-H  TL 64P,"1,313.00",4/1/2026,3/31/2027
2115,E-Rickshaw Tyres,1001,,105922,3.75-12 MILAZE TT 66B,843.00,4/21/2026,3/31/2027
2095,PCUV 17 PLUS,1001,,105924,255/55R18 SportDrive SUV TL 109W XL,"10,865.00",4/1/2026,3/31/2027
2010,Truck Bias Tyres,1001,,105929,11.00-20 MILE XL RIB   TT 18PR,"15,747.00",4/1/2026,3/31/2027
2015,Truck Rad Tyres,1001,,105930,325/95R24 RD118  TT,"14,959.00",4/1/2026,3/31/2027
2010,Truck Bias Tyres,1001,,105933,10.00-20 RD218  TT 16PR,"14,557.00",4/1/2026,3/31/2027
2010,Truck Bias Tyres,1001,,105937,295/95-20 LYFMAX RIB 152/148J TT,"13,976.00",4/1/2026,3/31/2027
2010,Truck Bias Tyres,1001,,105938,295/95D20 MILE XL RIB  TT 152/148J,"14,204.00",4/21/2026,3/31/2027
2176,Tractor Radial,1001,,105939,480/65R24 FARMAX R65 TL 140D/143A8,"22,523.43",4/1/2026,3/31/2027
2176,Tractor Radial,1001,,105940,480/65 R 28 FARMAX R65 TL 142D,"24,237.22",4/1/2026,3/31/2027
2176,Tractor Radial,1001,,105945,440/65R24 FARMAX R65 TL 135D/138A8,"19,582.21",4/1/2026,3/31/2027
2015,Truck Rad Tyres,1001,,105948,295/90R20 WINMILE AW TT,"19,450.00",5/5/2026,3/31/2027
2090,Car Rad Tyres,1001,,105951,135/70R12 ECODRIVE TL 65T,"1,400.00",4/1/2026,3/31/2027
2595,UV Rad Tubes Packed,1001,,105952,TUBE 185/85R16 PACKED BR,428.00,5/1/2026,3/31/2027
2595,UV Rad Tubes Packed,1001,,105953,TUBE 235/75R15 PACKED BR,509.00,5/1/2026,3/31/2027
2595,UV Rad Tubes Packed,1001,,105954,TUBE 195R15 PACKED BR,398.00,5/1/2026,3/31/2027
2595,UV Rad Tubes Packed,1001,,105955,"TUBE 235/65R17,235/70R16 PACKED BR",546.00,5/1/2026,3/31/2027
2585,Car Rad Tubes Packed,1001,,105956,"TUBE 145/70R13,145/80R13 PACKED BR",285.00,5/1/2026,3/31/2027
2015,Truck Rad Tyres,1001,,105958,295/90R20 WINMILE R TT,"18,630.00",5/5/2026,3/31/2027
2155,Farmax Rear,1001,,105962,11.2-24 FARMAX TL 8PR,"8,904.00",4/1/2026,3/31/2027
2605,Scooter Tubes Packed,1001,,105965,"TUBE 3.50-10,90/100-10 PACKED BR",148.00,4/1/2026,3/31/2027
2605,Scooter Tubes Packed,1001,,105966,TUBE 3.50-10 PACKED BR,144.00,4/1/2026,3/31/2027
2605,Scooter Tubes Packed,1001,,105967,TUBE 3.00-10 PACKED BR,130.00,4/1/2026,3/31/2027
2605,Scooter Tubes Packed,1001,,105969,TUBE 90/90-12 PACKED BR,151.00,4/1/2026,3/31/2027
2605,Scooter Tubes Packed,1001,,105970,TUBE 3.50-8 PACKED BR V1,126.00,4/1/2026,3/31/2027
2210,Port,1001,,105971,18.00-25 PORT PRO RX TL 40PR E4,"99,301.00",4/1/2026,3/31/2027
2500,Truck Bias Tubes,1001,,105972,"TUBE 10.00-20,295/95-20 LOOSE BR","1,141.00",4/1/2026,3/31/2027
2122,MOTORCYCLE TL TYRE,1001,,105974,80/100-18 GRIPP X3 TL 54P,"1,253.00",4/1/2026,3/31/2027
2100,UV Rad Tyres,1001,,105976,195/60R16 SECURADRIVE TL 89V,"5,088.00",4/1/2026,3/31/2027
2090,Car Rad Tyres,1001,,105977,185/65R15 STEPNEE  TL 88R,"3,256.00",4/1/2026,3/31/2027
2050,LM Bias Tyres,1001,,105978,4.50-10 ANMOL RIB HD  TL,"1,565.00",4/1/2026,3/31/2027
2122,MOTORCYCLE TL TYRE,1001,,105980,80/100-18 ZOOM-H F  TL 47P,"1,156.00",5/1/2026,3/31/2027
2296,Row Crop Radial,1001,,105981,320/90 R 42 FARMAX RC 144D/147A8 TL,"22,657.05",4/1/2026,3/31/2027
2176,Tractor Radial,1001,,105982,420/65 R 24 FARMAX R65 138D TL,"19,490.00",4/1/2026,3/31/2027
2176,Tractor Radial,1001,,105985,600/65 R 28 FARMAX R65 147D TL,"3,879.00",4/1/2026,3/31/2027
2176,Tractor Radial,1001,,105986,340/65 R 20 FARMAX R65 124D TL,"9,853.16",4/1/2026,3/31/2027
2176,Tractor Radial,1001,,105987,420/65 R 20 FARMAX R65 135D TL,"14,059.91",4/1/2026,3/31/2027
2176,Tractor Radial,1001,,105988,440/65 R 20 FARMAX R65 138D TL,"19,877.00",4/28/2025,9/30/2025
2122,MOTORCYCLE TL TYRE,1001,,105998,100/80-18 ZOOM-H  TL 53P,"1,317.00",5/1/2026,3/31/2027
2010,Truck Bias Tyres,1001,,105999,10.00-20 RD718  TT 18PR,"13,367.00",4/1/2026,3/31/2027
2010,Truck Bias Tyres,1001,,106000,295/95-20 MILE XL 152/148J TT,"15,411.00",4/1/2026,3/31/2027
2620,3-WH TUBE PACKED,1001,,106001,TUBE 4.00-8 PACKED BR BEND VALVE,168.00,5/1/2026,3/31/2027
2615,MOTORCYCLE TUBE PACK,1001,,106002,TUBE 2.25-16 PACKED BR,108.00,4/1/2026,3/31/2027
2615,MOTORCYCLE TUBE PACK,1001,,106003,"TUBE 2.50-17,2.75-17 PACKED BR",133.00,4/1/2026,3/31/2027
2615,MOTORCYCLE TUBE PACK,1001,,106004,"TUBE 2.50-18,2.75-18 PACKED BR",158.00,4/1/2026,3/31/2027
2615,MOTORCYCLE TUBE PACK,1001,,106005,TUBE 3.00-17 PACKED BR,158.00,4/1/2026,3/31/2027
2615,MOTORCYCLE TUBE PACK,1001,,106006,TUBE 3.00-18 PACKED BR,184.00,4/1/2026,3/31/2027
2615,MOTORCYCLE TUBE PACK,1001,,106007,TUBE 100/90-17 PACKED BR,171.00,4/1/2026,3/31/2027
2615,MOTORCYCLE TUBE PACK,1001,,106008,TUBE 100/90-18 PACKED BR,183.00,4/1/2026,3/31/2027
2615,MOTORCYCLE TUBE PACK,1001,,106009,TUBE 3.25-19 PACKED BR,208.00,4/1/2026,3/31/2027
2015,Truck Rad Tyres,1001,,106010,295/90R20 WINSUPER D TT,"19,359.00",4/1/2026,3/31/2027
2100,UV Rad Tyres,1001,,106011,185/85R16 MILAZE LT  TT 105Q,"4,596.00",5/1/2026,3/31/2027
2585,Car Rad Tubes Packed,1001,,106012,"Tube 165/65R14, 175/65R14, 185/60R14 PKD",352.00,5/1/2026,3/31/2027
2100,UV Rad Tyres,1001,,106014,215/75R15 MILAZE HD TT 115/113S MM,"4,960.00",5/1/2026,3/31/2027
2015,Truck Rad Tyres,1001,,106015,8.25R20 WINSUPER-D  TT 16PR,"13,665.00",4/1/2026,3/31/2027
2585,Car Rad Tubes Packed,1001,,106019,"TUBE 145/70R12,145/80R12 PACKED BR",250.00,5/1/2026,3/31/2027
2585,Car Rad Tubes Packed,1001,,106020,"TUBE 165/65R13,155/70R13 PACKED BR",301.00,5/1/2026,3/31/2027
2190,Earthmover/Loader,1001,,106021,17.5-25 TRAC XL TL 32PR E3,"40,939.69",4/1/2026,3/31/2027
2015,Truck Rad Tyres,1001,,106022,11.00R20 WINSUPER-D  TT 16PR,"20,819.00",4/1/2026,3/31/2027
2015,Truck Rad Tyres,1001,,106023,295/80R22.5 Winsuperx3D 152/148M,"22,347.00",5/5/2026,3/31/2027
2090,Car Rad Tyres,1001,,106034,215/75R15 FORMULA STEEL BT  TL 115/113S,"5,185.00",4/1/2026,3/31/2027
2150,Tractor Rear,1001,,106035,13.6-28 AAYUSHMAAN PLUS TL 12PR,"17,954.00",4/1/2026,3/31/2027
2150,Tractor Rear,1001,,106036,9.5-20 AAYUSHMAAN DEEP LUG R1 TT 8PR,"7,404.00",4/1/2026,3/31/2027
2585,Car Rad Tubes Packed,1001,,106041,TUBE 175/65R14 PACKED BR,345.00,5/1/2026,3/31/2027
2585,Car Rad Tubes Packed,1001,,106042,TUBE 165/80R14 PACKED BR,352.00,5/1/2026,3/31/2027
2585,Car Rad Tubes Packed,1001,,106043,TUBE 155/80R13 PACKED BR,278.00,5/1/2026,3/31/2027
2595,UV Rad Tubes Packed,1001,,106044,TUBE 215/75R15 PACKED BR,418.00,5/1/2026,3/31/2027
2595,UV Rad Tubes Packed,1001,,106045,TUBE 205/65R15 PACKED BR,386.00,5/1/2026,3/31/2027
2595,UV Rad Tubes Packed,1001,,106046,TUBE 235/70R16 PACKED BR,546.00,5/1/2026,3/31/2027
2015,Truck Rad Tyres,1001,,106047,385/65R22.5 RD218 TL 18PR,"33,500.00",4/1/2026,3/31/2027
2060,LM Rad Tyres,1001,,106050,145R12 MILAZE LT  TL 8PR V2,"2,127.00",4/1/2026,3/31/2027
2060,LM Rad Tyres,1001,,106051,145R12 MILAZE LT  TT 8PR,"1,930.00",4/1/2026,3/31/2027
2090,Car Rad Tyres,1001,,106054,195/65R15 SECURADRIVE  TL 91H,"5,054.00",5/1/2026,3/31/2027
2112,Scooter TL Tyres,1001,,106061,90/90-12 MILAZE TL 54J SW,899.00,4/1/2026,3/31/2027
2100,UV Rad Tyres,1001,,106071,205/60R16 CZAR HP  TL 92H M,"4,515.00",4/1/2026,3/31/2027
2126,Motorcycle Premium B,1001,,106073,90/90-17 ZOOM X3 F TL 49P,"1,262.00",5/1/2026,3/31/2027
2126,Motorcycle Premium B,1001,,106074,120/80-17 ZOOM X3 TL 61P,"1,864.00",5/1/2026,3/31/2027
2090,Car Rad Tyres,1001,,106076,185/70R15 SECURADRIVE  TL 89H T,"4,103.00",5/1/2026,3/31/2027
2126,Motorcycle Premium B,1001,,106078,100/90-17 GRIPP X3 TL 55P,"1,434.00",4/1/2026,3/31/2027
2122,MOTORCYCLE TL TYRE,1001,,106079,100/90-18 GRIPP X3 TL 56P,"1,673.00",4/1/2026,3/31/2027
2120,MOTORCYCLE TT TYRE,1001,,106083,3.00-18 MILAZE X3  TT 52P,959.00,4/1/2026,3/31/2027
2100,UV Rad Tyres,1001,,106084,265/70R16 CZAR AT  TL 112S CEAT,"5,020.00",4/1/2026,3/31/2027
2030,LCV Bias Tyres,1001,,106087,7.00-15 BULAND MILE XL PRO LV TT 12PR,"6,457.00",4/1/2026,3/31/2027
2095,PCUV 17 PLUS,1001,,106088,205/55R17 Securadrive SD004 TL 91H,"5,845.00",5/1/2026,3/31/2027
2090,Car Rad Tyres,1001,,106089,195/65R15 SECURADRIVE  TL 91H S,"5,054.00",5/1/2026,3/31/2027
2090,Car Rad Tyres,1001,,106090,205/60R16 SECURADRIVE  TL 92H,"5,869.00",5/1/2026,3/31/2027
2095,PCUV 17 PLUS,1001,,106091,235/60R17 CZAR HP  TL 102V,"5,390.00",4/1/2026,3/31/2027
2040,LCV Rad Tyres,1001,,106093,7.00R15 MILAZE LT  TT 12PR,"6,556.00",4/1/2026,3/31/2027
2122,MOTORCYCLE TL TYRE,1001,,106096,3.00-18 SECURA F85  TL 47P,"1,018.00",5/1/2026,3/31/2027
2122,MOTORCYCLE TL TYRE,1001,,106097,3.25-18 GRIPP X3 TL 59P,"1,251.00",5/1/2026,3/31/2027
2122,MOTORCYCLE TL TYRE,1001,,106098,3.50-18 GRIPP X3 TL 62P,"1,300.00",5/1/2026,3/31/2027
2122,MOTORCYCLE TL TYRE,1001,,106099,110/90-16 GRIPP X3 TL 59P,"1,359.00",4/1/2026,3/31/2027
2090,Car Rad Tyres,1001,,106101,205/55R16 SECURADRIVE  TL 91H S,"5,855.00",4/1/2026,3/31/2027
2015,Truck Rad Tyres,1001,,106111,8.25R20 WINMILE X3 R TT 16PR,"13,306.00",5/5/2026,3/31/2027
2010,Truck Bias Tyres,1001,,106131,11.00-20 RD119  TT 18PR,"15,328.00",4/1/2026,3/31/2027
2010,Truck Bias Tyres,1001,,106132,11.00-20 RD219  TT 18PR,"20,161.00",4/1/2026,3/31/2027
2100,UV Rad Tyres,1001,,106133,245/75R16 CZAR AT  TL 111H MM,"6,211.00",5/1/2026,3/31/2027
2095,PCUV 17 PLUS,1001,,106134,255/65R18 CZAR AT  TL 111H,"7,202.00",4/1/2026,3/31/2027
2670,Tractor Trailer Tube,1001,,106135,TUBE 9.00-16 BR PACKED,764.00,4/1/2026,3/31/2027
2015,Truck Rad Tyres,1001,,106140,10.00R20 WINMILE X3-D TT 16PR,"19,547.00",5/5/2026,3/31/2027
2240,MPT,1001,,106141,18-19.5 MPT 503 TL 16PR,"18,276.60",4/1/2026,3/31/2027
2240,MPT,1001,,106142,18-22.5 MPT 503 TL 16PR,"17,077.95",4/1/2026,3/31/2027
2090,Car Rad Tyres,1001,,106143,185/65R14 4SEASONDRIVE TL 86H CEAT,"4,300.00",4/1/2026,3/31/2027
2090,Car Rad Tyres,1001,,106144,175/70R14 4SEASONDRIVE TL 88T XL CEAT,"3,000.00",4/1/2026,3/31/2027
2090,Car Rad Tyres,1001,,106146,185/60R14 4SEASONDRIVE TL 86H XL CEAT,"5,000.00",4/1/2026,3/31/2027
2090,Car Rad Tyres,1001,,106147,195/55R16 4SEASONDRIVE  TL 91V XL CEAT,"10,000.00",4/1/2026,3/31/2027
2090,Car Rad Tyres,1001,,106148,185/70R14 WINTERDRIVE  TL 88T CEAT,"10,000.00",4/1/2026,3/31/2027
2090,Car Rad Tyres,1001,,106149,205/60R15 WINTERDRIVE  TL 91H CEAT,"10,000.00",4/1/2026,3/31/2027
2095,PCUV 17 PLUS,1001,,106150,215/50R17 WINTERDRIVE  TL 95V XL CEAT,"6,667.00",4/1/2026,3/31/2027
2510,Truck Rad Tubes,1001,,106152,"TUBE 10.00R20,295/90R20 PRO CEAT","1,185.00",4/1/2026,3/31/2027
2090,Car Rad Tyres,1001,,106161,185/65R15 SECURADRIVE  TL 88H R,"4,362.00",5/1/2026,3/31/2027
2045,Light Truck Steel,1001,,106168,235/75R17.5 RD718 TL 14PR,"11,250.00",4/1/2026,3/31/2027
2200,Mining,1001,,106174,10.00-20 RDSP007 TT 18PR,"15,678.00",4/1/2026,3/31/2027
2015,Truck Rad Tyres,1001,,106176,11.00R20 RD318  TT 16PR,"20,615.00",4/1/2026,3/31/2027
2015,Truck Rad Tyres,1001,,106177,8.25R20 RD518 TT 16PR,"13,389.00",4/1/2026,3/31/2027
2605,Scooter Tubes Packed,1001,,106178,"TUBE 3.50-10,90/100-10 PACKED BR MLP2",175.00,5/1/2026,3/31/2027
2605,Scooter Tubes Packed,1001,,106179,TUBE 3.00-10 PACKED BR MLP2,168.00,5/1/2026,3/31/2027
2605,Scooter Tubes Packed,1001,,106180,TUBE 90/90-12 PACKED BR MLP2,192.00,5/1/2026,3/31/2027
2615,MOTORCYCLE TUBE PACK,1001,,106181,TUBE 2.25-16 PACKED BR MLP2,138.00,5/1/2026,3/31/2027
2615,MOTORCYCLE TUBE PACK,1001,,106182,TUBE 2.50/2.75-17 PACKED BR MLP2,172.00,5/1/2026,3/31/2027
2615,MOTORCYCLE TUBE PACK,1001,,106183,TUBE 2.50/2.75-18 PACKED BR MLP2,194.00,5/1/2026,3/31/2027
2615,MOTORCYCLE TUBE PACK,1001,,106184,TUBE 3.00-17 PACKED BR MLP2,194.00,5/1/2026,3/31/2027
2615,MOTORCYCLE TUBE PACK,1001,,106185,TUBE 3.00-18 PACKED BR MLP2,194.00,5/1/2026,3/31/2027
2615,MOTORCYCLE TUBE PACK,1001,,106186,TUBE 100/90-17 PACKED BR MLP2,207.00,5/1/2026,3/31/2027
2615,MOTORCYCLE TUBE PACK,1001,,106187,TUBE 100/90-18 PACKED BR MLP2,221.00,5/1/2026,3/31/2027
2615,MOTORCYCLE TUBE PACK,1001,,106188,TUBE 3.25-19 PACKED BR MLP2,247.00,5/1/2026,3/31/2027
2015,Truck Rad Tyres,1001,,106189,10.00R20 WINLOAD X3-D TT 16PR,"20,711.00",5/5/2026,3/31/2027
2112,Scooter TL Tyres,1001,,106198,90/100-10 GRIPP X3 TL 53J,915.00,4/1/2026,3/31/2027
2126,Motorcycle Premium B,1001,,106201,110/90-18 GRIPP XL TL 61P,"1,673.00",5/1/2026,3/31/2027
2126,Motorcycle Premium B,1001,,106202,120/80-18 GRIPP XL TL 62P,"1,808.00",5/1/2026,3/31/2027
2126,Motorcycle Premium B,1001,,106203,90/90-19 GRIPP XL F TL 52P,"1,485.00",5/1/2026,3/31/2027
2122,MOTORCYCLE TL TYRE,1001,,106204,110/70-17 ZOOM PLUS F TL 54H,"1,260.00",5/1/2026,3/31/2027
2126,Motorcycle Premium B,1001,,106205,100/90-18 ZOOM CRUZ F TT 56H,"1,822.00",5/1/2026,3/31/2027
2126,Motorcycle Premium B,1001,,106206,130/70-18 ZOOM CRUZ TT 63H,"2,766.00",5/1/2026,3/31/2027
2126,Motorcycle Premium B,1001,,106207,80/100-17 ZOOM X3 F TL 46P,"1,126.00",5/1/2026,3/31/2027
2122,MOTORCYCLE TL TYRE,1001,,106208,80/100-17 ZOOM X3 TL 53P,"1,126.00",5/1/2026,3/31/2027
2126,Motorcycle Premium B,1001,,106209,130/90-15 ZOOM X3 TL 66P,"1,778.00",5/1/2026,3/31/2027
2126,Motorcycle Premium B,1001,,106210,100/90-17 ZOOM X3 TL 55P,"1,387.00",5/1/2026,3/31/2027
2126,Motorcycle Premium B,1001,,106211,120/80-17 GRIPP X3 TL 62P,"1,950.00",4/1/2026,3/31/2027
2112,Scooter TL Tyres,1001,,106213,90/100-10 ZOOM X3 TL 53J,866.00,5/1/2026,3/31/2027
2615,MOTORCYCLE TUBE PACK,1001,,106214,TUBE 120/90-17 PACKED BR,271.00,5/1/2026,3/31/2027
2615,MOTORCYCLE TUBE PACK,1001,,106215,TUBE 90/90-21 PACKED BR,213.00,5/1/2026,3/31/2027
2615,MOTORCYCLE TUBE PACK,1001,,106216,TUBE 120/80-18 PACKED BR,265.00,5/1/2026,3/31/2027
2615,MOTORCYCLE TUBE PACK,1001,,106217,TUBE 90/90-19 PACKED BR,225.00,5/1/2026,3/31/2027
2030,LCV Bias Tyres,1001,,106231,7.50-15 UT777 TT 14PR,"7,000.00",4/1/2026,3/31/2027
2240,MPT,1001,,106241,405/70-20 MPT 602 TL 18PR,"15,597.25",4/1/2026,3/31/2027
2015,Truck Rad Tyres,1001,,106242,295/80R22.5 WINFUEL AW TL 16PR,"19,770.00",4/1/2026,3/31/2027
2176,Tractor Radial,1001,,106247,420/90R30 FARMAX R90 147A8/B TL,"28,205.53",4/1/2026,3/31/2027
2296,Row Crop Radial,1001,,106248,230/95 R 36 FARMAX RC TL 130D/133A8,"13,408.00",4/1/2026,3/31/2027
2296,Row Crop Radial,1001,,106249,270/95R38 FARMAX RC 140D/143A8 TL,"15,144.56",4/1/2026,3/31/2027
2296,Row Crop Radial,1001,,106250,380/90 R 46 FARMAX RC TL 159D,"39,322.62",4/1/2026,3/31/2027
2176,Tractor Radial,1001,,106251,380/80 R 38 FARMAX R80 TL 152A8/B,"23,847.85",4/1/2026,3/31/2027
2176,Tractor Radial,1001,,106252,420/85 R 28 FARMAX R85 TL 12PR,"27,610.00",4/1/2026,3/31/2027
2176,Tractor Radial,1001,,106253,380/85 R 28 FARMAX R85 TL 12PR,"22,194.00",4/1/2026,3/31/2027
2296,Row Crop Radial,1001,,106254,270/95 R 42 FARMAX RC TL 139D,"15,156.36",4/1/2026,3/31/2027
2176,Tractor Radial,1001,,106255,600/65 R 30 FARMAX R65 TL 155 D,"48,803.18",4/1/2026,3/31/2027
2176,Tractor Radial,1001,,106256,600/70 R 30 FARMAX R70 158D TL,"41,491.22",4/1/2026,3/31/2027
2176,Tractor Radial,1001,,106257,650/65 R 42 FARMAX R65 TL 170D,"60,589.20",4/1/2026,3/31/2027
2296,Row Crop Radial,1001,,106258,340/85 R 46 FARMAX RC TL 150D,"23,651.64",4/1/2026,3/31/2027
2165,Farm Implement,1001,,106259,10.0/75-15.3 FARM IMPLE AWI 305 14PR TL,"3,012.00",4/1/2026,3/31/2027
2165,Farm Implement,1001,,106260,11.5/80-15.3 FARM IMPLE AWI 305 16PR TL,"3,872.00",4/1/2026,3/31/2027
2290,Skid Steer,1001,,106261,10-16.5 GM LOADER HD 10 PR TL,"4,387.58",4/1/2026,3/31/2027
2290,Skid Steer,1001,,106262,12-16.5 GM LOADER HD 12 PR TL,"6,448.30",4/1/2026,3/31/2027
2290,Skid Steer,1001,,106263,10-16.5 GRIP X HD 12PR TL,"7,752.88",4/1/2026,3/31/2027
2290,Skid Steer,1001,,106264,12-16.5 GRIP X HD 14PR TL,"10,221.47",4/1/2026,3/31/2027
2165,Farm Implement,1001,,106265,7.50-16 FARMAX 10PR TT,"5,162.00",4/1/2026,3/31/2027
2165,Farm Implement,1001,,106266,12.5/80-15.3 FARM IMPLE AWI 305 12PR TL,"4,778.50",4/1/2026,3/31/2027
2090,Car Rad Tyres,1001,,106270,185/65R15 MILAZE X3 TL 88T,"4,104.00",5/1/2026,3/31/2027
2090,Car Rad Tyres,1001,,106271,165/70R14 MILAZE X3 TL 81T,"2,777.00",5/1/2026,3/31/2027
2100,UV Rad Tyres,1001,,106272,195/60R16 SECURADRIVE TL 89V,"4,964.00",4/1/2026,3/31/2027
2015,Truck Rad Tyres,1001,,106273,295/80R22.5 WINSUPER X3D TL 16PR152/148M,"22,347.00",5/5/2026,3/31/2027
2015,Truck Rad Tyres,1001,,106274,11R22.5 WINLOAD-AW 148/145L TL 16PR,"17,537.00",5/5/2026,3/31/2027
2015,Truck Rad Tyres,1001,,106275,11R22.5 ALTURA NXG S1 TL 16PR,"14,585.00",4/1/2026,3/31/2027
2620,3-WH TUBE PACKED,1001,,106277,TUBE 4.00-8 LOOSE BR VALVE TR13,146.00,4/1/2026,3/31/2027
2010,Truck Bias Tyres,1001,,106278,10.00-20 HCL SUPER HL+HD 18 PR,"16,188.00",4/1/2026,3/31/2027
2010,Truck Bias Tyres,1001,,106279,10.00-20 MILE XL X3-R TT 16PR,"13,752.00",4/21/2026,3/31/2027
2296,Row Crop Radial,1001,,106280,270/95R44 FARMAX RC TL 142D,"16,129.00",4/1/2026,3/31/2027
2095,PCUV 17 PLUS,1001,,106281,235/65R17 CZAR HP  TL 104H V1,"9,861.00",4/1/2026,3/31/2027
2095,PCUV 17 PLUS,1001,,106282,215/50R17 SECURADRIVE  TL 91V,"5,702.00",4/1/2026,3/31/2027
2122,MOTORCYCLE TL TYRE,1001,,106284,90/80-17  ZOOM X3 F TL 46P,"1,087.00",4/1/2026,3/31/2027
2126,Motorcycle Premium B,1001,,106285,80/100-17 ZOOM PLUS F  TT 46P,960.00,5/1/2026,3/31/2027
2126,Motorcycle Premium B,1001,,106286,100/90-17 ZOOM PLUS  TT 55P,"1,220.00",5/1/2026,3/31/2027
2130,3-Wheeler Tyres,1001,,106290,4.00-8 RD121 TT 76F 6PR,993.00,4/1/2026,3/31/2027
2510,Truck Rad Tubes,1001,,106291,TUBE 8.25R20 LOOSE CB Rad,"1,081.00",4/1/2026,3/31/2027
2815,TRUCK RAD FLAPS,1001,,106292,FP 20 M RADIAL (8.25R20),374.00,4/1/2026,3/31/2027
2176,Tractor Radial,1001,,106293,340/85 R 28 FARMAX R85 TL 12PR,"18,080.00",4/1/2026,3/31/2027
2010,Truck Bias Tyres,1001,,106294,10.00-20 UT909 TT 18PR,"11,000.00",4/1/2026,3/31/2027
2030,LCV Bias Tyres,1001,,106295,7.00-15 FM ALTURA 12PR,"6,000.00",4/1/2026,3/31/2027
2010,Truck Bias Tyres,1001,,106296,10.00-20 CEAT ROCK MAX X3 TT 18PR,"17,116.00",4/21/2026,3/31/2027
2090,Car Rad Tyres,1001,,106301,185/55R15 4SEASONDRIVE  TL 86V XL CEAT,"10,000.00",4/1/2026,3/31/2027
2090,Car Rad Tyres,1001,,106303,175/65R15 4SEASONDRIVE TL 88H XL CEAT,"6,000.00",4/1/2026,3/31/2027
2090,Car Rad Tyres,1001,,106304,215/65R16 4SEASONDRIVE TL 102V XL CEAT,"10,000.00",4/1/2026,3/31/2027
2095,PCUV 17 PLUS,1001,,106305,215/60R17 4SEASONDRIVE TL 100V XL CEAT,"10,000.00",4/1/2026,3/31/2027
2095,PCUV 17 PLUS,1001,,106306,225/50R17 4SEASONDRIVE TL 98V XL CEAT,"5,000.00",4/1/2026,3/31/2027
2095,PCUV 17 PLUS,1001,,106307,215/55R17 4SEASONDRIVE TL 98V XL CEAT,"10,000.00",4/1/2026,3/31/2027
2095,PCUV 17 PLUS,1001,,106308,235/40R18 SPORTDRIVE TL 95Y XL CEAT,"7,800.00",4/1/2026,3/31/2027
2095,PCUV 17 PLUS,1001,,106309,225/45R18 SportDrive TL 95Y XL CEAT,"7,800.00",4/1/2026,3/31/2027
2095,PCUV 17 PLUS,1001,,106310,205/55R17 SECURADRIVE TL 95W XL CEAT,"5,713.00",4/1/2026,3/31/2027
2100,UV Rad Tyres,1001,,106311,235/65R16C ENDURADRIVE TL 121/119R CEAT,"6,000.00",4/1/2026,3/31/2027
2100,UV Rad Tyres,1001,,106312,205/65R16C ENDURADRIVE TL 107/105T CEAT,"10,000.00",4/1/2026,3/31/2027
2100,UV Rad Tyres,1001,,106313,215/65R16C ENDURADRIVE TL 109/107T CEAT,"3,479.00",4/1/2026,3/31/2027
2095,PCUV 17 PLUS,1001,,106314,215/65R17 SportDrive SUV TL 103V XL CEAT,"6,825.00",4/1/2026,3/31/2027
2095,PCUV 17 PLUS,1001,,106315,225/60R17 SPORTDRIVE SUV TL 103V XL CEAT,"7,020.00",4/1/2026,3/31/2027
2095,PCUV 17 PLUS,1001,,106316,235/55R19 Sportdrive SUV TL 105W XL,"12,544.00",4/1/2026,3/31/2027
2095,PCUV 17 PLUS,1001,,106317,225/65R17 SportDrive SUV TL 106V XL CEAT,"7,315.00",4/1/2026,3/31/2027
2095,PCUV 17 PLUS,1001,,106318,235/50R18 SPORTDRIVE SUV TL 101V XL CEAT,"15,430.00",4/1/2026,3/31/2027
2095,PCUV 17 PLUS,1001,,106319,235/60R18 Sportdrive SUV TL 107W XL,"11,958.00",4/1/2026,3/31/2027
2095,PCUV 17 PLUS,1001,,106320,235/65R17 SPORTDRIVE SUV 108 V XL,"8,200.00",4/1/2026,3/31/2027
2100,UV Rad Tyres,1001,,106321,215/65R16 Sportdrive SUV TL 98V XL,"11,682.00",4/1/2026,3/31/2027
2095,PCUV 17 PLUS,1001,,106322,235/55R18 Sportdrive SUV TL 104W XL,"12,968.00",4/1/2026,3/31/2027
2015,Truck Rad Tyres,1001,,106324,315/70R22.5 WINMILE-S 156/150L TL 18PR,"17,924.00",4/1/2026,3/31/2027
2015,Truck Rad Tyres,1001,,106325,315/70R22.5 WinMile X5-D,"20,740.00",4/1/2026,3/31/2027
2810,TRUCK BIAS FLAPS,1001,,106326,20N FLAP WITH NP,364.00,4/1/2026,3/31/2027
2810,TRUCK BIAS FLAPS,1001,,106327,20M PRO FLAP WITH NP,365.00,4/1/2026,3/31/2027
2030,LCV Bias Tyres,1001,,106329,7.50-16 Mile XL X3 R,"6,295.00",4/1/2026,3/31/2027
2112,Scooter TL Tyres,1001,,106330,80/90-14 GRIPP MAX TL 46P,850.00,4/1/2026,3/31/2027
2112,Scooter TL Tyres,1001,,106331,90/90-14 GRIPP MAX TL 52P,900.00,4/1/2026,3/31/2027
2112,Scooter TL Tyres,1001,,106332,70/90-17 GRIPP MAX TL 43S,850.00,4/1/2026,3/31/2027
2112,Scooter TL Tyres,1001,,106333,80/90-17 GRIPP MAX TL 50S,900.00,4/1/2026,3/31/2027
2112,Scooter TL Tyres,1001,,106334,80/90-14 LYFE MAX TL 46P,850.00,4/1/2026,3/31/2027
2112,Scooter TL Tyres,1001,,106335,90/90-14 LYFE MAX TL 52P,900.00,4/1/2026,3/31/2027
2112,Scooter TL Tyres,1001,,106336,70/90-17 LYFE MAX TL 43S,850.00,4/1/2026,3/31/2027
2112,Scooter TL Tyres,1001,,106337,80/90-17 LYFE MAX TL 50S,900.00,4/1/2026,3/31/2027
2010,Truck Bias Tyres,1001,,106338,8.25-20 MILE XL X3-R TT 16PR,"10,258.00",4/21/2026,3/31/2027
2010,Truck Bias Tyres,1001,,106339,8.25-20 MILE XL X3-D TT 16PR,"11,785.00",4/21/2026,3/31/2027
2176,Tractor Radial,1001,,106340,420/85R38 FARMAX R85 144A8/B TL CUT RES,"27,800.30",12/15/2023,12/29/2023
2176,Tractor Radial,1001,,106341,420/70R28 FARMAX R70 133A8/B TL CUT RES,"21,106.84",4/1/2026,3/31/2027
2176,Tractor Radial,1001,,106342,340/85R28 FARMAX R85 127A8/B TL CUT RES,"19,502.00",4/1/2026,3/31/2027
2176,Tractor Radial,1001,,106347,540/65R28 FARMAX R65 149D TL CUT RES,"32,015.52",4/1/2026,3/31/2027
2176,Tractor Radial,1001,,106349,710/70 R 38 FARMAX R70 178D/181A8 TL,"71,612.04",4/1/2026,3/31/2027
2176,Tractor Radial,1001,,106350,710/70 R 42 FARMAX R70 173D/176A8 TL,"73,437.13",4/1/2026,3/31/2027
2140,Tractor Front,1001,,106351,6.00-16 AAYUSHMAAN PET TT 8PR,"3,403.00",1/2/2025,1/15/2025
2015,Truck Rad Tyres,1001,,106355,10.00R20 WINMILE X3-R TT 146/143K 16PR S,"18,606.00",5/5/2026,3/31/2027
2015,Truck Rad Tyres,1001,,106356,10.00R20 WINMILE X3-AW TT 16PR,"19,398.00",5/5/2026,3/31/2027
2030,LCV Bias Tyres,1001,,106357,8.25-16 LYFMAX X3-R  TT 16PR,"7,738.00",4/21/2026,3/31/2027
2030,LCV Bias Tyres,1001,,106358,8.25-16 LYFMAX X3-D  TT 16PR,"9,030.00",4/21/2026,3/31/2027
2050,LM Bias Tyres,1001,,106359,195D15BMCXLPRO,"4,176.00",4/1/2026,3/31/2027
2126,Motorcycle Premium B,1001,,106360,100/90-18 ZOOM CRUZ F  56 H TL,"1,840.00",5/1/2026,3/31/2027
2126,Motorcycle Premium B,1001,,106361,140/70-17 ZOOM CRUZ 66 H TL,"2,171.00",5/1/2026,3/31/2027
2045,Light Truck Steel,1001,,106362,7.50 R16 LT RD818 122/118L TT 14PR,"8,568.00",4/1/2026,3/31/2027
2122,MOTORCYCLE TL TYRE,1001,,106363,80/100-18 Secura Zom F TL,939.00,4/1/2026,3/31/2027
2122,MOTORCYCLE TL TYRE,1001,,106364,80/100-18 Secura Zom + TL,977.00,4/1/2026,3/31/2027
2176,Tractor Radial,1001,,106365,480/80 R 50 FARMAX HPT 159D/162A8 TL,"50,171.26",4/1/2026,3/31/2027
2176,Tractor Radial,1001,,106366,480/80 R 50 FARMAX HPT 165D/168A8 TL,"65,309.00",4/28/2025,9/30/2025
2100,UV Rad Tyres,1001,,106367,215/75R15 Milaze HD TL 115/113S AL,"5,286.00",5/1/2026,3/31/2027
2090,Car Rad Tyres,1001,,106368,205/55R16 EV TL 91V,"5,375.00",4/1/2026,3/31/2027
2090,Car Rad Tyres,1001,,106369,175/65R15 EV TL 84H,"2,975.00",4/1/2026,3/31/2027
2095,PCUV 17 PLUS,1001,,106370,265/65R17 CZAR AT TL 112S,"9,927.00",4/1/2026,3/31/2027
2296,Row Crop Radial,1001,,106371,230/95 R 40 FARMAX RC 132D TL,"11,937.61",4/1/2026,3/31/2027
2296,Row Crop Radial,1001,,106372,230/95 R 42 FARMAX RC 133D TL,"12,315.51",4/1/2026,3/31/2027
2298,Harvester Radial,1001,,106373,650/75 R 32 YIELDMAX 172A8 TL,"61,825.08",4/1/2026,3/31/2027
2176,Tractor Radial,1001,,106374,650/85 R 38 FARMAX HPT 170D/173A8 TL.,"94,189.53",4/1/2026,3/31/2027
2176,Tractor Radial,1001,,106375,650/85 R 38 FARMAX HPT 173D/176A8 TL,"76,106.48",4/1/2026,3/31/2027
2090,Car Rad Tyres,1001,,106376,205/65R16 TL APOLLO ALNAC 4G,"5,000.00",4/1/2026,3/31/2027
2095,PCUV 17 PLUS,1001,,106377,235/65R17 CZAR AT TL 104H,"9,748.00",4/1/2026,3/31/2027
2095,PCUV 17 PLUS,1001,,106378,265/60R18 CZAR AT TL 110S,"12,099.00",4/1/2026,3/31/2027
2015,Truck Rad Tyres,1001,,106379,8.25R20 RD418 TT 16PR,"12,689.00",4/1/2026,3/31/2027
2095,PCUV 17 PLUS,1001,,106380,225/60R17 CZAR HP TL 99H,"6,613.00",4/1/2026,3/31/2027
2100,UV Rad Tyres,1001,,106381,235/75R15 MILAZE TT 105S,"5,722.00",4/1/2026,3/31/2027
2015,Truck Rad Tyres,1001,,106382,11R22.5 CARGOMILER CMS201 16PR TL,"13,873.00",4/1/2026,3/31/2027
2541,LM RADIAL TUBE LOOSE,1001,,106383,145R12 TUBE LOOSE(Increased ID),217.00,4/1/2026,3/31/2027
2126,Motorcycle Premium B,1001,,106384,100/90-18 ZOOM X3 TL 56P,"1,521.00",5/1/2026,3/31/2027
2126,Motorcycle Premium B,1001,,106385,110/80-17 ZOOM X3 TL 57P,"1,458.00",5/1/2026,3/31/2027
2122,MOTORCYCLE TL TYRE,1001,,106386,2.75-17 SECURA ZOOM F TL 41P,926.00,5/1/2026,3/31/2027
2122,MOTORCYCLE TL TYRE,1001,,106387,2.75-18 SECURA ZOOM F TL,"1,028.00",5/1/2026,3/31/2027
2126,Motorcycle Premium B,1001,,106388,140/70-17 GRIPP X3 TL 66H,"2,431.00",4/1/2026,3/31/2027
2120,MOTORCYCLE TT TYRE,1001,,106389,2.75-18 GRIPP X3 F TT 42P,"1,033.00",4/1/2026,3/31/2027
2605,Scooter Tubes Packed,1001,,106390,TUBE 3.75-12 PACKED BR,212.00,5/1/2026,3/31/2027
2815,TRUCK RAD FLAPS,1001,,106391,FLAP 10.00R20 20N X3 RADIAL,385.00,4/1/2026,3/31/2027
2015,Truck Rad Tyres,1001,,106392,385/55R22.5 WINMILE-T 160K TL 20PR,"26,735.00",4/1/2026,3/31/2027
2015,Truck Rad Tyres,1001,,106393,10.00R20 WINSUPER X3-D TT 146/143K 16PR,"20,432.00",5/5/2026,3/31/2027
2176,Tractor Radial,1001,,106394,580/70 R 42 FARMAX R70 158A8/B TL,"49,866.19",4/1/2026,3/31/2027
2298,Harvester Radial,1001,,106395,620/75 R 26 YIELDMAX 166A8 TL,"49,705.53",4/1/2026,3/31/2027
2176,Tractor Radial,1001,,106396,460/70 R 24 CUPWHEEL 159A8/B TL,"39,229.00",4/1/2026,3/31/2027
2015,Truck Rad Tyres,1001,,106398,295/80 R22.5 RD 618,"20,410.00",4/1/2026,3/31/2027
2090,Car Rad Tyres,1001,,106399,165/80R14 MILAZE X3 TL 85S N,"2,982.00",4/1/2026,3/31/2027
2030,LCV Bias Tyres,1001,,106400,8.25 - 16 14PR 127/125K Buland Mile XL,"6,863.00",4/1/2026,3/31/2027
2140,Tractor Front,1001,,106401,6.00-16 THRESHERMAX TT 8PR,"2,545.00",4/1/2026,3/31/2027
2530,LCV Rad Tubes,1001,,106403,TUBE 7.00 R15 Loose (New),367.00,4/1/2026,3/31/2027
2610,MOTORCYCLE TUBE LOOS,1001,,106404,100/90-19 Butyl Tube,197.00,4/1/2026,3/31/2027
2610,MOTORCYCLE TUBE LOOS,1001,,106405,140/70-17 Butyl Tube,237.00,4/1/2026,3/31/2027
2095,PCUV 17 PLUS,1001,,106406,215/55R17 SecuraDrive SD004 TL 94V HYN,"5,906.00",5/1/2026,3/31/2027
2090,Car Rad Tyres,1001,,106407,225/55R16 SPORTDRIVE TL 99W XL CEAT,"9,750.00",4/1/2026,3/31/2027
2095,PCUV 17 PLUS,1001,,106408,225/55R17 SPORTDRIVE TL 101W XL CEAT,"8,234.00",4/1/2026,3/31/2027
2620,3-WH TUBE PACKED,1001,,106409,TUBE 4.00-8 Packed BR STRAIGHT VALVE,143.00,4/1/2026,3/31/2027
2176,Tractor Radial,1001,,106410,IF 520/85 R 38 TORQUEMAX 167D TL,"47,182.35",4/1/2026,3/31/2027
2176,Tractor Radial,1001,,106411,IF 710/70 R 38 TORQUEMAX 178D TL,"71,776.36",4/1/2026,3/31/2027
2296,Row Crop Radial,1001,,106412,320/90 R 50 FARMAX RC 150D TL,"22,738.65",4/1/2026,3/31/2027
2296,Row Crop Radial,1001,,106413,380/90 R 50 FARMAX RC 151D TL,"31,476.50",4/1/2026,3/31/2027
2296,Row Crop Radial,1001,,106414,380/90 R 50 FARMAX RC  158D TL,"33,776.57",4/1/2026,3/31/2027
2176,Tractor Radial,1001,,106415,IF 710/70 R 42 TORQUEMAX 179D TL,"77,456.38",4/1/2026,3/31/2027
2095,PCUV 17 PLUS,1001,,106419,245/45R18 WinterDrive Sport TL 100V XL C,"7,000.00",4/1/2026,3/31/2027
2095,PCUV 17 PLUS,1001,,106420,255/55R18 WinterDrive SUV TL 109VXL CEAT,"12,000.00",4/1/2026,3/31/2027
2130,3-Wheeler Tyres,1001,,106421,4.00-8 BULAND X3 TL 76F,"1,055.00",4/21/2026,3/31/2027
2122,MOTORCYCLE TL TYRE,1001,,106422,100/80-17 ZOOM-H F TL  52P,"1,039.00",4/1/2026,3/31/2027
2010,Truck Bias Tyres,1001,,106430,295/95D20 MILE XL X3-R TT,"13,805.00",4/21/2026,3/31/2027
2090,Car Rad Tyres,1001,,106431,135/70R12 Fuelsmarrt TL 65S,"1,790.00",4/1/2026,3/31/2027
2015,Truck Rad Tyres,1001,,106432,10.00R20 RD B1,"19,800.00",4/1/2026,3/31/2027
2015,Truck Rad Tyres,1001,,106433,295/80R22.5 RD B1,"20,410.00",4/1/2026,3/31/2027
2605,Scooter Tubes Packed,1001,,106435,"TUBE 3.50-10,  90/100-10 PACKED BR Expor",140.00,4/1/2026,3/31/2027
2015,Truck Rad Tyres,1001,,106436,295/90R20 RD116,"14,204.00",4/1/2026,3/31/2027
2015,Truck Rad Tyres,1001,,106437,295/90R20 WINSUPER F,"19,054.00",4/1/2026,3/31/2027
2015,Truck Rad Tyres,1001,,106439,315/80R22.5 WINMILE-S 156/150L TL 20PR,"19,059.00",5/5/2026,3/31/2027
2015,Truck Rad Tyres,1001,,106440,315/80R22.5 WINMILE X5-D,"20,740.00",4/1/2026,3/31/2027
2015,Truck Rad Tyres,1001,,106441,385/65R22.5 WINMILE-T 160K TL 20PR,"26,735.00",4/1/2026,3/31/2027
2095,PCUV 17 PLUS,1001,,106442,215/55R17 SecuraDrive TL 94W DOM,"5,480.00",4/1/2026,3/31/2027
2155,Farmax Rear,1001,,106443,9.5-22 FARMAX TT 8 PR,"4,613.20",4/1/2026,3/31/2027
2155,Farmax Rear,1001,,106444,12.4-36 FARMAX TT 12 PR,"13,879.08",4/1/2026,3/31/2027
2015,Truck Rad Tyres,1001,,106445,295/90R20 WINSUPER X3-D TT 152/148J,"20,208.00",5/5/2026,3/31/2027
2015,Truck Rad Tyres,1001,,106446,295/90R20 WINMILE X3-D TT,"19,473.00",5/5/2026,3/31/2027
2015,Truck Rad Tyres,1001,,106447,295/90R20 WINLOAD X3-D TT,"20,483.00",5/5/2026,3/31/2027
2015,Truck Rad Tyres,1001,,106448,10.00R20  RD 119,"17,493.00",4/1/2026,3/31/2027
2120,MOTORCYCLE TT TYRE,1001,,106449,3.00-17 GRIPP X3 TT 50P POLYESTER,932.00,4/1/2026,3/31/2027
2120,MOTORCYCLE TT TYRE,1001,,106450,3.00-18 GRIPP X3 TT 52P POLYESTER,984.00,4/1/2026,3/31/2027
2120,MOTORCYCLE TT TYRE,1001,,106451,3.00-18 MILAZE TT 52P  POLYESTER,940.00,4/1/2026,3/31/2027
2122,MOTORCYCLE TL TYRE,1001,,106452,80/100-18 MILAZE TL 54P POLYESTER,"1,008.00",4/1/2026,3/31/2027
2176,Tractor Radial,1001,,106453,IF 600/70 R 30 TORQUEMAX 165D TL,"44,511.87",4/1/2026,3/31/2027
2176,Tractor Radial,1001,,106454,IF 650/60 R 34 TORQUEMAX 159D TL,"54,803.49",4/1/2026,3/31/2027
2176,Tractor Radial,1001,,106455,IF 600/70 R 34 TORQUEMAX 160D TL,"45,066.35",4/1/2026,3/31/2027
2176,Tractor Radial,1001,,106456,IF 600/70 R 34 TORQUEMAX 167D TL,"46,270.96",4/1/2026,3/31/2027
2176,Tractor Radial,1001,,106458,420/80 R 46 FARMAX R80 151D/154A8 TL,"40,564.00",4/1/2026,3/31/2027
2176,Tractor Radial,1001,,106459,420/80 R 46 FARMAX R80 159D/162A8 TL,"36,108.15",4/1/2026,3/31/2027
2040,LCV Rad Tyres,1001,,106460,7.00R15 WINMILE X3-R  LT 12PR,"6,562.00",4/21/2026,3/31/2027
2015,Truck Rad Tyres,1001,,106461,9.00R20 WINSUPER X3-D  TT 16PR,"16,578.00",5/5/2026,3/31/2027
2610,MOTORCYCLE TUBE LOOS,1001,,106462,90/90-21 TUBE for HMCL ABWB,167.00,4/1/2026,3/31/2027
2610,MOTORCYCLE TUBE LOOS,1001,,106463,120/80-18 TUBE for HMCL ABWB,215.00,4/1/2026,3/31/2027
2010,Truck Bias Tyres,1001,,106464,10.00-20 MILE XL RIB X3 HD,"12,678.00",4/1/2026,3/31/2027
2095,PCUV 17 PLUS,1001,,106467,225/55R19 103V XL SportDrive SUV PSA Dum,"9,750.00",4/1/2026,3/31/2027
2015,Truck Rad Tyres,1001,,106472,295/90R20 WINMILE X3-R TT 152/148J,"18,606.00",5/5/2026,3/31/2027
2015,Truck Rad Tyres,1001,,106473,10.00R20 WINMILE X3-R  S,"17,490.00",4/1/2026,3/31/2027
2050,LM Bias Tyres,1001,,106474,4.50-10 RD 220 Rib,"1,559.00",4/1/2026,3/31/2027
2015,Truck Rad Tyres,1001,,106475,295/90R20 WINSUPER D F,"19,054.00",4/1/2026,3/31/2027
2015,Truck Rad Tyres,1001,,106476,295/90R20 RD116 F,"17,540.00",4/1/2026,3/31/2027
2015,Truck Rad Tyres,1001,,106477,10.00R20 WINLOAD AW TT 16PR,"16,302.00",4/1/2026,3/31/2027
2100,UV Rad Tyres,1001,,106478,205/65R16 SecuraDrive SD004 TL 95H,"5,417.00",5/1/2026,3/31/2027
2296,Row Crop Radial,1001,,106479,300/95 R 52 FARMAX RC 149D/152A8 TL,"22,669.73",4/1/2026,3/31/2027
2176,Tractor Radial,1001,,106480,580/70 R 42 FARMAX R70 158D/161A8 TL,"51,420.14",4/1/2026,3/31/2027
2112,Scooter TL Tyres,1001,,106481,90/90-12 Zoom X3 54 J,922.00,5/1/2026,3/31/2027
2010,Truck Bias Tyres,1001,,106482,10.00-20 ROXOR RIB ORNET TT 16PR,"10,675.00",4/1/2026,3/31/2027
2010,Truck Bias Tyres,1001,,106483,10.00-20 ROXOR HD ORNET TT 16PR,"14,764.00",4/1/2026,3/31/2027
2280,Grader,1001,,106485,13.00-24 GRADER XL TL 16PR G2/L2,"18,251.00",6/23/2021,12/31/9999
2015,Truck Rad Tyres,1001,,106487,295/80R22.5 WINSUPER X3-D F TL,"21,084.00",5/5/2026,3/31/2027
2155,Farmax Rear,1001,,106488,16.9-34 FARMAX TT 8 PR,"19,081.64",4/1/2026,3/31/2027
2050,LM Bias Tyres,1001,,106490,155D12 RD420 Lug,"2,195.00",4/1/2026,3/31/2027
2050,LM Bias Tyres,1001,,106491,155D12 RD520 Rib,"1,997.00",4/1/2026,3/31/2027
2296,Row Crop Radial,1001,,106492,270/95 R 54 FARMAX RC 146D/149A8 TL,"19,924.15",4/1/2026,3/31/2027
2015,Truck Rad Tyres,1001,,106493,295/90R20 WINSUPER X3-D TT 152/148J LRR,"20,208.00",5/5/2026,3/31/2027
2015,Truck Rad Tyres,1001,,106495,295/80R22.5 WinMile X3-R TL 152/148M 16P,"21,093.00",5/5/2026,3/31/2027
2015,Truck Rad Tyres,1001,,106496,10.00R20 RD219,"18,330.00",4/1/2026,3/31/2027
2122,MOTORCYCLE TL TYRE,1001,,106498,80/100-18 PSAFE Milaze TL 54P,"1,470.00",4/1/2026,3/31/2027
2122,MOTORCYCLE TL TYRE,1001,,106499,90/90-17 PSAFE Secura Zoom F TL 49P,"1,900.00",4/1/2026,3/31/2027
2122,MOTORCYCLE TL TYRE,1001,,106500,80/100-18 PSAFE Gripp X3 TL 54P,"1,755.00",4/1/2026,3/31/2027
2126,Motorcycle Premium B,1001,,106501,80/100-17 PSAFE Zoom X3 F TL 46P,"1,593.00",4/1/2026,3/31/2027
2122,MOTORCYCLE TL TYRE,1001,,106502,100/80-17 PSAFE Zoom Plus F TL 52P,"1,794.00",4/1/2026,3/31/2027
2122,MOTORCYCLE TL TYRE,1001,,106503,100/90-17 PSAFE Gripp X3  TL 55P,"1,949.00",4/1/2026,3/31/2027
2060,LM Rad Tyres,1001,,106504,185R14MILAZE LT TL,"3,814.00",4/1/2026,3/31/2027
2125,MOTORCYCLE RAD TYRE,1001,,106507,140/60R17 ZOOM RAD TL 63P Color SW BL,"2,754.00",4/1/2026,3/31/2027
2125,MOTORCYCLE RAD TYRE,1001,,106508,140/60R17 ZOOM RAD TL 63P Color SW OR,"2,754.00",4/1/2026,3/31/2027
2125,MOTORCYCLE RAD TYRE,1001,,106509,140/60R17 ZOOM RAD TL 63P Color SW BL OR,"2,754.00",4/1/2026,3/31/2027
2015,Truck Rad Tyres,1001,,106510,10.00R20 RD- B2,"19,932.00",4/1/2026,3/31/2027
2010,Truck Bias Tyres,1001,,106511,295/95D20 MILE XL PRO,"15,132.00",4/1/2026,3/31/2027
2015,Truck Rad Tyres,1001,,106512,10.00R20 RD419,"14,204.00",4/1/2026,3/31/2027
2045,Light Truck Steel,1001,,106513,7.50R16 LT RD319 122/118L  TT 14PR,"8,620.00",4/1/2026,3/31/2027
2015,Truck Rad Tyres,1001,,106514,315/80R22.5 ORNET OB-221,"22,000.00",4/1/2026,3/31/2027
2120,MOTORCYCLE TT TYRE,1001,,106515,2.75-17 GRIPP X3 F TT 41P,945.00,4/1/2026,3/31/2027
2122,MOTORCYCLE TL TYRE,1001,,106516,80/100-18 GRIPP X3 F TL 47P,"1,178.00",4/1/2026,3/31/2027
2126,Motorcycle Premium B,1001,,106517,80/100-17 GRIPP X3 F TL 46P,"1,139.00",4/1/2026,3/31/2027
2155,Farmax Rear,1001,,106518,8.3-24 FARMAX TT 10 PR,"5,719.00",4/1/2026,3/31/2027
2155,Farmax Rear,1001,,106519,9.5-24 FARMAX TT 10 PR,"6,488.35",4/1/2026,3/31/2027
2122,MOTORCYCLE TL TYRE,1001,,106521,100/90-18 ZOOM PLUS TL 56P,"1,313.00",4/1/2026,3/31/2027
2126,Motorcycle Premium B,1001,,106522,100/90-19 Gripp XL F 57S TT,"1,326.00",5/1/2026,3/31/2027
2126,Motorcycle Premium B,1001,,106523,110/70-17 ZOOM XL F 54P TL,"1,260.00",5/1/2026,3/31/2027
2126,Motorcycle Premium B,1001,,106524,140/70-17 ZOOM XL 66P TL,"2,171.00",5/1/2026,3/31/2027
2125,MOTORCYCLE RAD TYRE,1001,,106525,110/70 R17 BALD 54S TL,"2,420.00",4/1/2026,3/31/2027
2125,MOTORCYCLE RAD TYRE,1001,,106526,130/70 R17 BALD 62S TL,"2,440.00",4/1/2026,3/31/2027
2180,Tractor Trailer,1001,,106527,9.00-16 SAMRAAT TURBO LUG TT 12PR,"7,522.00",4/1/2026,3/31/2027
2180,Tractor Trailer,1001,,106528,9.00-20 TROLLEYMAX TT 16PR,"9,676.00",4/1/2026,3/31/2027
2010,Truck Bias Tyres,1001,,106530,295/95D20 LYFMAX LUG,"14,764.00",4/1/2026,3/31/2027
2155,Farmax Rear,1001,,106532,11.2-24 10 PR FARMAX TT,"8,299.70",4/1/2026,3/31/2027
2100,UV Rad Tyres,1001,,106533,215/70R15C EnduraDrive TL 109/107T CEAT,"20,000.00",12/23/2024,12/25/2024
2100,UV Rad Tyres,1001,,106534,195R14C EnduraDrive TL 106/104R CEAT,"4,500.00",4/1/2026,3/31/2027
2090,Car Rad Tyres,1001,,106535,195/50R15 4SEASONDRIVE TL 86V XL CEAT,"7,000.00",4/1/2026,3/31/2027
2015,Truck Rad Tyres,1001,,106536,315/80R22.5 ORNET OB-211,"20,740.00",4/1/2026,3/31/2027
2015,Truck Rad Tyres,1001,,106537,10.00R20 WinFuel-AW,"14,204.00",4/1/2026,3/31/2027
2620,3-WH TUBE PACKED,1001,,106538,TUBE 4.00-8 PACKED BR BENT VALVE(Export),140.00,4/1/2026,3/31/2027
2270,Hvy Tractor Rear,1001,,106539,18.4-30 FARMAX TT 14PR,"24,794.00",4/1/2026,3/31/2027
2060,LM Rad Tyres,1001,,106540,155R13MILAZE LT TL REFRESH,"2,777.00",4/1/2026,3/31/2027
2112,Scooter TL Tyres,1001,,106542,100/80-12 ZOOM-X3 56L TL,"1,222.00",5/1/2026,3/31/2027
2112,Scooter TL Tyres,1001,,106543,110/80-12 ZOOM-X3 61L TL,"1,313.00",4/1/2026,3/31/2027
2127,Motorcycle Steel RAD,1001,,106544,110/70R17 ZOOM RAD X1 F 54H TL (OEM),"2,293.00",4/1/2026,3/31/2027
2127,Motorcycle Steel RAD,1001,,106545,150/60R17 ZOOM RAD X1 66H TL (OEM),"2,700.00",4/1/2026,3/31/2027
2100,UV Rad Tyres,1001,,106546,215/60R16 SecuraDrive SD004 TL 95H MSIL,"4,489.00",4/1/2026,3/31/2027
2100,UV Rad Tyres,1001,,106547,205/60R16 Securadrive SD004 TL 92H MSIL,"5,869.00",5/1/2026,3/31/2027
2090,Car Rad Tyres,1001,,106549,195/55R15 4SeasonDrive TL 89V XL CEAT,"7,200.00",4/1/2026,3/31/2027
2090,Car Rad Tyres,1001,,106550,215/60R16 4SEASONDRIVE TL 99V XL CEAT,"7,000.00",4/1/2026,3/31/2027
2095,PCUV 17 PLUS,1001,,106551,215/45R17 4SEASONDRIVE TL 91V XL CEAT,"7,000.00",4/1/2026,3/31/2027
2090,Car Rad Tyres,1001,,106552,205/60R16 4SeasonDrive TL 96V XL CEAT,"7,000.00",4/1/2026,3/31/2027
2090,Car Rad Tyres,1001,,106553,215/55R16 4SeasonDrive TL 97V XL CEAT,"7,000.00",4/1/2026,3/31/2027
2090,Car Rad Tyres,1001,,106554,165/65R14 4SEASONDRIVE TL 79T CEAT,"6,500.00",4/1/2026,3/31/2027
2100,UV Rad Tyres,1001,,106555,225/70R15C EnduraDrive TL 112/110S CEAT,"5,500.00",4/1/2026,3/31/2027
2100,UV Rad Tyres,1001,,106556,205/75R16C 113/111R EnduraDrive,"5,500.00",4/1/2026,3/31/2027
2100,UV Rad Tyres,1001,,106557,215/70R16C EnduraDrive TL 108/106T CEAT,"5,500.00",4/1/2026,3/31/2027
2015,Truck Rad Tyres,1001,,106558,255/70R22.5 CEAT WINENERGY X3-R,"18,258.00",5/5/2026,3/31/2027
2140,Tractor Front,1001,,106559,6.00-16 VARDHAN TT 8PR,"3,643.00",4/1/2026,3/31/2027
2140,Tractor Front,1001,,106560,6.50-16 AAYUSHMAAN TT 8PR,"4,148.00",4/1/2026,3/31/2027
2150,Tractor Rear,1001,,106561,13.6-28 VARDHAN TT 12PR,"18,101.00",4/1/2026,3/31/2027
2150,Tractor Rear,1001,,106562,14.9-28 VARDHAN TT 12PR,"20,008.00",4/1/2026,3/31/2027
2170,ADV,1001,,106563,7.00-19 BULAND PLUS 10 PR TT,"3,724.00",4/1/2026,3/31/2027
2095,PCUV 17 PLUS,1001,,106564,215/60R17 Securadrive SD004 TL 96H,"5,273.00",4/1/2026,3/31/2027
2095,PCUV 17 PLUS,1001,,106565,225/55R18 SecuraDrive SD004 TL 98H,"8,971.00",5/1/2026,3/31/2027
2090,Car Rad Tyres,1001,,106566,185/65R15 DIMAX E-TOURING 1 88H RADAR,"1,581.00",4/1/2026,3/31/2027
2090,Car Rad Tyres,1001,,106567,195/60R15 DIMAX E-TOURING 1 88H RADAR,"1,520.00",4/1/2026,3/31/2027
2090,Car Rad Tyres,1001,,106568,195/65R15 DIMAX E-TOURING 1 91H RADAR,"1,566.00",4/1/2026,3/31/2027
2090,Car Rad Tyres,1001,,106569,205/65R15 DIMAX E-TOURING 1 94H RADAR,"1,733.00",4/1/2026,3/31/2027
2090,Car Rad Tyres,1001,,106570,205/55R16 DIMAX E-TOURING 1 91V RADAR,"1,611.00",4/1/2026,3/31/2027
2090,Car Rad Tyres,1001,,106571,205/60R16 DIMAX E-TOURING 1 92H RADAR,"1,809.00",4/1/2026,3/31/2027
2090,Car Rad Tyres,1001,,106572,205/60R15 DIMAX E-SPORT 1 91V RADAR,"1,885.00",4/1/2026,3/31/2027
2090,Car Rad Tyres,1001,,106573,215/60R16 DIMAX E-SPORT 1 99V XL RADAR,"2,105.00",4/1/2026,3/31/2027
2090,Car Rad Tyres,1001,,106574,215/65R16 DIMAX E-SPORT 1 98V RADAR,"2,356.00",4/1/2026,3/31/2027
2095,PCUV 17 PLUS,1001,,106575,205/50R17 DIMAX E-SPORT 1 93W XL RADAR,"2,029.00",4/1/2026,3/31/2027
2095,PCUV 17 PLUS,1001,,106576,215/50R17 DIMAX E-SPORT 1 95W XL RADAR,"2,128.00",4/1/2026,3/31/2027
2095,PCUV 17 PLUS,1001,,106577,215/55R17 DIMAX E-SPORT 1 94W RADAR,"2,143.00",4/1/2026,3/31/2027
2095,PCUV 17 PLUS,1001,,106578,235/55R17 DIMAX E-SPORT 1 99V RADAR,"2,508.00",4/1/2026,3/31/2027
2015,Truck Rad Tyres,1001,,106579,295/90R20 WINMILE X3-R TT 152/148J LRR,"18,606.00",5/5/2026,3/31/2027
2050,LM Bias Tyres,1001,,106580,4.50-10 LyfMax X3-R TL 85F,"1,734.00",5/5/2026,3/31/2027
2140,Tractor Front,1001,,106581,6.00-16 THRESHERMAX TT 6PR,"2,440.00",4/1/2026,3/31/2027
2095,PCUV 17 PLUS,1001,,106582,235/65R17 SecuraDrive SUV TL 104H DOM,"8,891.00",5/1/2026,3/31/2027
2090,Car Rad Tyres,1001,,106583,205/50R16 SecuraDrive TL 87W,"4,572.00",4/1/2026,3/31/2027
2095,PCUV 17 PLUS,1001,,106584,265/65R17 CrossDrive AT TL 112S,"11,196.00",5/1/2026,3/31/2027
2155,Farmax Rear,1001,,106585,13.6-28 FARMAX TT 12 PR,"14,555.00",4/1/2026,3/31/2027
2250,BHL,1001,,106586,16.9-28 TYROCK XL TL 12 PR,"27,471.00",4/1/2026,3/31/2027
2230,Flotation Bias,1001,,106587,400/60-15.5 T422 VALUE PRO TL 16 PR,"9,417.41",4/1/2026,3/31/2027
2155,Farmax Rear,1001,,106588,16.9-30 FARMAX TT 8 PR,"15,935.04",4/1/2026,3/31/2027
2175,Farm Irrigation,1001,,106589,14.9-24 IRROGATOR TL 6 PR,"10,220.80",4/1/2026,3/31/2027
2015,Truck Rad Tyres,1001,,106590,315/80 R22.5 XCEED XB-211,"20,740.00",4/1/2026,3/31/2027
2120,MOTORCYCLE TT TYRE,1001,,106591,2.75-17 41P SECURA M86 F TT,913.00,5/1/2026,3/31/2027
2120,MOTORCYCLE TT TYRE,1001,,106592,2.75-18 42P SECURA M86 F TT,936.00,5/1/2026,3/31/2027
2126,Motorcycle Premium B,1001,,106593,100/80-17 Zoom Plus F TT 52P,"1,137.00",5/1/2026,3/31/2027
2126,Motorcycle Premium B,1001,,106594,120/80-17 Zoom X3 TT 61P,"1,570.00",5/1/2026,3/31/2027
2120,MOTORCYCLE TT TYRE,1001,,106595,2.75-17 Secura Zoom + TT 47P,757.00,4/1/2026,3/31/2027
2126,Motorcycle Premium B,1001,,106596,130/80-17 GRIPP XL TT 65S,"1,942.00",5/1/2026,3/31/2027
2122,MOTORCYCLE TL TYRE,1001,,106597,80/100-17 GRIPP CRUZ F TL 46P,911.00,4/1/2026,3/31/2027
2122,MOTORCYCLE TL TYRE,1001,,106598,100/90-17 GRIPP CRUZ TL 55P,"1,212.00",4/1/2026,3/31/2027
2122,MOTORCYCLE TL TYRE,1001,,106599,90/90-17 GRIPP CRUZ F TL 49P,"1,041.00",5/1/2026,3/31/2027
2122,MOTORCYCLE TL TYRE,1001,,106600,120/70-17 GRIPP CRUZ TL 58P,"1,471.00",4/1/2026,3/31/2027
2125,MOTORCYCLE RAD TYRE,1001,,106601,110/70 R 17 Zoom Rad X1 F TL 54S (CFM),"2,057.00",4/1/2026,3/31/2027
2125,MOTORCYCLE RAD TYRE,1001,,106602,140/60 R 17 Zoom Rad X1 TL 63S (CFM),"2,754.00",4/1/2026,3/31/2027
2112,Scooter TL Tyres,1001,,106603,90/90-10 MILAZE TL 50J,707.00,4/1/2026,3/31/2027
2610,MOTORCYCLE TUBE LOOS,1001,,106604,TUBE 100/80-17 BR,202.00,4/1/2026,3/31/2027
2610,MOTORCYCLE TUBE LOOS,1001,,106605,TUBE 120/80-17 BR,215.00,4/1/2026,3/31/2027
2610,MOTORCYCLE TUBE LOOS,1001,,106606,TUBE 130/80-17 BR,252.00,4/1/2026,3/31/2027
2140,Tractor Front,1001,,106607,6.00-16 THRESHERMAX PLUS 8PR TT,"2,752.68",9/29/2024,3/29/2026
2150,Tractor Rear,1001,,106608,8.3-36 AAYUSHMAAN TT 8PR,"8,309.00",4/1/2026,3/31/2027
2150,Tractor Rear,1001,,106609,8.00-18 AAYUSHMAAN 4PR TT,"5,089.00",4/1/2026,3/31/2027
2100,UV Rad Tyres,1001,,106610,215/70R16 SportDrive SUV TL 104V XL CEAT,"10,000.00",4/1/2026,3/31/2027
2095,PCUV 17 PLUS,1001,,106611,215/50R18 SportDrive TL 92W CEAT,"9,750.00",4/1/2026,3/31/2027
2095,PCUV 17 PLUS,1001,,106612,225/50R18 SportDrive TL 99W XL CEAT,"11,367.00",4/1/2026,3/31/2027
2095,PCUV 17 PLUS,1001,,106613,245/50R18 SportDrive TL 104W XL CEAT,"9,455.00",4/1/2026,3/31/2027
2095,PCUV 17 PLUS,1001,,106614,255/40R18 SportDrive TL 99Y XL CEAT,"8,775.00",4/1/2026,3/31/2027
2095,PCUV 17 PLUS,1001,,106616,225/60R18 SportDrive SUV TL 104W XL CEAT,"14,625.00",4/1/2026,3/31/2027
2100,UV Rad Tyres,1001,,106617,225/60R16 SecuraDrive TL 102W XL CEAT,"9,843.00",4/1/2026,3/31/2027
2095,PCUV 17 PLUS,1001,,106618,245/60R18 SportDrive SUV TL 105V CEAT,"8,775.00",4/1/2026,3/31/2027
2050,LM Bias Tyres,1001,,106619,185D14 RD720 Rib,"3,493.00",4/1/2026,3/31/2027
2050,LM Bias Tyres,1001,,106620,185D14 RD620 Lug,"3,761.00",4/1/2026,3/31/2027
2030,LCV Bias Tyres,1001,,106621,7.00-15 LYFMAX X3-D TT 12PR,"6,155.00",4/21/2026,3/31/2027
2030,LCV Bias Tyres,1001,,106622,7.00-15 LYFMAX X3-R TT 12PR,"5,190.00",4/21/2026,3/31/2027
2030,LCV Bias Tyres,1001,,106623,7.50-16 LYFMAX X3-D TT 16PR,"7,552.00",4/21/2026,3/31/2027
2015,Truck Rad Tyres,1001,,106624,295/80R22.5 RD420,"18,920.00",4/1/2026,3/31/2027
2015,Truck Rad Tyres,1001,,106625,295/80R22.5 RD520,"20,747.00",4/1/2026,3/31/2027
2045,Light Truck Steel,1001,,106626,235/75R17.5 WINSUPER X3-D TL14PR143/141K,"12,694.00",4/1/2026,3/31/2027
2045,Light Truck Steel,1001,,106627,215/75R17.5 Winmilex3R 135/133K,"10,772.00",4/1/2026,3/31/2027
2045,Light Truck Steel,1001,,106628,7.00R16 WINMILE X3-R LT,"7,720.00",4/1/2026,3/31/2027
2095,PCUV 17 PLUS,1001,,106629,215/60R17 SecuraDrive SUV TL 96H,"5,750.00",5/1/2026,3/31/2027
2095,PCUV 17 PLUS,1001,,106630,215/55R17 SecuraDrive SUV TL 94V,"5,906.00",5/1/2026,3/31/2027
2100,UV Rad Tyres,1001,,106631,205/60R16 SecuraDrive SUV TL 92H,"5,869.00",5/1/2026,3/31/2027
2100,UV Rad Tyres,1001,,106632,215/65R16 SecuraDrive SUV TL 98H,"6,803.00",5/1/2026,3/31/2027
2297,Flotation Radial,1001,,106633,500/60 R 22.5 FLOATMAX FT 155D TL,"19,897.82",4/1/2026,3/31/2027
2010,Truck Bias Tyres,1001,,106634,10.00-20 RD121 TT 16PR,"15,358.00",4/1/2026,3/31/2027
2090,Car Rad Tyres,1001,,106635,185/65R15 TOURING A/S 88H MOHAVE,"6,500.00",4/1/2026,3/31/2027
2090,Car Rad Tyres,1001,,106636,175/65R14 TOURING A/S 82T MOHAVE,"6,500.00",4/1/2026,3/31/2027
2090,Car Rad Tyres,1001,,106637,185/70R14 TOURING A/S 88T MOHAVE,"6,500.00",4/1/2026,3/31/2027
2090,Car Rad Tyres,1001,,106638,195/70R14 TOURING A/S 91T MOHAVE,"6,500.00",4/1/2026,3/31/2027
2090,Car Rad Tyres,1001,,106639,205/70R15 TOURING A/S 96T MOHAVE,"6,500.00",4/1/2026,3/31/2027
2090,Car Rad Tyres,1001,,106640,215/70R15 TOURING A/S 98T MOHAVE,"6,500.00",4/1/2026,3/31/2027
2126,Motorcycle Premium B,1001,,106641,120/80-18 ZOOM PLUS TL 62P (J1A5),"1,782.00",5/1/2026,3/31/2027
2122,MOTORCYCLE TL TYRE,1001,,106642,3.00-18 SECURA ZOOM TL 52 P,"1,070.00",5/1/2026,3/31/2027
2122,MOTORCYCLE TL TYRE,1001,,106643,2.75-18 SECURA ZOOM TL 42 P,929.00,4/1/2026,3/31/2027
2015,Truck Rad Tyres,1001,,106646,11.00R20 WINSUPER X3-D 16PR,"21,504.00",5/5/2026,3/31/2027
2015,Truck Rad Tyres,1001,,106647,8.25R20 WINSUPER X3-D 16PR,"14,566.00",5/5/2026,3/31/2027
2095,PCUV 17 PLUS,1001,,106650,215/45R17 DIMAX E-SPORT 2 91Y XL RADAR,"7,000.00",4/1/2026,3/31/2027
2095,PCUV 17 PLUS,1001,,106651,215/55R18 DIMAX E-SPORT 1 99V XL RADAR,"8,000.00",4/1/2026,3/31/2027
2095,PCUV 17 PLUS,1001,,106652,215/60R17 DIMAX E-SPORT 1 100V XL RADAR,"5,326.00",4/1/2026,3/31/2027
2095,PCUV 17 PLUS,1001,,106653,215/65R17 DIMAX E-SPORT 3 103V XL RADAR,"7,000.00",4/1/2026,3/31/2027
2095,PCUV 17 PLUS,1001,,106654,225/40R18 DIMAX E-SPORT 2 92Y XL RADAR,"8,000.00",4/1/2026,3/31/2027
2095,PCUV 17 PLUS,1001,,106655,225/45R17 DIMAX E-SPORT 2 94Y XL RADAR,"7,000.00",4/1/2026,3/31/2027
2095,PCUV 17 PLUS,1001,,106656,225/50R17 DIMAX E-SPORT 2 98Y XL RADAR,"7,000.00",4/1/2026,3/31/2027
2095,PCUV 17 PLUS,1001,,106657,225/55R17 DIMAX E-SPORT 2 101W XL RADAR,"7,000.00",4/1/2026,3/31/2027
2095,PCUV 17 PLUS,1001,,106658,225/55R18 DIMAX E-SPORT 2 102W XL RADAR,"8,000.00",4/1/2026,3/31/2027
2095,PCUV 17 PLUS,1001,,106659,225/60R17 DIMAX E-SPORT 3 103V XL RADAR,"7,000.00",4/1/2026,3/31/2027
2095,PCUV 17 PLUS,1001,,106660,225/65R17 DIMAX E-SPORT 3 106V XL RADAR,"7,000.00",4/1/2026,3/31/2027
2095,PCUV 17 PLUS,1001,,106661,235/45R17 DIMAX E-SPORT 2 97Y XL RADAR,"7,000.00",4/1/2026,3/31/2027
2095,PCUV 17 PLUS,1001,,106662,235/45R18 DIMAX E-SPORT 2 98Y XL RADAR,"8,000.00",4/1/2026,3/31/2027
2095,PCUV 17 PLUS,1001,,106663,235/50R18 DIMAX E-SPORT 3 101V XL RADAR,"8,000.00",4/1/2026,3/31/2027
2095,PCUV 17 PLUS,1001,,106664,235/55R18 DIMAX E-SPORT 3 104W XL RADAR,"8,000.00",4/1/2026,3/31/2027
2095,PCUV 17 PLUS,1001,,106665,235/60R18 DIMAX E-SPORT 3 107W XL RADAR,"8,000.00",4/1/2026,3/31/2027
2095,PCUV 17 PLUS,1001,,106666,235/65R17 DIMAX E-SPORT 3 108W XL RADAR,"7,000.00",4/1/2026,3/31/2027
2095,PCUV 17 PLUS,1001,,106667,245/40R18 DIMAX E-SPORT 2 97Y XL RADAR,"8,000.00",4/1/2026,3/31/2027
2095,PCUV 17 PLUS,1001,,106668,245/45R17 DIMAX E-SPORT 2 99Y XL RADAR,"7,000.00",4/1/2026,3/31/2027
2095,PCUV 17 PLUS,1001,,106669,245/45R18 DIMAX E-SPORT 2 100Y XL RADAR,"8,000.00",4/1/2026,3/31/2027
2095,PCUV 17 PLUS,1001,,106670,235/55R19 DIMAX E-SPORT 3 105W XL RADAR,"8,000.00",4/1/2026,3/31/2027
2100,UV Rad Tyres,1001,,106671,205/65R15 Milaze X3 TL 94S TWI,"5,237.00",5/1/2026,3/31/2027
2100,UV Rad Tyres,1001,,106672,205/65R16 Milaze X3 TL 95S TWI,"5,137.00",4/1/2026,3/31/2027
2015,Truck Rad Tyres,1001,,106673,295/80R22.5 RD120,"20,283.00",4/1/2026,3/31/2027
2260,Forklift,1001,,106675,7.00-12  ELEVETA TT  14PR,"4,405.00",4/1/2026,3/31/2027
2176,Tractor Radial,1001,,106676,380/85 R 24 FARMAX R85 131D/134A8 TL,"17,395.28",4/1/2026,3/31/2027
2176,Tractor Radial,1001,,106677,420/85 R 34 FARMAX R85 142D/145A8 TL,"24,435.95",4/1/2026,3/31/2027
2176,Tractor Radial,1001,,106678,520/85 R 42 FARMAX R85 169D/172A8 TL,"60,955.32",4/1/2026,3/31/2027
2176,Tractor Radial,1001,,106679,420/70 R 28 FARMAX R70 133D/136A8 TL,"20,940.51",4/1/2026,3/31/2027
2176,Tractor Radial,1001,,106680,420/70 R 24 FARMAX R70 130D/133A8 TL,"17,032.15",4/1/2026,3/31/2027
2176,Tractor Radial,1001,,106681,520/70 R 38 FARMAX R70 150D/153A8 TL,"40,550.60",4/1/2026,3/31/2027
2176,Tractor Radial,1001,,106682,380/70 R 24 FARMAX R70 125D/128A8 TL,"15,377.84",4/1/2026,3/31/2027
2176,Tractor Radial,1001,,106683,380/85 R 28 FARMAX R85 133D/136A8 TL,"17,257.21",4/1/2026,3/31/2027
2176,Tractor Radial,1001,,106684,420/85 R 30 FARMAX R85 140D/143A8 TL,"25,269.14",4/1/2026,3/31/2027
2176,Tractor Radial,1001,,106685,340/85 R 24 FARMAX R85 125D/128A8 TL,"15,180.11",4/1/2026,3/31/2027
2015,Truck Rad Tyres,1001,,106686,325/95R24 WINLOAD AW TL,"26,500.00",4/1/2026,3/31/2027
2015,Truck Rad Tyres,1001,,106687,11R22.5 CARGOMILER CMAP201  TL 16PR,"21,565.00",4/1/2026,3/31/2027
2030,LCV Bias Tyres,1001,,106688,7.50-16 ORNET L911 16PR TT,"7,375.00",4/1/2026,3/31/2027
2030,LCV Bias Tyres,1001,,106689,8.25-16 ORNET R511 16PR TT,"8,109.00",4/1/2026,3/31/2027
2030,LCV Bias Tyres,1001,,106690,8.25-16 ORNET L911 16PR TT,"8,109.00",4/1/2026,3/31/2027
2040,LCV Rad Tyres,1001,,106691,7.00R15 RD220 LT,"6,556.00",4/1/2026,3/31/2027
2045,Light Truck Steel,1001,,106692,245/70R17.5 WINMILE X3-R,"14,639.00",4/1/2026,3/31/2027
2015,Truck Rad Tyres,1001,,106693,295/90R20 WINFUEL AW TT,"14,454.00",4/1/2026,3/31/2027
2090,Car Rad Tyres,1001,,106696,165/65R13 MILAZE X3 TL 77T SW,"3,077.00",4/1/2026,3/31/2027
2090,Car Rad Tyres,1001,,106697,185/65R14 MILAZE X3 TL 86T SW,"3,949.00",4/1/2026,3/31/2027
2090,Car Rad Tyres,1001,,106698,175/65R15 MILAZE X3 TL 84T SW,"4,060.00",5/1/2026,3/31/2027
2090,Car Rad Tyres,1001,,106699,165/65R14 MILAZE X3 TL 79T SW,"3,262.00",4/1/2026,3/31/2027
2090,Car Rad Tyres,1001,,106700,175/65R14 MILAZE X3 TL 82T SW,"3,715.00",5/1/2026,3/31/2027
2176,Tractor Radial,1001,,106701,480/80 R 42 FARMAX R80 153A8/B TL,"36,357.61",4/1/2026,3/31/2027
2176,Tractor Radial,1001,,106702,480/80 R 42 FARMAX R80 169A8/B TL,"40,483.79",4/1/2026,3/31/2027
2176,Tractor Radial,1001,,106703,480/80 R 46 FARMAX R80 164A8/B TL,"44,579.08",4/1/2026,3/31/2027
2176,Tractor Radial,1001,,106704,420/90 R 30 FARMAX R90 142A8/B TL,"33,961.00",3/13/2025,4/7/2025
2090,Car Rad Tyres,1001,,106707,215/45R16 Sportdrive TL 90W XL CEAT,"5,000.00",4/1/2026,3/31/2027
2095,PCUV 17 PLUS,1001,,106708,235/50R19 Sportdrive SUV TL 103W XL CEAT,"9,750.00",4/1/2026,3/31/2027
2095,PCUV 17 PLUS,1001,,106709,245/45R19 Sportdrive TL 102Y XL CEAT,"9,265.00",4/1/2026,3/31/2027
2095,PCUV 17 PLUS,1001,,106710,245/45R20 Sportdrive SUV TL 103W XL CEAT,"23,110.00",4/1/2026,3/31/2027
2095,PCUV 17 PLUS,1001,,106711,245/60R18 Sportdrive SUV TL 105V CEAT,"8,994.00",4/1/2026,3/31/2027
2095,PCUV 17 PLUS,1001,,106712,255/50R19 Sportdrive SUV TL 107W XL,"14,409.00",4/1/2026,3/31/2027
2095,PCUV 17 PLUS,1001,,106713,255/40R18 Sportdrive TL  99 Y XL CEAT,"8,775.00",4/1/2026,3/31/2027
2095,PCUV 17 PLUS,1001,,106714,255/45R20 Sportdrive SUV TL 105W XL CEAT,"16,764.00",4/1/2026,3/31/2027
2095,PCUV 17 PLUS,1001,,106715,255/55R19 Sportdrive SUV TL 111W XL CEAT,"13,818.00",4/1/2026,3/31/2027
2095,PCUV 17 PLUS,1001,,106716,265/35R20 Sportdrive TL 99Y XL CEAT,"9,200.00",4/1/2026,3/31/2027
2970,O-RINGS O-RING,1001,,106717,"O-Ring,NBR,DW:ORG-OB001-01,Standard",200.00,4/1/2026,3/31/2027
2126,Motorcycle Premium B,1001,,106718,110/90-18 GRIPP XL TT 61P,"1,600.00",4/1/2026,3/31/2027
2015,Truck Rad Tyres,1001,,106719,10.00R20 RD720 TT 16PR,"19,800.00",4/1/2026,3/31/2027
2020,Truck Rad Tyres,1001,,106720,10.00R20 B1 TT 16PR,"16,975.00",4/1/2026,3/31/2027
2015,Truck Rad Tyres,1001,,106721,12.00R24 ORNET OB223 TT 20PR,"15,000.00",4/1/2026,3/31/2027
2015,Truck Rad Tyres,1001,,106722,385/65R22.5 ORNET OB251 TL 18PR,"20,000.00",4/1/2026,3/31/2027
2090,Car Rad Tyres,1001,,106723,155/70R13 FUELSMARRT TL 75T SW,"2,936.00",4/1/2026,3/31/2027
2090,Car Rad Tyres,1001,,106724,165/65R14 FUELSMARRT TL 79T SW,"3,264.00",4/1/2026,3/31/2027
2090,Car Rad Tyres,1001,,106725,175/70R14 FUELSMARRT TL 84H SW,"4,100.00",4/1/2026,3/31/2027
2090,Car Rad Tyres,1001,,106726,155/65R14 FUELSMARRT TL 75T SW,"2,836.00",4/1/2026,3/31/2027
2015,Truck Rad Tyres,1001,,106727,385/65R22.5 WINMILE-R TL 18PR 160/158K/L,"26,611.00",4/1/2026,3/31/2027
2122,MOTORCYCLE TL TYRE,1001,,106728,90/90-21 GRIPP XL PRO F TL 54H,"3,146.00",4/1/2026,3/31/2027
2122,MOTORCYCLE TL TYRE,1001,,106729,100/90-19 GRIPP XL PRO F TL 57H,"3,477.00",4/1/2026,3/31/2027
2112,Scooter TL Tyres,1001,,106730,110/80-14 Zoom Plus Y TL 53P,"1,434.00",5/1/2026,3/31/2027
2112,Scooter TL Tyres,1001,,106731,140/70-14 Zoom Plus Y TL 62P,"1,946.00",5/1/2026,3/31/2027
2115,E-Rickshaw Tyres,1001,,106732,90/90-12 BULAND X3 TT 64E ( E-Ric),829.00,4/21/2026,3/31/2027
2115,E-Rickshaw Tyres,1001,,106733,3.75-12 BULAND X3 TT 66E ( E-Ric),"1,059.00",4/21/2026,3/31/2027
2125,MOTORCYCLE RAD TYRE,1001,,106734,140/80 R17 GRIPP RAD STEEL TL 69H,"2,960.00",5/1/2026,3/31/2027
2125,MOTORCYCLE RAD TYRE,1001,,106735,150/70 R17 GRIPP RAD STEEL TL 69H,"6,481.00",5/1/2026,3/31/2027
2095,PCUV 17 PLUS,1001,,106737,215/60R17 SecuraDrive TL 96H P,"5,750.00",5/1/2026,3/31/2027
2100,UV Rad Tyres,1001,,106738,205/65R16 SecuraDrive SD004 TL 95H PSA,"5,417.00",5/1/2026,3/31/2027
2015,Truck Rad Tyres,1001,,106740,10.00R20 RD419 TYRE CASING,"15,615.00",4/1/2026,3/31/2027
2010,Truck Bias Tyres,1001,,106741,10.00-20 FLEET MASTER TT 16PR,"11,383.00",4/1/2026,3/31/2027
2176,Tractor Radial,1001,,106744,520/70 R 34 FARMAX R70 168A8/B TL,"45,961.96",4/1/2026,3/31/2027
2112,Scooter TL Tyres,1001,,106746,110/80-14 Zoom Plus TL 53P,"1,338.00",4/1/2026,3/31/2027
2112,Scooter TL Tyres,1001,,106747,140/70-14 Zoom Plus TL 62P,"1,804.00",4/1/2026,3/31/2027
2112,Scooter TL Tyres,1001,,106748,90/90-12 ZOOM X3 Y TL 54J,922.00,5/1/2026,3/31/2027
2120,MOTORCYCLE TT TYRE,1001,,106750,2.75-17 SECURA M86 47P  TT,787.00,4/1/2026,3/31/2027
2045,Light Truck Steel,1001,,106751,235/75R17.5 WINMILE X3R TL 14PR 132/130M,"11,764.00",4/1/2026,3/31/2027
2010,Truck Bias Tyres,1001,,106752,12.00-20 ORNET L912 TT 18PR,"14,939.00",4/1/2026,3/31/2027
2090,Car Rad Tyres,1001,,106753,205/55R16 SECURADRIVE TL 91V CEAT F,"5,855.00",4/1/2026,3/31/2027
2050,LM Bias Tyres,1001,,106754,165D14 RD920 RIB,"2,931.00",4/1/2026,3/31/2027
2050,LM Bias Tyres,1001,,106755,165D14 RD820 LUG,"3,183.00",4/1/2026,3/31/2027
2112,Scooter TL Tyres,1001,,106756,90/100-10 Secura Neo TL 53J,834.00,5/1/2026,3/31/2027
2090,Car Rad Tyres,1001,,106757,185/65R15 SecuraDrive SD004 TL 88H HYN,"4,362.00",5/1/2026,3/31/2027
2090,Car Rad Tyres,1001,,106758,205/55R16 SecuraDrive SD004 TL 91H HYN,"5,855.00",4/1/2026,3/31/2027
2090,Car Rad Tyres,1001,,106759,165/70R14 STEPNEE TL 81 T,"3,000.00",4/1/2026,3/31/2027
2126,Motorcycle Premium B,1001,,106760,90/90-17 PSAFE Zoom X3 F TL 49P,"1,666.00",4/1/2026,3/31/2027
2126,Motorcycle Premium B,1001,,106761,100/90-17 PSAFE Zoom X3 TL 55P,"1,840.00",4/1/2026,3/31/2027
2126,Motorcycle Premium B,1001,,106762,100/90-18 PSAFE GRIPP X3 TL 56P,"2,018.00",4/1/2026,3/31/2027
2126,Motorcycle Premium B,1001,,106763,100/90-18 PSAFE Zoom X3 TL 56P,"1,918.00",4/1/2026,3/31/2027
2095,PCUV 17 PLUS,1001,,106764,255/65R18 CZAR AT TL 111H MM Black,"7,275.00",4/1/2026,3/31/2027
2015,Truck Rad Tyres,1001,,106765,315/80R22.5 AP200 OMNI CARGO TL 18PR,"19,000.00",4/1/2026,3/31/2027
2045,Light Truck Steel,1001,,106766,215/75R17.5 OMNI CARGO AP200 TL 16PR,"9,423.00",4/1/2026,3/31/2027
2045,Light Truck Steel,1001,,106767,235/75R17.5 OMNI CARGO AP200 TL 16PR,"10,500.00",4/1/2026,3/31/2027
2015,Truck Rad Tyres,1001,,106768,11R22.5 OMNI CARGO RS200 TL 16PR,"19,000.00",4/1/2026,3/31/2027
2015,Truck Rad Tyres,1001,,106769,11R22.5 OMNI CARGO CS300 TL 16PR,"19,000.00",4/1/2026,3/31/2027
2015,Truck Rad Tyres,1001,,106770,295/75R22.5 OMNI CARGO RS200 TL 16PR,"19,000.00",4/1/2026,3/31/2027
2015,Truck Rad Tyres,1001,,106771,295/75R22.5 OMNI CARGO CS300 TL 16PR,"19,000.00",4/1/2026,3/31/2027
2155,Farmax Rear,1001,,106775,16.9-28  FARMAX 8 PR TT,"16,013.20",4/1/2026,3/31/2027
2100,UV Rad Tyres,1001,,106776,205/60R16 SecuraDrive TL 96V XL CEAT,"5,869.00",5/1/2026,3/31/2027
2140,Tractor Front,1001,,106777,6.50-20 VARDHAN TT 8PR,"5,265.00",4/1/2026,3/31/2027
2150,Tractor Rear,1001,,106778,12.4-28 VARDHAN TT 12PR,"15,018.00",4/1/2026,3/31/2027
2150,Tractor Rear,1001,,106779,16.9-28 VARDHAN TT 12PR,"24,601.00",4/1/2026,3/31/2027
2140,Tractor Front,1001,,106780,7.50-16 VARDHAN TT 8PR,"5,140.00",4/1/2026,3/31/2027
2176,Tractor Radial,1001,,106781,280/70 R 18 FARMAX R70  114A8/B TL,"17,846.00",4/1/2026,3/31/2027
2176,Tractor Radial,1001,,106782,340/65 R 18 FARMAX R65  122D TL,"8,777.22",4/1/2026,3/31/2027
2176,Tractor Radial,1001,,106783,280/70 R 16 FARMAX R70  112A8/B TL,"5,807.96",4/1/2026,3/31/2027
2176,Tractor Radial,1001,,106784,320/65 R 16 FARMAX R65 117D TL,"7,266.44",4/1/2026,3/31/2027
2176,Tractor Radial,1001,,106785,320/65 R 18 FARMAX R65 109D TL,"9,217.46",4/1/2026,3/31/2027
2095,PCUV 17 PLUS,1001,,106789,225/50R17 SportDrive TL 98Y XL DOM,"8,191.00",4/1/2026,3/31/2027
2095,PCUV 17 PLUS,1001,,106790,245/40R18 SportDrive TL 97Y XL DOM,"12,136.00",4/1/2026,3/31/2027
2095,PCUV 17 PLUS,1001,,106791,245/45R18 SportDrive TL 100Y XL DOM,"12,442.00",4/1/2026,3/31/2027
2095,PCUV 17 PLUS,1001,,106792,245/45R17 SportDrive TL 99Y XL DOM,"10,148.00",4/1/2026,3/31/2027
2095,PCUV 17 PLUS,1001,,106793,205/45R17 SportDrive TL 88Y XL DOM,"7,299.00",4/1/2026,3/31/2027
2095,PCUV 17 PLUS,1001,,106794,225/45R17 SportDrive TL 94Y XL DOM,"9,971.00",4/1/2026,3/31/2027
2095,PCUV 17 PLUS,1001,,106795,225/55R17 SportDrive TL 101W XL DOM,"8,234.00",4/1/2026,3/31/2027
2015,Truck Rad Tyres,1001,,106796,11R22.5 ORNET OB213 TL 16PR,"14,150.00",4/1/2026,3/31/2027
2176,Tractor Radial,1001,,106797,250/85R20 FARMAX R85 116A8/B TL CUT RES,"9,045.00",4/1/2026,3/31/2027
2176,Tractor Radial,1001,,106800,250/85R24 FARMAX R85 109A8/B TL CUT RES,"9,188.00",4/1/2026,3/31/2027
2176,Tractor Radial,1001,,106801,280/85R24 FARMAX R85 115A8/B TL CUT RES,"10,598.00",4/1/2026,3/31/2027
2176,Tractor Radial,1001,,106802,320/85R24 FARMAX R85 122A8/B TL CUT RES,"15,259.00",4/1/2026,3/31/2027
2176,Tractor Radial,1001,,106803,320/85R24 FARMAX R85 142A8/B TL CUT RES,"15,233.00",4/1/2026,3/31/2027
2176,Tractor Radial,1001,,106805,380/85R24 FARMAX R85 131A8/B TL CUT RES,"16,340.51",4/1/2026,3/31/2027
2176,Tractor Radial,1001,,106806,420/85R24 FARMAX R85 137A8/B TL CUT RES,"25,128.00",4/28/2025,9/30/2025
2176,Tractor Radial,1001,,106810,420/85R28 FARMAX R85 139A8/B TL CUT RES,"17,584.00",7/11/2023,7/15/2023
2176,Tractor Radial,1001,,106812,420/85R30 FARMAX R85 140A8/B TL CUT RES,"24,531.23",4/1/2026,3/31/2027
2176,Tractor Radial,1001,,106813,420/85R30 FARMAX R85 147A8/B TL CUT RES,"33,439.00",4/1/2026,3/31/2027
2176,Tractor Radial,1001,,106815,460/85R30 FARMAX R85 145A8/B TL CUT RES,"36,053.00",4/1/2026,3/31/2027
2176,Tractor Radial,1001,,106820,420/85R34 FARMAX R85 142A8/B TL CUT RES,"24,910.67",11/2/2023,11/28/2023
2176,Tractor Radial,1001,,106821,460/85R34 FARMAX R85 147A8/B TL CUT RES,"30,049.03",4/1/2026,3/31/2027
2176,Tractor Radial,1001,,106827,380/80R38 FARMAX R80 142A8/B TL CUT RES,"27,248.77",4/1/2026,3/31/2027
2176,Tractor Radial,1001,,106828,380/80R38 FARMAX R80 152A8/B TL CUT RES,"47,274.00",4/1/2026,3/31/2027
2176,Tractor Radial,1001,,106831,520/85R38 FARMAX R85 155A8/B TL CUT RES,"56,291.75",4/1/2026,3/31/2027
2176,Tractor Radial,1001,,106833,650/85R38 FARMAX HPT 170D/173A8 TL CUT R,"95,290.48",4/1/2026,3/31/2027
2176,Tractor Radial,1001,,106834,650/85R38 FARMAX HPT 173D/176A8 TL CUT R,"76,587.28",4/1/2026,3/31/2027
2176,Tractor Radial,1001,,106836,520/85R42 FARMAX R85 157A8/B TL CUT RES,"49,491.42",4/1/2026,3/31/2027
2176,Tractor Radial,1001,,106837,520/85R42 FARMAX R85 169A8/B TL CUT RES,"61,973.00",4/28/2025,9/30/2025
2176,Tractor Radial,1001,,106839,420/80R46 FARMAX R80 159D/162A8 TL CUT R,"36,032.86",4/1/2026,3/31/2027
2176,Tractor Radial,1001,,106847,320/70R20 FARMAX R70 113A8/B TL CUT RES,"46,604.00",4/1/2026,3/31/2027
2176,Tractor Radial,1001,,106854,360/70R24 FARMAX R70 122A8/B TL CUT RES,"17,433.00",4/1/2026,3/31/2027
2176,Tractor Radial,1001,,106856,420/70R24 FARMAX R70 130A8/B TL CUT RES,"22,288.00",4/1/2026,3/31/2027
2176,Tractor Radial,1001,,106859,360/70R28 FARMAX R70 125A8/B TL CUT RES,"19,725.00",4/1/2026,3/31/2027
2176,Tractor Radial,1001,,106866,480/70R30 FARMAX R70 147D/150A8 TL CUT R,"29,471.02",4/1/2026,3/31/2027
2176,Tractor Radial,1001,,106869,600/70R30 FARMAX R70 158D TL CUT RES,"43,043.56",4/1/2026,3/31/2027
2176,Tractor Radial,1001,,106871,480/70R34 FARMAX R70 149A8/B TL CUT RES,"30,753.16",4/1/2026,3/31/2027
2176,Tractor Radial,1001,,106873,480/70R38 FARMAX R70 145 A8/B TL CUT RES,"24,207.00",7/11/2023,7/15/2023
2176,Tractor Radial,1001,,106874,520/70R38 FARMAX R70 150A8/B TL CUT RES,"40,426.48",4/1/2026,3/31/2027
2176,Tractor Radial,1001,,106875,580/70R38 FARMAX R70 155A8/B TL CUT RES,"59,579.03",4/1/2026,3/31/2027
2176,Tractor Radial,1001,,106876,710/70R38 FARMAX R70 172A8/B TL CUT RES,"66,869.27",4/1/2026,3/31/2027
2176,Tractor Radial,1001,,106878,710/70R38 FARMAX R70 178D TL CUT RES,"72,159.96",4/1/2026,3/31/2027
2176,Tractor Radial,1001,,106882,580/70R42 FARMAX R70 158D/161A8 TL CUT R,"51,983.52",4/1/2026,3/31/2027
2176,Tractor Radial,1001,,106883,710/70R42 FARMAX R70 173A8/B TL CUT RES,"68,657.80",4/1/2026,3/31/2027
2176,Tractor Radial,1001,,106884,710/70R42 FARMAX R70 173D TL CUT RES,"75,559.12",4/1/2026,3/31/2027
2176,Tractor Radial,1001,,106885,340/65R20 FARMAX R65 124D TL CUT RES,"47,127.00",4/1/2026,3/31/2027
2176,Tractor Radial,1001,,106886,420/65R20 FARMAX R65 135D TL CUT RES,"13,728.58",4/1/2026,3/31/2027
2176,Tractor Radial,1001,,106887,440/65R20 FARMAX R65 138D TL CUT RES,"15,489.83",4/1/2026,3/31/2027
2176,Tractor Radial,1001,,106888,420/65R24 FARMAX R65 138D TL CUT RES,"15,901.29",4/1/2026,3/31/2027
2176,Tractor Radial,1001,,106889,440/65R24 FARMAX R65 128D TL CUT RES,"23,180.00",4/1/2026,3/31/2027
2176,Tractor Radial,1001,,106890,440/65R24 FARMAX R65 135D/138A8 TL CUT R,"19,589.93",4/1/2026,3/31/2027
2176,Tractor Radial,1001,,106891,480/65R24 FARMAX R65 133D TL CUT RES,"20,936.00",4/1/2026,3/31/2027
2176,Tractor Radial,1001,,106892,480/65R24 FARMAX R65 140D/143A8 TL CUT R,"27,817.00",4/28/2025,9/30/2025
2176,Tractor Radial,1001,,106893,540/65R24 FARMAX R65 140D TL CUT RES,"27,435.97",4/1/2026,3/31/2027
2176,Tractor Radial,1001,,106894,540/65R24 FARMAX R65 146D TL CUT RES,"27,608.05",4/1/2026,3/31/2027
2176,Tractor Radial,1001,,106895,440/65R28 FARMAX R65 138D TL CUT RES,"20,982.99",4/1/2026,3/31/2027
2176,Tractor Radial,1001,,106897,480/65R28 FARMAX R65 142D/145A8 TL CUT R,"22,777.16",4/1/2026,3/31/2027
2176,Tractor Radial,1001,,106898,540/65R28 FARMAX R65 142D TL CUT RES,"30,115.46",4/1/2026,3/31/2027
2176,Tractor Radial,1001,,106899,600/65R28 FARMAX R65 147D/150A8 TL CUT R,"32,387.55",4/1/2026,3/31/2027
2176,Tractor Radial,1001,,106900,600/65R28 FARMAX R65 154D TL CUT RES,"38,975.69",4/1/2026,3/31/2027
2176,Tractor Radial,1001,,106901,540/65R30 FARMAX R65 143D TL CUT RES,"38,624.00",4/28/2025,9/30/2025
2176,Tractor Radial,1001,,106902,540/65R30 FARMAX R65 150D TL CUT RES,"33,930.81",4/1/2026,3/31/2027
2176,Tractor Radial,1001,,106903,600/65R30 FARMAX R65 149D TL CUT RES,"34,397.26",4/1/2026,3/31/2027
2176,Tractor Radial,1001,,106904,600/65R30 FARMAX R65 155D TL CUT RES,"38,293.87",4/1/2026,3/31/2027
2176,Tractor Radial,1001,,106905,540/65R34 FARMAX R65 145D TL CUT RES,"31,739.36",4/1/2026,3/31/2027
2176,Tractor Radial,1001,,106906,540/65R34 FARMAX R65 152D TL CUT RES,"35,768.83",4/1/2026,3/31/2027
2176,Tractor Radial,1001,,106907,600/65R34 FARMAX R65 151D TL CUT RES,"48,963.00",4/1/2026,3/31/2027
2176,Tractor Radial,1001,,106908,600/65R34 FARMAX R65 157D TL CUT RES,"42,739.87",4/1/2026,3/31/2027
2176,Tractor Radial,1001,,106909,540/65R38 FARMAX R65 147D TL CUT RES,"45,712.75",4/1/2026,3/31/2027
2176,Tractor Radial,1001,,106910,540/65R38 FARMAX R65 153D TL CUT RES,"48,077.00",4/1/2026,3/31/2027
2176,Tractor Radial,1001,,106911,600/65R38 FARMAX R65 153D TL CUT RES,"46,692.81",4/1/2026,3/31/2027
2176,Tractor Radial,1001,,106912,650/65R38 FARMAX R65 157D TL CUT RES,"48,085.53",4/1/2026,3/31/2027
2176,Tractor Radial,1001,,106913,650/65R38 FARMAX R65 163D TL CUT RES,"55,807.89",4/1/2026,3/31/2027
2176,Tractor Radial,1001,,106914,650/65R42 FARMAX R65 158D TL CUT RES,"57,263.24",4/1/2026,3/31/2027
2176,Tractor Radial,1001,,106915,650/65R42 FARMAX R65 165D TL CUT RES,"57,042.72",4/1/2026,3/31/2027
2176,Tractor Radial,1001,,106916,650/65R42 FARMAX R65 170D TL CUT RES,"62,793.96",4/1/2026,3/31/2027
2176,Tractor Radial,1001,,106917,VF 520/85 R 38 TORQUEMAX 170D TL,"56,574.50",4/1/2026,3/31/2027
2176,Tractor Radial,1001,,106918,VF710/70R42 CFO TORQUEMAX 185D TL,"77,711.05",4/1/2026,3/31/2027
2015,Truck Rad Tyres,1001,,106919,315/80R22.5 WINMILE-D 156/150L TL 20PR,"20,000.00",4/1/2026,3/31/2027
2015,Truck Rad Tyres,1001,,106920,315/70R22.5 WINMILE-D 154/150L TL 18PR,"20,740.00",4/1/2026,3/31/2027
2060,LM Rad Tyres,1001,,106921,155R13 MILAZE HD LT 8PR TL M&M,"2,890.00",4/21/2026,3/31/2027
2060,LM Rad Tyres,1001,,106922,145R12 MILAZE LT 8PR TL EV,"2,169.00",4/21/2026,3/31/2027
2176,Tractor Radial,1001,,106923,340/85R24 FARMAX R85 125D TL CUT RES,"15,187.03",4/1/2026,3/31/2027
2176,Tractor Radial,1001,,106924,380/85R24 FARMAX R85 131D TL CUT RES,"17,402.14",4/1/2026,3/31/2027
2176,Tractor Radial,1001,,106925,320/85R32 FARMAX R85 145A8/B TL CUT RES,"19,582.00",4/1/2026,3/31/2027
2176,Tractor Radial,1001,,106926,420/85R34 FARMAX R85 142D TL CUT RES,"27,624.28",4/1/2026,3/31/2027
2176,Tractor Radial,1001,,106930,520/85R42 FARMAX R85 169D TL CUT RES,"55,689.63",4/1/2026,3/31/2027
2176,Tractor Radial,1001,,106932,380/70R24 FARMAX R70 125D TL CUT RES,"15,874.65",4/1/2026,3/31/2027
2176,Tractor Radial,1001,,106933,420/70R24 FARMAX R70 130D TL CUT RES,"18,901.84",4/1/2026,3/31/2027
2176,Tractor Radial,1001,,106934,420/70R28 FARMAX R70 133D TL CUT RES,"21,106.84",4/1/2026,3/31/2027
2176,Tractor Radial,1001,,106936,IF 710/75 R 42 TORQUEMAX 176D TL,"78,094.42",4/1/2026,3/31/2027
2176,Tractor Radial,1001,,106937,VF 710/75 R 42 TORQUEMAX 184D TL,"74,856.11",4/1/2026,3/31/2027
2296,Row Crop Radial,1001,,106938,VF 380/90 R 46 SPRAYMAX 173D TL,"34,710.69",4/1/2026,3/31/2027
2176,Tractor Radial,1001,,106939,240/70 R 16 FARMAX R70 104A8/B TL,"5,771.77",4/1/2026,3/31/2027
2176,Tractor Radial,1001,,106940,650/75 R 32 YIELDMAX 172A8/B TL SB,"74,836.52",4/1/2026,3/31/2027
2297,Flotation Radial,1001,,106941,600/55 R 26.5 FLOATMAX FT 165D TL SB,"33,446.64",4/1/2026,3/31/2027
2015,Truck Rad Tyres,1001,,106942,295/90R20 RD219,"18,380.00",4/1/2026,3/31/2027
2015,Truck Rad Tyres,1001,,106943,295/90R20 RD119,"17,543.00",4/1/2026,3/31/2027
2297,Flotation Radial,1001,,106944,560/45 R 22.5 FLOATMAX FT 152D TL SB,"21,342.67",4/1/2026,3/31/2027
2297,Flotation Radial,1001,,106945,560/60 R 22.5 FLOATMAX FT 164D TL SB,"26,896.18",4/1/2026,3/31/2027
2297,Flotation Radial,1001,,106946,560/60 R 22.5 FLOATMAX RT 165D TL SB,"26,508.31",4/1/2026,3/31/2027
2297,Flotation Radial,1001,,106947,600/50 R 22.5 FLOATMAX FT 159D TL SB,"27,037.61",4/1/2026,3/31/2027
2300,Telehandler Radial,1001,,106948,460/70 R 24 LOADPRO 159A8/B TL SB,"21,544.48",4/1/2026,3/31/2027
2190,Earthmover/Loader,1001,,106949,16.9-28 TYROCK SUPER TL 12 PR,"17,736.86",4/1/2026,3/31/2027
2190,Earthmover/Loader,1001,,106950,16.9-30 TYROCK SUPER TL 14 PR,"19,495.57",4/1/2026,3/31/2027
2299,Telehandler Bias,1001,,106951,400/80-24 LOADPRO TL 162A8,"23,466.96",4/1/2026,3/31/2027
2299,Telehandler Bias,1001,,106952,440/80-24 LOADPRO TL 168A8,"23,042.32",4/1/2026,3/31/2027
2010,Truck Bias Tyres,1001,,106955,11.00-20 CEAT ROCK MAX X3 TT 18PR,"19,611.00",4/21/2026,3/31/2027
2015,Truck Rad Tyres,1001,,106956,10.00R20 PTC MA GOLD TT 16PR,"20,000.00",12/23/2024,12/25/2024
2112,Scooter TL Tyres,1001,,106957,120/70-14 ZOOM PLUS Y TL 55P,"1,404.00",4/1/2026,3/31/2027
2112,Scooter TL Tyres,1001,,106958,110/80-14 GRIPP X3 TL 53P,"1,338.00",4/1/2026,3/31/2027
2112,Scooter TL Tyres,1001,,106959,120/70-14 GRIPP X3 TL 55P,"1,404.00",4/1/2026,3/31/2027
2112,Scooter TL Tyres,1001,,106960,90/90-12 ENERGY RIDE EV TL 54J,959.00,5/1/2026,3/31/2027
2112,Scooter TL Tyres,1001,,106961,100/80-12 ENERGY RIDE EV TL 56J,"1,222.00",5/1/2026,3/31/2027
2620,3-WH TUBE PACKED,1001,,106962,TUBE 4.00-8 PACKED BR STRAIGHT VALVE REP,143.00,4/1/2026,3/31/2027
2112,Scooter TL Tyres,1001,,106963,110/80-14 ZOOM PLUS Y HERO TL 53P,"1,404.00",4/1/2026,3/31/2027
2122,MOTORCYCLE TL TYRE,1001,,106964,140/70-17 ZOOM H TL 66H,"1,950.00",4/1/2026,3/31/2027
2122,MOTORCYCLE TL TYRE,1001,,106965,100/80-17 ZOOM H F TL 52H,"1,414.00",5/1/2026,3/31/2027
2126,Motorcycle Premium B,1001,,106966,90/90-21 GRIPP RE F TL  54H,"1,875.00",4/1/2026,3/31/2027
2127,Motorcycle Steel RAD,1001,,106967,140/80 R17 GRIPP RAD STEEL RE TL 69H,"2,960.00",5/1/2026,3/31/2027
2127,Motorcycle Steel RAD,1001,,106968,120/70 R17 GRIPP XL RAD STEEL F TL 58 H,"5,286.00",5/1/2026,3/31/2027
2127,Motorcycle Steel RAD,1001,,106969,160/60 R17 GRIPP XL RAD STEEL TL 69H,"6,616.00",5/1/2026,3/31/2027
2126,Motorcycle Premium B,1001,,106970,100/90-19 ZOOM CRUZ z F  TL 57H,"1,657.00",5/1/2026,3/31/2027
2126,Motorcycle Premium B,1001,,106971,150/80 B16 ZOOM CRUZ z TL 71H,"4,175.00",5/1/2026,3/31/2027
2126,Motorcycle Premium B,1001,,106972,100/90-18 ZOOM CRUZ z F  TL 56H,"1,840.00",5/1/2026,3/31/2027
2127,Motorcycle Steel RAD,1001,,106973,150/70 R17 ZOOM RAD STEEL Z TL 69H,"5,988.00",5/1/2026,3/31/2027
2122,MOTORCYCLE TL TYRE,1001,,106974,100/90-19 Zoom Plus F TL 57P  WSW,"1,387.00",4/1/2026,3/31/2027
2122,MOTORCYCLE TL TYRE,1001,,106975,120/80-18 Zoom Plus TL 62P WSW,"1,695.00",4/1/2026,3/31/2027
2615,MOTORCYCLE TUBE PACK,1001,,106976,TUBE 100/90-17 PACKED BR Export,167.00,4/1/2026,3/31/2027
2125,MOTORCYCLE RAD TYRE,1001,,106977,100/90R17 ZOOM RAD X1 TL 55H,"1,518.00",4/1/2026,3/31/2027
2125,MOTORCYCLE RAD TYRE,1001,,106978,120/80R18 M/C 62S CEAT GRIPP X3 RAD TL,"1,860.00",4/1/2026,3/31/2027
2176,Tractor Radial,1001,,106979,520/70 R 38 FARMAX R70 150D TL CUT RES,"50,316.76",4/1/2026,3/31/2027
2176,Tractor Radial,1001,,106980,380/85 R 28 FARMAX R85 133D TL CUT RES,"17,844.84",4/1/2026,3/31/2027
2176,Tractor Radial,1001,,106981,420/85 R 30 FARMAX R85 140D TL CUT RES,"31,048.00",4/1/2026,3/31/2027
2176,Tractor Radial,1001,,106986,420/90 R 30 FARMAX R90 142A8/B TL CUT RE,"32,607.90",4/1/2026,3/31/2027
2176,Tractor Radial,1001,,106987,280/70 R 18 FARMAX R70  114A8/B TL CUT R,"8,188.00",4/1/2026,3/31/2027
2176,Tractor Radial,1001,,106988,340/65 R 18 FARMAX R65  122D TL CUT RES,"8,831.09",4/1/2026,3/31/2027
2176,Tractor Radial,1001,,106990,320/65 R 16 FARMAX R65 117D TL CUT RES,"6,923.03",4/1/2026,3/31/2027
2176,Tractor Radial,1001,,106991,320/65 R 18 FARMAX R65 109D TL CUT RES,"7,975.20",4/1/2026,3/31/2027
2176,Tractor Radial,1001,,106995,260/70 R 16 FARMAX R70 109A8/B TL,"5,881.84",4/1/2026,3/31/2027
2176,Tractor Radial,1001,,106996,260/70 R 16 FARMAX R70 109A8/B TL CUT RE,"6,441.00",4/1/2026,3/31/2027
2015,Truck Rad Tyres,1001,,106997,295/90R20 RD5,"17,540.00",4/1/2026,3/31/2027
2015,Truck Rad Tyres,1001,,106998,10.00R20 RD5,"17,099.00",4/1/2026,3/31/2027
2015,Truck Rad Tyres,1001,,106999,295/90R20 RDB1,"19,850.00",4/1/2026,3/31/2027
2296,Row Crop Radial,1001,,107000,VF380/90 R 50 SPRAYMAX 175D TL,"38,727.31",4/1/2026,3/31/2027
2296,Row Crop Radial,1001,,107001,VF380/90 R 54 SPRAYMAX 176D TL,"42,797.88",4/1/2026,3/31/2027
2296,Row Crop Radial,1001,,107002,VF380/90 R 46 SPRAYMAX 173D/176A8 TL SB,"34,227.99",4/1/2026,3/31/2027
2296,Row Crop Radial,1001,,107003,VF380/90 R 50 SPRAYMAX 175D TL SB,"48,296.10",4/1/2026,3/31/2027
2050,LM Bias Tyres,1001,,107004,4.50-10 Anmol Rib HD LRR,"1,360.00",4/1/2026,3/31/2027
2015,Truck Rad Tyres,1001,,107006,10.00R20 RD112,"19,800.00",4/1/2026,3/31/2027
2050,LM Bias Tyres,1001,,107007,4.50-10 LYFMAX X3 D,"1,750.00",5/5/2026,3/31/2027
2050,LM Bias Tyres,1001,,107008,165D13 LYFMAX X3 R,"2,767.00",5/5/2026,3/31/2027
2050,LM Bias Tyres,1001,,107009,165D13 LYFMAX X3 D,"2,935.00",5/5/2026,3/31/2027
2050,LM Bias Tyres,1001,,107010,165D12 LYFMAX X3 R,"2,478.00",5/5/2026,3/31/2027
2050,LM Bias Tyres,1001,,107011,165D12 LYFMAX X3 D,"2,812.00",5/5/2026,3/31/2027
2060,LM Rad Tyres,1001,,107012,185R14 WINMILE X3R,"4,128.00",4/21/2026,3/31/2027
2060,LM Rad Tyres,1001,,107013,145R12 WINMILE X3-R LT 8PR,"2,262.00",4/21/2026,3/31/2027
2060,LM Rad Tyres,1001,,107014,155R13MILAZE HD,"2,788.00",4/1/2026,3/31/2027
2060,LM Rad Tyres,1001,,107015,155R13 WIN MILE X3 R,"2,924.00",4/21/2026,3/31/2027
2060,LM Rad Tyres,1001,,107016,165R14 WIN MILE X3 R,"3,658.00",4/21/2026,3/31/2027
2095,PCUV 17 PLUS,1001,,107017,255/55R18 109V XL TL 4SeasonDrive SUV,"10,000.00",4/1/2026,3/31/2027
2123,M.CYCLE TT with TUBE,1001,,107018,2.75-18 SEC F85 TT 42P with 2.75-18 TUBE,"1,103.00",5/1/2026,3/31/2027
2123,M.CYCLE TT with TUBE,1001,,107019,2.75-18 MILAZE TT 48P with 2.75-18 TUBE.,"1,102.00",4/1/2026,3/31/2027
2123,M.CYCLE TT with TUBE,1001,,107020,3.00-17 MILAZE TT 50P with 3.00-17 TUBE,"1,174.00",4/1/2026,3/31/2027
2123,M.CYCLE TT with TUBE,1001,,107021,3.00-18 MILAZE TT 52P with 3.00-18 TUBE,"1,193.00",4/1/2026,3/31/2027
2240,MPT,1001,,107022,18-19.5 MPT 503 18 PR TL,"19,142.66",4/1/2026,3/31/2027
2290,Skid Steer,1001,,107023,12-16.5 GM LOADER HD 14 PR TL,"9,213.04",4/1/2026,3/31/2027
2640,Tractor Rear Tubes,1001,,107024,TUBE 8.3/9.5-24 FARMAX BR LOOSE,829.00,4/1/2026,3/31/2027
2015,Truck Rad Tyres,1001,,107029,295/90R20 RD1020,"16,924.00",4/1/2026,3/31/2027
2050,LM Bias Tyres,1001,,107030,4.00-10 Lyfmax X3 R TT,"1,228.00",5/5/2026,3/31/2027
2126,Motorcycle Premium B,1001,,107032,90/90-21 GRIPP XC TT 54R,"2,460.00",4/1/2026,3/31/2027
2126,Motorcycle Premium B,1001,,107033,120/90-18 GRIPP XC TT 65R,"3,235.00",5/1/2026,3/31/2027
2125,MOTORCYCLE RAD TYRE,1001,,107038,140/60 R17 EnergyRide RAD EV  TL 63H,"3,300.00",4/1/2026,3/31/2027
2125,MOTORCYCLE RAD TYRE,1001,,107039,110/70 R17 EnergyRide RAD EV F TL 54H,"3,227.00",4/1/2026,3/31/2027
2126,Motorcycle Premium B,1001,,107041,110/80-17 GRIPP X3 TL 57P,"1,288.00",4/1/2026,3/31/2027
2122,MOTORCYCLE TL TYRE,1001,,107042,2.75-17 PSAFE Secura F85 TL 41P,"1,341.00",4/1/2026,3/31/2027
2122,MOTORCYCLE TL TYRE,1001,,107043,2.75-18 PSAFE Secura F85 TL 42P,"1,446.00",4/1/2026,3/31/2027
2090,Car Rad Tyres,1001,,107050,T135/90R16 STEPNEE TL 102M,"5,000.00",4/1/2026,3/31/2027
2095,PCUV 17 PLUS,1001,,107051,255/55R19 EnergyDrive EV TL 111V XL L,"10,100.00",4/1/2026,3/31/2027
2095,PCUV 17 PLUS,1001,,107052,255/50R20 EnergyDrive EV TL 109V XL L,"9,750.00",4/1/2026,3/31/2027
2095,PCUV 17 PLUS,1001,,107053,235/65R17 CZAR HP TL 104H MM,"9,861.00",4/1/2026,3/31/2027
2095,PCUV 17 PLUS,1001,,107054,235/65R17 CZAR HP TL 104H T,"9,861.00",4/1/2026,3/31/2027
2090,Car Rad Tyres,1001,,107055,165/80R14 Fuelsmarrt TL 85T R,"3,123.00",5/1/2026,3/31/2027
2090,Car Rad Tyres,1001,,107056,185/65R15 SecuraDrive TL 88H R LR,"4,362.00",5/1/2026,3/31/2027
2100,UV Rad Tyres,1001,,107057,195/60R16 SecuraDrive TL 89V R LR,"5,088.00",4/1/2026,3/31/2027
2100,UV Rad Tyres,1001,,107058,215/75R15 CrossDrive AT TL 100S,"5,174.00",5/1/2026,3/31/2027
2095,PCUV 17 PLUS,1001,,107059,235/65R17 CrossDrive AT TL 104T,"9,287.00",4/1/2026,3/31/2027
2100,UV Rad Tyres,1001,,107060,235/70R16 CrossDrive AT TL 106S,"6,940.00",5/1/2026,3/31/2027
2095,PCUV 17 PLUS,1001,,107063,265/60R18 CrossDrive AT TL 110T,"14,254.00",5/1/2026,3/31/2027
2297,Flotation Radial,1001,,107065,500/60 R 22.5 FLOATMAX FT 155D TL SB,"22,418.14",4/1/2026,3/31/2027
2298,Harvester Radial,1001,,107066,620/75 R 26 YIELDMAX 166A8/B TL SB,"51,988.13",4/1/2026,3/31/2027
2297,Flotation Radial,1001,,107067,500/60 R 22.5 FLOATMAX RT 155D TL SB,"22,651.15",4/1/2026,3/31/2027
2300,Telehandler Radial,1001,,107068,500/70R24(19.5LR24) LOADPRO 164A8/B SB,"27,780.47",4/1/2026,3/31/2027
2296,Row Crop Radial,1001,,107069,VF380/90 R 54 SPRAYMAX 176D TL SB,"41,490.87",4/1/2026,3/31/2027
2176,Tractor Radial,1001,,107070,VF710/75 R 42 TORQUEMAX 184D TL SB,"85,631.29",4/1/2026,3/31/2027
2176,Tractor Radial,1001,,107071,VF710/70R42 CFO TORQUEMAX 185D TL SB,"73,482.63",4/1/2026,3/31/2027
2095,PCUV 17 PLUS,1001,,107203,225/45R17 SPORTDRIVE TL 94Y XL CEAT,"8,573.00",4/1/2026,3/31/2027
2010,Truck Bias Tyres,1001,,107206,10.00-20 MILE XL X3-D TT 16PR,"15,397.00",4/21/2026,3/31/2027
2015,Truck Rad Tyres,1001,,107207,295/90R20 RD720 TT,"19,850.00",4/1/2026,3/31/2027
2300,Telehandler Radial,1001,,107209,480/80R26 LOADPRO 160A8/B TL SB,"30,862.03",4/1/2026,3/31/2027
2123,M.CYCLE TT with TUBE,1001,,107210,2.75-18 GRIPP X3 TT 48P + 2.75-18 TUBE,"1,127.00",4/1/2026,3/31/2027
2123,M.CYCLE TT with TUBE,1001,,107211,2.75-18 SEC ZOOM F TT 42P + 2.75-18 TUBE,"1,096.00",5/1/2026,3/31/2027
2123,M.CYCLE TT with TUBE,1001,,107212,3.00-18 GRIPP X3 TT 52P + 3.00-18 TUBE,"1,219.00",4/1/2026,3/31/2027
2123,M.CYCLE TT with TUBE,1001,,107213,3.00-17 SECURA M86 TT 50P + 3.00-17 TUBE,"1,065.00",4/1/2026,3/31/2027
2123,M.CYCLE TT with TUBE,1001,,107214,2.75-17 SECURA F85 TT 41P + 2.75-17 TUBE,972.00,4/1/2026,3/31/2027
2123,M.CYCLE TT with TUBE,1001,,107215,2.75-17 SEC ZM F TT 41P + 2.75-17 TUBE,965.00,4/1/2026,3/31/2027
2123,M.CYCLE TT with TUBE,1001,,107216,3.00-17 SEC ZOOM TT 50P + 3.00-17 TUBE,"1,082.00",4/1/2026,3/31/2027
2123,M.CYCLE TT with TUBE,1001,,107217,3.00-17 GRIPP X3 TT 50P + 3.00-17 TUBE,"1,192.00",4/1/2026,3/31/2027
2123,M.CYCLE TT with TUBE,1001,,107218,100/90-17 MILAZE  TT 55P+100/90-17 TUBE,"1,444.00",4/1/2026,3/31/2027
2123,M.CYCLE TT with TUBE,1001,,107219,100/90-17 SECURA ZOOM  TT 55P+100/90-17,"1,254.00",4/1/2026,3/31/2027
2060,LM Rad Tyres,1001,,107221,145R12 MILAZE HD LT 8PR TL,"2,105.00",4/1/2026,3/31/2027
2045,Light Truck Steel,1001,,107227,7.50R16 WINMILE X3-R TT 124/120K 16PR,"8,865.00",4/1/2026,3/31/2027
2090,Car Rad Tyres,1001,,107228,145/80R13 Milaze X3 TL 75T N,"2,695.00",5/1/2026,3/31/2027
2045,Light Truck Steel,1001,,107229,215/75R17.5 WINSUPER X3-D TL16PR135/133k,"17,522.00",4/1/2026,3/31/2027
2045,Light Truck Steel,1001,,107230,7.50R16 WINLOAD X3-AW 122/118L 14PR,"8,568.00",4/1/2026,3/31/2027
2176,Tractor Radial,1001,,107231,VF 520/85 R 38 TORQUEMAX 170D TL SB,"62,367.82",4/1/2026,3/31/2027
2045,Light Truck Steel,1001,,107234,7.50R16 LT WINSUPER X3 D 16PR,"9,158.00",4/1/2026,3/31/2027
2100,UV Rad Tyres,1001,,107235,205/65R16 SecuraDrive SUV TL 95H,"5,417.00",5/1/2026,3/31/2027
2090,Car Rad Tyres,1001,,107236,165/80R14 Milaze X5 TL 85S,"3,144.00",5/1/2026,3/31/2027
2100,UV Rad Tyres,1001,,107237,215/60R16 EnergyDrive EV TL 95H,"4,800.00",4/1/2026,3/31/2027
2100,UV Rad Tyres,1001,,107238,215/45R16 4SeasonDrive TL 90V XL CEAT,"10,000.00",4/1/2026,3/31/2027
2100,UV Rad Tyres,1001,,107239,195/60R15 4SeasonDrive TL 92V XL CEAT,"10,000.00",4/1/2026,3/31/2027
2095,PCUV 17 PLUS,1001,,107240,235/65R17 WinterDrive SUV TL 108V XL CEA,"10,000.00",4/1/2026,3/31/2027
2090,Car Rad Tyres,1001,,107241,175/65R14 EnergyDrive EV TL 82H,"3,605.00",5/1/2026,3/31/2027
2100,UV Rad Tyres,1001,,107243,215/70R16 WinterDrive SUV TL 100T CEAT,"10,000.00",4/1/2026,3/31/2027
2100,UV Rad Tyres,1001,,107244,225/75R16C EnduraDrive TL 121/120R CEAT,"8,000.00",4/1/2026,3/31/2027
2095,PCUV 17 PLUS,1001,,107245,215/50R17 4SeasonDrive TL 95V XL CEAT,"10,000.00",4/1/2026,3/31/2027
2095,PCUV 17 PLUS,1001,,107246,235/55R18 WinterDrive SUV TL 104H XL CEA,"10,000.00",4/1/2026,3/31/2027
2122,MOTORCYCLE TL TYRE,1001,,107247,100/80-17 Zoom X3 P F  TL 52P,"1,414.00",5/1/2026,3/31/2027
2112,Scooter TL Tyres,1001,,107248,90/90-12 GRIPP X3 TL 54J,823.00,4/1/2026,3/31/2027
2112,Scooter TL Tyres,1001,,107249,100/80-12 Zoom X3 TL 56L ( REP),"1,222.00",5/1/2026,3/31/2027
2112,Scooter TL Tyres,1001,,107250,110/80-12 Zoom X3 Y TL 61L,"1,323.00",5/1/2026,3/31/2027
2126,Motorcycle Premium B,1001,,107251,130/70-17 Zoom X3  P TL 62P,"1,843.00",5/1/2026,3/31/2027
2095,PCUV 17 PLUS,1001,,107252,235/55R17 WinterDrive SUV TL 103V XL CEA,"10,000.00",4/1/2026,3/31/2027
2095,PCUV 17 PLUS,1001,,107253,225/65R17 WinterDrive SUV TL 106H XL CEA,"10,000.00",4/1/2026,3/31/2027
2095,PCUV 17 PLUS,1001,,107254,215/65R17 WinterDrive SUV TL 103H XL CEA,"10,000.00",4/1/2026,3/31/2027
2095,PCUV 17 PLUS,1001,,107255,225/60R17 WinterDrive SUV TL 103V XL CEA,"10,000.00",4/1/2026,3/31/2027
2095,PCUV 17 PLUS,1001,,107256,235/60R18 WinterDrive SUV TL 107V XL CEA,"10,000.00",4/1/2026,3/31/2027
2095,PCUV 17 PLUS,1001,,107257,235/50R18 WinterDrive SUV TL 101V XL CEA,"10,000.00",4/1/2026,3/31/2027
2610,MOTORCYCLE TUBE LOOS,1001,,107258,Tube 3.00-17 Loose BR (Kawasaki),148.00,4/1/2026,3/31/2027
2610,MOTORCYCLE TUBE LOOS,1001,,107259,Tube 100/90-17 Loose BR ( Kawasaki),167.00,4/1/2026,3/31/2027
2010,Truck Bias Tyres,1001,,107260,11.00-20 MILE XL TT 16PR,"14,655.00",4/1/2026,3/31/2027
2112,Scooter TL Tyres,1001,,107261,110/70-12 Energy Ride EV 47P,"1,023.00",5/1/2026,3/31/2027
2122,MOTORCYCLE TL TYRE,1001,,107262,100/90-19 GRIPP XL RE F 57H,"3,146.00",4/1/2026,3/31/2027
2125,MOTORCYCLE RAD TYRE,1001,,107263,140/80 R17 GRIPP XL RAD STEEL RE TL 69H,"5,580.00",4/1/2026,3/31/2027
2095,PCUV 17 PLUS,1001,,107266,245/65R17 SecuraDrive SUV TL 111H CEAT,"8,200.00",4/1/2026,3/31/2027
2155,Farmax Rear,1001,,107268,16.9-28 12PR FARMAX R1 TL,"17,669.84",4/1/2026,3/31/2027
2155,Farmax Rear,1001,,107269,13.6-28 12PR FARMAX R1 TL,"12,298.54",4/1/2026,3/31/2027
2155,Farmax Rear,1001,,107270,14.9-28 12PR FARMAX R1 TL,"13,299.29",4/1/2026,3/31/2027
2155,Farmax Rear,1001,,107271,16.9-30 12PR FARMAX R1 TL,"25,196.00",4/1/2026,3/31/2027
2155,Farmax Rear,1001,,107272,18.4-30 8PR FARMAX R1 TL,"24,897.00",4/1/2026,3/31/2027
2155,Farmax Rear,1001,,107273,15.5-38 12PR FARMAX R1 TT,"16,515.78",4/1/2026,3/31/2027
2155,Farmax Rear,1001,,107274,16.9-38 12PR FARMAX R1 TT,"19,792.04",4/1/2026,3/31/2027
2155,Farmax Rear,1001,,107275,16.9-38 12PR FARMAX R1TL,"20,447.46",4/1/2026,3/31/2027
2165,Farm Implement,1001,,107276,11.5/80-15.3 12PR FARM IMP AWI 305 TT,"3,690.23",4/1/2026,3/31/2027
2165,Farm Implement,1001,,107277,10.0/75-15.3 10PR FARM IMP AWI 305 TL,"3,012.62",4/1/2026,3/31/2027
2165,Farm Implement,1001,,107278,10.0/75-15.3 12PR FARM IMP AWI 305 TL,"3,143.25",4/1/2026,3/31/2027
2155,Farmax Rear,1001,,107279,18.4-30 8PR FARMAX R1 TT,"19,444.19",4/1/2026,3/31/2027
2155,Farmax Rear,1001,,107280,14.9-24 8PR FARMAX R1 TL,"13,786.83",4/1/2026,3/31/2027
2230,Flotation Bias,1001,,107281,400/55-22.5 12PR T422 VALUE PRO TL,"10,146.76",4/1/2026,3/31/2027
2230,Flotation Bias,1001,,107282,500/45-22.5 12PR T422 VALUE PRO TL,"11,406.17",4/1/2026,3/31/2027
2155,Farmax Rear,1001,,107283,18.4-34 14PR FARMAX R1 TT,"22,908.13",4/1/2026,3/31/2027
2250,BHL,1001,,107284,19.5L-24 10PR TYROCK 80 TL,"23,719.63",4/1/2026,3/31/2027
2165,Farm Implement,1001,,107285,500/50-17 10PR FARM IMPLEMENT 404 TL,"12,060.97",4/1/2026,3/31/2027
2155,Farmax Rear,1001,,107287,12.4-36 8PR FARMAX R1 TT,"11,507.41",4/1/2026,3/31/2027
2240,MPT,1001,,107288,405/70-24 16PR MPT 800 TL,"16,404.70",4/1/2026,3/31/2027
2240,MPT,1001,,107289,405/70-24 16PR MPT 602 TL,"17,552.83",4/1/2026,3/31/2027
2165,Farm Implement,1001,,107291,11.5/80-15.3 10PR FARM IMP AWI 305 TL,"3,859.02",4/1/2026,3/31/2027
2165,Farm Implement,1001,,107292,11.5/80-15.3 14PR FARM IMP AWI 305 TL,"4,091.57",4/1/2026,3/31/2027
2165,Farm Implement,1001,,107293,11.5/80-15.3 12PR FARM IMP AWI 305 TL,"3,896.82",4/1/2026,3/31/2027
2165,Farm Implement,1001,,107294,11.5/80-15.3 16PR FARM IMP AWI 305 TT,"3,874.09",4/1/2026,3/31/2027
2165,Farm Implement,1001,,107295,10.0/75-15.3 10PR FARM IMP AWI 305 TT,"2,786.42",4/1/2026,3/31/2027
2165,Farm Implement,1001,,107296,10.0/75-15.3 12PR FARM IMP AWI 305 TT,"3,713.00",4/1/2026,3/31/2027
2165,Farm Implement,1001,,107297,10.0/75-15.3 14PR FARM IMP AWI 305 TT,"3,018.77",4/1/2026,3/31/2027
2010,Truck Bias Tyres,1001,,107301,295/95D20 MILE XL X3-D TT,"15,450.00",4/21/2026,3/31/2027
2155,Farmax Rear,1001,,107303,18.4-26 12PR  FARMAX R1  TL,"21,045.95",4/1/2026,3/31/2027
2155,Farmax Rear,1001,,107304,12.4-24 12PR  FARMAX R1  TT,"8,608.01",4/1/2026,3/31/2027
2155,Farmax Rear,1001,,107307,14.9-24 12PR  FARMAX R1  TT,"11,782.39",4/1/2026,3/31/2027
2155,Farmax Rear,1001,,107308,18.4-34 14PR FARMAX R1 TL,"24,480.20",4/1/2026,3/31/2027
2155,Farmax Rear,1001,,107309,18.4-34 10PR  FARMAX R1  TT,"27,194.00",4/1/2026,3/31/2027
2155,Farmax Rear,1001,,107310,16.9-34 8PR FARMAX R1 TL,"19,856.29",4/1/2026,3/31/2027
2155,Farmax Rear,1001,,107311,16.9-30 12PR  FARMAX R1  TT,"24,760.00",4/1/2026,3/31/2027
2155,Farmax Rear,1001,,107313,11.2-28 8PR  FARMAX R1  TL,"7,689.36",4/1/2026,3/31/2027
2155,Farmax Rear,1001,,107315,13.6-24 8PR FARMAX R1  TL,"11,488.00",4/1/2026,3/31/2027
2155,Farmax Rear,1001,,107316,12.4-24 8PR  FARMAX R1  TL,"9,806.78",4/1/2026,3/31/2027
2155,Farmax Rear,1001,,107317,14.9-28 12PR  FARMAX R1  TT,"19,061.00",4/1/2026,3/31/2027
2250,BHL,1001,,107318,18.4-26 14PR TYROCK R4 TL,"21,721.40",4/1/2026,3/31/2027
2230,Flotation Bias,1001,,107319,19.0/45-17 14PR (480/45-17) Flot Plus TL,"9,785.32",4/1/2026,3/31/2027
2250,BHL,1001,,107320,12.5/80-18 14PR TYROCK TL,"9,318.54",4/1/2026,3/31/2027
2230,Flotation Bias,1001,,107321,400/55-22.5 18PR T422 VALUE PRO TL,"16,216.00",4/1/2026,3/31/2027
2155,Farmax Rear,1001,,107322,16.9-34 14PR FARMAX R1 TT,"20,328.79",4/1/2026,3/31/2027
2250,BHL,1001,,107323,16.9-28 14PR TYROCK SUPER R4 TL,"18,507.36",4/1/2026,3/31/2027
2220,Compactor,1001,,107324,23.1-26 18PR C305 TL (DUAL BEAD- R3),"54,172.00",4/1/2026,3/31/2027
2230,Flotation Bias,1001,,107326,400/60-15.5 20PR T422 VALUE PRO TL,"9,592.05",4/1/2026,3/31/2027
2015,Truck Rad Tyres,1001,,107328,11.00R20 WINMILE X3-AW TT 16PR,"20,813.00",5/5/2026,3/31/2027
2015,Truck Rad Tyres,1001,,107330,11.00R20 WINMILE X3-R TT 16PR,"20,274.00",5/5/2026,3/31/2027
2045,Light Truck Steel,1001,,107333,235/75R17.5 WINSUPER X3-D 16PR 143/141K,"12,948.00",4/1/2026,3/31/2027
2045,Light Truck Steel,1001,,107334,235/75R17.5 WINMILE X3R TL 143/141K 16PR,"11,999.00",4/1/2026,3/31/2027
2015,Truck Rad Tyres,1001,,107335,295/80 R22.5 RD222,"20,000.00",12/23/2024,12/25/2024
2015,Truck Rad Tyres,1001,,107336,295/80 R22.5 RD122,"20,000.00",12/23/2024,12/25/2024
2015,Truck Rad Tyres,1001,,107337,295/80R22.5 WINMILE X3-AW TL 16PR,"21,475.00",5/5/2026,3/31/2027
2015,Truck Rad Tyres,1001,,107338,295/80R22.5 WINMILE X3-AW TL 18PR,"21,637.00",5/5/2026,3/31/2027
2100,UV Rad Tyres,1001,,107339,215/65R16C ENDURADRIVE A/S TL 109/107T,"10,000.00",4/1/2026,3/31/2027
2150,Tractor Rear,1001,,107340,9.5-20 8PR AAYUSHMAAN DEEP LUG R1 TT(R),"8,046.00",4/1/2026,3/31/2027
2150,Tractor Rear,1001,,107341,8.3-32 SAMRAAT TT 8PR,"8,792.00",4/1/2026,3/31/2027
2250,BHL,1001,,107342,18.4-26 16PR TYROCK R4 TL,"25,006.59",4/1/2026,3/31/2027
2015,Truck Rad Tyres,1001,,107343,295/80R22.5 WINSUPER X3-D 154/149M 18PR,"22,402.00",5/5/2026,3/31/2027
2045,Light Truck Steel,1001,,107344,245/70R17.5 WINMILE X3-R TL 16PR,"13,111.00",4/1/2026,3/31/2027
2015,Truck Rad Tyres,1001,,107345,295/80R22.5 WINMILE X3-R 154/149M 18PR,"21,178.00",5/5/2026,3/31/2027
2176,Tractor Radial,1001,,107349,IF710/75 R 42 TORQUEMAX 176D TL SB,"102,123.69",4/1/2026,3/31/2027
2296,Row Crop Radial,1001,,107351,VF480/80 R 42 SPRAYMAX 176D TL SB,"52,719.00",4/1/2026,3/31/2027
2296,Row Crop Radial,1001,,107353,320/90 R 54 FARMAX RC 153D/156A8 TL,"27,238.36",4/1/2026,3/31/2027
2296,Row Crop Radial,1001,,107355,VF480/80 R 46 SPRAYMAX 177D TL SB,"56,417.64",4/1/2026,3/31/2027
2296,Row Crop Radial,1001,,107356,320/90R46 FARMAX RC 146D/149A8 TL,"23,093.32",4/1/2026,3/31/2027
2095,PCUV 17 PLUS,1001,,107361,245/50R18 SportDrive TL 104W XL DOM,"12,022.00",4/1/2026,3/31/2027
2095,PCUV 17 PLUS,1001,,107362,215/45R17 SportDrive TL 91Y XL DOM,"6,309.00",4/1/2026,3/31/2027
2050,LM Bias Tyres,1001,,107364,195D15 LYFMAX X3 R,"4,443.00",5/5/2026,3/31/2027
2050,LM Bias Tyres,1001,,107365,195D15 LYFMAX X3 D,"4,644.00",5/5/2026,3/31/2027
2015,Truck Rad Tyres,1001,,107367,295/80R22.5 CEAT WINENERGY X3-R TL 18R,"22,020.00",5/5/2026,3/31/2027
2010,Truck Bias Tyres,1001,,107368,10.00-20 RD722 16TT,"14,866.00",4/1/2026,3/31/2027
2296,Row Crop Radial,1001,,107369,VF480/80 R 42 SPRAYMAX 162D TL,"52,391.00",4/28/2025,9/30/2025
2296,Row Crop Radial,1001,,107370,VF480/80 R 42 SPRAYMAX 176D TL,"43,397.04",4/1/2026,3/31/2027
2296,Row Crop Radial,1001,,107371,VF480/80 R 46 SPRAYMAX 164D TL,"39,839.88",4/1/2026,3/31/2027
2296,Row Crop Radial,1001,,107372,VF480/80 R 46 SPRAYMAX 177D TL,"43,867.52",4/1/2026,3/31/2027
2140,Tractor Front,1001,,107373,6.5/80-12 6PR FARMAX AS TT,"1,541.93",4/1/2026,3/31/2027
2010,Truck Bias Tyres,1001,,107376,295/95D20 RD722,"14,910.00",4/1/2026,3/31/2027
2095,PCUV 17 PLUS,1001,,107382,235/45R17 WinterDrive Sport TL 97V XL CE,"5,000.00",4/1/2026,3/31/2027
2095,PCUV 17 PLUS,1001,,107383,225/45R18 WinterDrive Sport TL 95V XL CE,"5,000.00",4/1/2026,3/31/2027
2095,PCUV 17 PLUS,1001,,107384,245/40R18 WinterDrive Sport TL 97V XL CE,"5,000.00",4/1/2026,3/31/2027
2095,PCUV 17 PLUS,1001,,107385,235/45R18 WinterDrive Sport TL 98V XL CE,"5,000.00",4/1/2026,3/31/2027
2095,PCUV 17 PLUS,1001,,107386,235/55R17 SecuraDrive TL 99V,"7,750.00",4/1/2026,3/31/2027
2250,BHL,1001,,107389,16.9-28 TYROCK XL R4 IND TT 12PR,"22,543.00",4/1/2026,3/31/2027
2100,UV Rad Tyres,1001,,107422,235/75R15 Milaze TL 105S,"5,086.00",5/1/2026,3/31/2027
2010,Truck Bias Tyres,1001,,107423,295/95D20 RD218,"13,218.00",4/1/2026,3/31/2027
2015,Truck Rad Tyres,1001,,107428,11R24.5 OMNI CARGO TR100 TL 16PR,"20,000.00",12/23/2024,12/25/2024
2015,Truck Rad Tyres,1001,,107429,295/75 R22.5 OMNI CARGO TR100 TL 16PR,"28,000.00",4/1/2026,3/31/2027
2015,Truck Rad Tyres,1001,,107430,11R22.5 OMNI CARGO TR100 TL 16PR,"25,000.00",4/1/2026,3/31/2027
2015,Truck Rad Tyres,1001,,107431,11R24.5 OMNI CARGO CS300 TL 16PR,"19,000.00",4/1/2026,3/31/2027
2015,Truck Rad Tyres,1001,,107432,11R24.5 OMNI CARGO RS200 TL 16PR,"25,000.00",4/1/2026,3/31/2027
2296,Row Crop Radial,1001,,107434,VF480/80 R 50 SPRAYMAX 179D TL,"45,833.00",4/1/2026,3/31/2027
2296,Row Crop Radial,1001,,107435,VF480/80 R 50 SPRAYMAX 179D TL SB,"50,497.39",4/1/2026,3/31/2027
2296,Row Crop Radial,1001,,107436,210/95 R 44 FARMAX RC 120D/123A8 TL,"11,488.46",4/1/2026,3/31/2027
2176,Tractor Radial,1001,,107437,VF710/70 R 38 TORQUEMAX 178D TL,"89,279.86",4/1/2026,3/31/2027
2296,Row Crop Radial,1001,,107438,210/95 R 36 FARMAX RC 118D/121A8 TL,"8,502.52",4/1/2026,3/31/2027
2095,PCUV 17 PLUS,1001,,107440,235/65R17 SecuraDrive SUV TL 104H MM,"8,891.00",5/1/2026,3/31/2027
2095,PCUV 17 PLUS,1001,,107441,255/65R18 CrossDrive AT TL 111H MM,"8,499.00",5/1/2026,3/31/2027
2100,UV Rad Tyres,1001,,107442,215/75R15 Securadrive SUV TL 100H MM,"4,945.00",5/1/2026,3/31/2027
2100,UV Rad Tyres,1001,,107443,215/75R15 Securadrive SUV TL 100H CAFE N,"4,945.00",5/1/2026,3/31/2027
2126,Motorcycle Premium B,1001,,107454,100/90-18 ZOOM CRUZ P2 F 56H TL,"1,840.00",5/1/2026,3/31/2027
2126,Motorcycle Premium B,1001,,107455,130/70-18 ZOOM CRUZ 63H TL,"2,877.00",5/1/2026,3/31/2027
2112,Scooter TL Tyres,1001,,107456,100/90-12 ENERGY RIDE EV 59P TL,"1,287.00",4/1/2026,3/31/2027
2125,MOTORCYCLE RAD TYRE,1001,,107461,140/70R17 ZOOM RAD 66H TL,"2,691.00",5/1/2026,3/31/2027
2165,Farm Implement,1001,,107463,11.00-16SL 8PR FARMAX F2M TL,"6,076.94",4/1/2026,3/31/2027
2165,Farm Implement,1001,,107464,10.00-16SL 8PR FARMAX F2M TL,"4,893.77",4/1/2026,3/31/2027
2155,Farmax Rear,1001,,107465,16.9-34 10PR FARMAX R1 TT,"19,714.40",4/1/2026,3/31/2027
2165,Farm Implement,1001,,107466,11.00-16SL 12PR FARMAX F2M TL,"7,189.56",4/1/2026,3/31/2027
2165,Farm Implement,1001,,107467,15.0/55-17 10PR FARM IMPLEMENT 404 TL,"9,304.00",4/1/2026,3/31/2027
2230,Flotation Bias,1001,,107469,550/60-22.5 20PR FLOTATION T422 TL,"32,994.00",4/1/2026,3/31/2027
2155,Farmax Rear,1001,,107470,8.25-16 6PR FARMAX R1 TT,"5,413.00",4/1/2026,3/31/2027
2155,Farmax Rear,1001,,107471,7.50-16 6PR FARMAX R1 TT,"2,728.00",4/1/2026,3/31/2027
2155,Farmax Rear,1001,,107472,6.50-16 6PR FARMAX R1 TT,"2,479.03",4/1/2026,3/31/2027
2260,Forklift,1001,,107473,12.00-20 28PR ELEVETA PLUS TT,"21,846.97",4/1/2026,3/31/2027
2260,Forklift,1001,,107474,12.00-20 20PR ELEVETA PLUS TT,"20,433.90",4/1/2026,3/31/2027
2260,Forklift,1001,,107475,10.00-20 16PR ELEVETA PLUS TT,"16,900.98",4/1/2026,3/31/2027
2260,Forklift,1001,,107476,9.00-20 14PR ELEVETA PLUS TT,"11,592.52",4/1/2026,3/31/2027
2155,Farmax Rear,1001,,107477,14.9-30 8PR FARMAX R1 TT,"17,683.24",4/1/2026,3/31/2027
2240,MPT,1001,,107478,14.5-20 14PR MPT 808 TL,"10,634.42",4/1/2026,3/31/2027
2240,MPT,1001,,107479,12.5-20 12PR MPT 808 TL,"13,575.00",4/1/2026,3/31/2027
2240,MPT,1001,,107480,10.5-20 12PR MPT 808 TL,"8,144.00",4/1/2026,3/31/2027
2240,MPT,1001,,107481,12.5-18 12PR MPT 808 TL,"8,619.16",4/1/2026,3/31/2027
2240,MPT,1001,,107482,12.0-18 12PR MPT 808 TL,"8,484.30",4/1/2026,3/31/2027
2240,MPT,1001,,107483,12.0/75-18 12PR MPT 808 TL,"8,484.30",4/1/2026,3/31/2027
2240,MPT,1001,,107484,11.5/80-15.3 14PR MPT 808 TL,"7,853.00",4/1/2026,3/31/2027
2240,MPT,1001,,107485,10.0-75/15.3 14PR MPT 808 TL,"4,696.28",4/1/2026,3/31/2027
2176,Tractor Radial,1001,,107486,VF600/70 R 30 TORQUEMAX 170D TL,"44,463.67",4/1/2026,3/31/2027
2176,Tractor Radial,1001,,107487,VF600/70 R 30 TORQUEMAX 170D TL SB,"45,661.24",4/1/2026,3/31/2027
2176,Tractor Radial,1001,,107488,VF650/60 R 34 TORQUEMAX 168D TL,"47,897.04",4/1/2026,3/31/2027
2176,Tractor Radial,1001,,107489,VF650/60 R 34 TORQUEMAX 168D TL SB,"49,112.20",4/1/2026,3/31/2027
2176,Tractor Radial,1001,,107490,VF 520/85R42 174D/177A8 TORQUEMAX TL SB,"72,036.00",4/28/2025,9/30/2025
2300,Telehandler Radial,1001,,107491,400/70R20(16.0/70R20) LOADPRO 149A8/B SB,"15,851.63",4/1/2026,3/31/2027
2300,Telehandler Radial,1001,,107492,440/80R28(16.9LR28) LOADPRO 156A8/B SB,"28,175.80",4/1/2026,3/31/2027
2298,Harvester Radial,1001,,107493,800/65 R 32 YIELDMAX 181A8/B TL SB,"84,508.28",4/1/2026,3/31/2027
2545,LM Bias Tubes Packed,1001,,107494,TUBE 4.50-10 PACKED BR OCT-13 - EXPORTS,175.00,4/1/2026,3/31/2027
2126,Motorcycle Premium B,1001,,107495,100/90-17 GRIPP X3 55P (HERO),"1,307.00",5/1/2026,3/31/2027
2126,Motorcycle Premium B,1001,,107496,90/90-17 SECURA ZOOM + 56P,"1,282.00",5/1/2026,3/31/2027
2015,Truck Rad Tyres,1001,,107497,295/80R22.5 WINMILE X3-AW TL TYRE CASING,"18,000.00",4/1/2026,3/31/2027
2250,BHL,1001,,107498,12.5 / 80-18 10PR TYROCK R4 TL,"8,466.71",4/1/2026,3/31/2027
2112,Scooter TL Tyres,1001,,107501,90/100-10 ZOOM D H/LR TL 53J,866.00,5/1/2026,3/31/2027
2130,3-Wheeler Tyres,1001,,107502,4.00-8 BULAND X3 P TL 76 F,861.00,4/1/2026,3/31/2027
2176,Tractor Radial,1001,,107506,VF 520/85R42 FB 174D/177A8 TORQUEMAX,"57,694.52",4/1/2026,3/31/2027
2050,LM Bias Tyres,1001,,107507,155D12 LYFMAX X3 R,"2,201.00",5/5/2026,3/31/2027
2050,LM Bias Tyres,1001,,107508,155D12 LYFMAX X3 D,"2,492.00",5/5/2026,3/31/2027
2060,LM Rad Tyres,1001,,107510,195 R15 LT WINMILE X3-R,"4,350.00",4/21/2026,3/31/2027
2250,BHL,1001,,107512,6.00-12 AAYUSHMAAN PLUS TT 6PR (EU),"2,380.00",4/1/2026,3/31/2027
2296,Row Crop Radial,1001,,107517,380/90R46 162D/165A8 FARMAX RC,"39,422.15",4/1/2026,3/31/2027
2610,MOTORCYCLE TUBE LOOS,1001,,107519,TUBE 2.75-18 (HERO),150.00,4/1/2026,3/31/2027
2095,PCUV 17 PLUS,1001,,107522,235/40R18 WinterDrive Sport TL 95V XL CE,"5,000.00",4/1/2026,3/31/2027
2095,PCUV 17 PLUS,1001,,107523,245/45R19 WinterDrive Sport TL 102V XL C,"5,000.00",4/1/2026,3/31/2027
2095,PCUV 17 PLUS,1001,,107524,245/45R17 WinterDrive Sport TL 99V XL CE,"5,000.00",4/1/2026,3/31/2027
2095,PCUV 17 PLUS,1001,,107525,235/35R19 WinterDrive Sport TL91VXL CEAT,"5,000.00",4/1/2026,3/31/2027
2250,BHL,1001,,107526,9.00-16 RDSP501 16PR TT,"7,998.00",4/1/2026,3/31/2027
2250,BHL,1001,,107527,14.00-25 RDSP502 20PR TT,"27,248.00",4/1/2026,3/31/2027
2250,BHL,1001,,107528,16.9-28 RDSP503 12PR TT,"19,798.00",4/1/2026,3/31/2027
2090,Car Rad Tyres,1001,,107529,195/65R15 EnergyDrive TL 91H P,"4,434.00",5/1/2026,3/31/2027
2095,PCUV 17 PLUS,1001,,107530,245/45R18 4SeasonDrive Sport TL 100Y XL,"8,000.00",4/1/2026,3/31/2027
2176,Tractor Radial,1001,,107531,VF 650/65R42 TORQUEMAX 174D TL FB,"55,407.46",4/1/2026,3/31/2027
2176,Tractor Radial,1001,,107532,VF650/65R42 TORQUEMAX 174D TL SB NRO,"56,694.49",4/1/2026,3/31/2027
2015,Truck Rad Tyres,1001,,107533,295/90R20 RD622,"15,996.00",4/1/2026,3/31/2027
2060,LM Rad Tyres,1001,,107534,185R14 RD1322,"3,888.00",4/1/2026,3/31/2027
2060,LM Rad Tyres,1001,,107535,165R14 LT RD1622 TL,"3,037.00",4/1/2026,3/31/2027
2045,Light Truck Steel,1001,,107536,8.25R16 LT WINSUPER X3-D TT 16PR,"10,820.00",4/1/2026,3/31/2027
2045,Light Truck Steel,1001,,107537,8.25R16 LT WINMILE X3-R TT 16PR,"10,501.00",4/1/2026,3/31/2027
2200,Mining,1001,,107542,10.00-20 MINEMAX X3 TT 18PR,"13,914.34",4/1/2026,3/31/2027
2090,Car Rad Tyres,1001,,107543,175/65R15 SecuraDrive SD004 TL 84H HYN,"4,306.00",5/1/2026,3/31/2027
2145,Farmax Front,1001,,107544,6.00-16 6PR FARMAX TF X3 TT,"2,547.61",4/1/2026,3/31/2027
2145,Farmax Front,1001,,107545,5.50-16  6PR FARMAX TF X3 TT,"2,241.53",4/1/2026,3/31/2027
2250,BHL,1001,,107546,16.0/70-20(400/70-20) 16PRTL TYRK SUP X3,"13,949.76",4/1/2026,3/31/2027
2250,BHL,1001,,107548,16.9-24(440/80-24) 12PR TYROCK SUPER X3,"25,060.24",4/1/2026,3/31/2027
2250,BHL,1001,,107550,17.5L-24  12PR TYROCK SUPER X3 TL,"19,470.33",4/1/2026,3/31/2027
2299,Telehandler Bias,1001,,107551,440/80-28(16.9-28) LOADPRO TL 156A8,"23,107.61",4/1/2026,3/31/2027
2250,BHL,1001,,107552,18.4-24 12PR TYROCK SUPER X3 TL,"21,306.69",4/1/2026,3/31/2027
2100,UV Rad Tyres,1001,,107554,205/60R16 SecuraDrive SD004 TL 92H C,"5,869.00",5/1/2026,3/31/2027
2060,LM Rad Tyres,1001,,107555,195R15 LT RD1722 TL,"4,065.00",4/1/2026,3/31/2027
2060,LM Rad Tyres,1001,,107557,145R12 RD1422,"2,150.00",4/1/2026,3/31/2027
2100,UV Rad Tyres,1001,,107560,205/65R16 SecuraDrive SUV TL 95H MM,"5,417.00",5/1/2026,3/31/2027
2015,Truck Rad Tyres,1001,,107563,295/90R20 RD 516,"17,043.00",4/1/2026,3/31/2027
2015,Truck Rad Tyres,1001,,107564,10.00R20 RD B3,"16,097.00",4/1/2026,3/31/2027
2015,Truck Rad Tyres,1001,,107565,295/80R22.5 RETREAD TYRE,"11,864.00",4/1/2026,3/31/2027
2015,Truck Rad Tyres,1001,,107566,295/90R20 RETREAD TYRE,"11,864.00",4/1/2026,3/31/2027
2015,Truck Rad Tyres,1001,,107567,10.00R20 RETREAD TYRE,"11,864.00",4/1/2026,3/31/2027
2015,Truck Rad Tyres,1001,,107568,295/90R20 RD 619,"17,543.00",4/1/2026,3/31/2027
2015,Truck Rad Tyres,1001,,107569,10.00R20 RD 619,"17,493.00",4/1/2026,3/31/2027
2090,Car Rad Tyres,1001,,107570,185/65R15 SecuraDrive TL 88H SW,"4,362.00",5/1/2026,3/31/2027
2100,UV Rad Tyres,1001,,107571,215/60R16 SecuraDrive TL 95H SW,"5,068.00",4/1/2026,3/31/2027
2100,UV Rad Tyres,1001,,107572,215/60R16 Securadrive SD004 TL 95H MG,"5,068.00",4/1/2026,3/31/2027
2100,UV Rad Tyres,1001,,107573,205/65R16 SecuraDrive TL 95H J,"5,051.00",4/1/2026,3/31/2027
2298,Harvester Radial,1001,,107574,800/65R32 YIELDMAX 181A8/B TL FB,"83,833.06",4/1/2026,3/31/2027
2176,Tractor Radial,1001,,107575,VF 800/70R38 TORQUEMAX SB 187D TL,"92,748.32",4/1/2026,3/31/2027
2126,Motorcycle Premium B,1001,,107576,90/90-17 ZOOM PLUS F TL 49P,"1,239.00",5/1/2026,3/31/2027
2125,MOTORCYCLE RAD TYRE,1001,,107577,130/70R17 ZOOM RAD -T TL 62H,"2,456.00",5/1/2026,3/31/2027
2176,Tractor Radial,1001,,107579,VF 650/65R34 167D TORQUEMAX SB NRO TL,"50,597.75",4/1/2026,3/31/2027
2240,MPT,1001,,107580,12.5-18 MPT 602 16PR TL,"9,704.90",4/1/2026,3/31/2027
2176,Tractor Radial,1001,,107581,600/70R28 FARMAX HPT 157D FB TL,"42,333.09",4/1/2026,3/31/2027
2176,Tractor Radial,1001,,107582,600/70R30 FARMAX HPT 158D FB TL,"41,054.16",4/1/2026,3/31/2027
2095,PCUV 17 PLUS,1001,,107583,245/35R19 WinterDrive Sport TL 93V XL CE,"5,000.00",4/1/2026,3/31/2027
2815,TRUCK RAD FLAPS,1001,,107584,20N EPDM flap,385.00,4/1/2026,3/31/2027
2155,Farmax Rear,1001,,107586,8.3-24 8PR FARMAX TL,"4,880.43",4/1/2026,3/31/2027
2155,Farmax Rear,1001,,107587,9.5-24 8PR FARMAX TL,"7,826.81",4/1/2026,3/31/2027
2145,Farmax Front,1001,,107588,7.50-16 8PR FARMAX X3 TF  TT,"4,317.99",4/1/2026,3/31/2027
2145,Farmax Front,1001,,107589,6.50-20 8PR FARMAX X3 TF TT,"6,010.00",4/1/2026,3/31/2027
2176,Tractor Radial,1001,,107590,380/80R38 FARMAXR80 154D/157A8 TL CUT RE,"25,370.08",4/1/2026,3/31/2027
2122,MOTORCYCLE TL TYRE,1001,,107591,140/70-17 ZOOM CRUZ (HERO) TL 66H,"2,500.00",4/1/2026,3/31/2027
2120,MOTORCYCLE TT TYRE,1001,,107592,90/90-18 GRIPP X3 TT 51P,918.00,4/1/2026,3/31/2027
2122,MOTORCYCLE TL TYRE,1001,,107593,100/90-18 ZOOM CRUZ F (HERO) TL 56H,"1,774.00",4/1/2026,3/31/2027
2126,Motorcycle Premium B,1001,,107594,120/80-17 ZOOM X3 (HERO) TL 61P,"1,864.00",5/1/2026,3/31/2027
2126,Motorcycle Premium B,1001,,107595,90/90-17 ZOOM X3 F (HERO) TL 49P,"1,262.00",5/1/2026,3/31/2027
2120,MOTORCYCLE TT TYRE,1001,,107596,2.75-17 SECURA ZOOM TV F (TT),936.00,4/1/2026,3/31/2027
2122,MOTORCYCLE TL TYRE,1001,,107597,90/90-18 SECURA ZOOM+ TL 51P INM (BZ),"1,326.00",4/1/2026,3/31/2027
2122,MOTORCYCLE TL TYRE,1001,,107598,80/100-18 SECURA ZOOM F TL 47P INM (BZ),"1,131.00",4/1/2026,3/31/2027
2120,MOTORCYCLE TT TYRE,1001,,107599,2.75-18 SECURA ZOOM F TT 42P INM (BZ),924.00,4/1/2026,3/31/2027
2545,LM Bias Tubes Packed,1001,,107615,TUBE 4.00-10 PACKED BR EXPORTS,159.00,4/1/2026,3/31/2027
2030,LCV Bias Tyres,1001,,107617,7.00-15 LYFMAX X3 D LV TT 12PR,"6,181.00",4/21/2026,3/31/2027
2176,Tractor Radial,1001,,107618,710/75R42 FARMAX HPT 175D/178A8 TL,"48,079.00",4/1/2026,3/31/2027
2176,Tractor Radial,1001,,107619,710/75R42 FARMAX HPT 181D/184A8 TL,"86,804.43",4/1/2026,3/31/2027
2090,Car Rad Tyres,1001,,107620,175/60R15 Securadrive SD004 TL 81H MSIL,"3,705.00",5/1/2026,3/31/2027
2140,Tractor Front,1001,,107621,6.00-16 AAYUSHMAAN 8PR TT ,"3,189.00",2/27/2022,12/31/9999
2530,LCV Rad Tubes,1001,,107622,7.00 R15 LT Long Valve Tube,371.00,4/1/2026,3/31/2027
2015,Truck Rad Tyres,1001,,107623,295/90R20 WINMILE X3-AW TT 16 PR,"19,450.00",5/5/2026,3/31/2027
2155,Farmax Rear,1001,,107625,12.4-28 8PR FARMAX TL,"10,437.96",4/1/2026,3/31/2027
2155,Farmax Rear,1001,,107626,16.9-24 8PR FARMAX TL,"17,185.49",4/1/2026,3/31/2027
2145,Farmax Front,1001,,107627,10.00-16 FARMAX TT 10PR,"7,588.00",4/1/2026,3/31/2027
2520,LCV Bias Tubes,1001,,107629,OLD TUBE 7.50-16 LOOSE BR LV:TR77,475.00,4/1/2026,3/31/2027
2520,LCV Bias Tubes,1001,,107630,OLD TUBE 8.25-16 LOOSE BR LV:TR77,476.00,4/1/2026,3/31/2027
2820,LCV BIAS FLAPS,1001,,107631,"FLAP 7.00-16,7.50-16,8.25-16,9.00-16",222.00,4/1/2026,3/31/2027
2030,LCV Bias Tyres,1001,,107636,7.50-16 STAMINA 14PR,"6,536.00",4/1/2026,3/31/2027
2176,Tractor Radial,1001,,107637,710/70R42  FARMAX  HPT  FB  173D TL,"82,080.65",4/1/2026,3/31/2027
2297,Flotation Radial,1001,,107638,580/65R22.5  FLOATMAX RT SB 166D TL,"29,064.63",4/1/2026,3/31/2027
2297,Flotation Radial,1001,,107639,580/65R22.5  FLOATMAX FT SB 166D TL,"30,241.49",4/1/2026,3/31/2027
2260,Forklift,1001,,107645,300-15 20PR ELEVETA 808 TT ALTURA,"10,645.31",4/1/2026,3/31/2027
2260,Forklift,1001,,107646,250-15 16PR ELEVETA 808 TT ALTURA,"8,191.11",4/1/2026,3/31/2027
2260,Forklift,1001,,107648,28x9-15(8.15-15) 14PR ELEVETA 800 TT ALT,"4,561.22",4/1/2026,3/31/2027
2260,Forklift,1001,,107651,5.00-8 10PR ELEVETA 800 TT ALTURA,"1,615.73",4/1/2026,3/31/2027
2165,Farm Implement,1001,,107652,12.5/80-15.3 16PR FARM IMPL AWI305 TL AL,"7,134.30",4/1/2026,3/31/2027
2250,BHL,1001,,107654,10.5/80-18 10PR GM BHL TL ALTURA,"7,819.22",4/1/2026,3/31/2027
2165,Farm Implement,1001,,107656,8.00-20 8PR AS800 TT ALTURA,"5,473.25",4/1/2026,3/31/2027
2045,Light Truck Steel,1001,,107660,7.50 R16 LT WINMILE X3 R 14PR 122/118L E,"8,635.00",4/1/2026,3/31/2027
2297,Flotation Radial,1001,,107661,710/50R26.5 FLOATMAX FT 170D SB TL,"41,188.22",4/1/2026,3/31/2027
2297,Flotation Radial,1001,,107662,710/50R26.5 FLOATMAX RT 172D SB TL,"36,730.42",4/1/2026,3/31/2027
2150,Tractor Rear,1001,,107663,18.4-38  FARMAX 8PR TL,"28,925.00",4/1/2026,3/31/2027
2150,Tractor Rear,1001,,107664,15.5-38  FARMAX 8PR TL,"21,974.00",4/1/2026,3/31/2027
2150,Tractor Rear,1001,,107665,13.6-38  FARMAX 8PR TL,"14,796.58",4/1/2026,3/31/2027
2150,Tractor Rear,1001,,107666,13.6-36  FARMAX 8PR TL,"14,656.29",4/1/2026,3/31/2027
2150,Tractor Rear,1001,,107667,12.4-36 FARMAX 8PR TL,"17,059.00",4/1/2026,3/31/2027
2176,Tractor Radial,1001,,107668,710/70R38  FARMAX  HPT  FB  171D TL,"75,677.77",4/1/2026,3/31/2027
2176,Tractor Radial,1001,,107669,800/70R38  FARMAX HPT FB  178D TL,"85,386.76",4/1/2026,3/31/2027
2150,Tractor Rear,1001,,107671,14.9-28 RDSP504 TT 12PR,"19,193.00",4/1/2026,3/31/2027
2165,Farm Implement,1001,,107672,7.60-15SL 8PR FARM IMPLEMENT TL,"2,936.20",4/1/2026,3/31/2027
2175,Farm Irrigation,1001,,107673,11.2-38 6PR IRROGATOR  TL,"12,139.08",4/1/2026,3/31/2027
2175,Farm Irrigation,1001,,107674,11.2-24 6PR IRROGATOR TL,"6,485.69",4/1/2026,3/31/2027
2190,Earthmover/Loader,1001,,107675,9.00-20 14PR GRIP MASTER EX TT E-2,"9,186.71",4/1/2026,3/31/2027
2165,Farm Implement,1001,,107676,14.0/65-16 14PR FARM IMPLEMENT 404 TL,"6,728.01",4/1/2026,3/31/2027
2165,Farm Implement,1001,,107677,14.0/65-16 10PR FARM IMPLEMENT 404 TL,"6,450.38",4/1/2026,3/31/2027
2165,Farm Implement,1001,,107679,13.0/55-16  FARM IMPLE AWI 305 14PR  TL,"5,745.01",4/1/2026,3/31/2027
2165,Farm Implement,1001,,107680,13.0/55-16 12PR FARM IMPLEMENT AWI 305 T,"4,905.84",4/1/2026,3/31/2027
2165,Farm Implement,1001,,107681,13.0/65-18 16PR FARM IMPLEMENT AWI 305TL,"7,444.14",4/1/2026,3/31/2027
2165,Farm Implement,1001,,107682,12.5/80-18 16PR FARM IMPLEMENT AWI 305 T,"8,408.17",4/1/2026,3/31/2027
2165,Farm Implement,1001,,107683,12.5/80-18 14PR FARM IMPLEMENT AWI 305 T,"7,662.65",4/1/2026,3/31/2027
2165,Farm Implement,1001,,107684,12.5/80-18 12PR FARM IMPLEMENT AWI 305 T,"6,666.05",4/1/2026,3/31/2027
2297,Flotation Radial,1001,,107685,385/65R22.5 164 D FLOATMAX RT SB,"21,132.54",4/1/2026,3/31/2027
2155,Farmax Rear,1001,,107687,18.4-26 10PR FARMAX R1 HD TT,"28,043.00",10/12/2022,10/29/2022
2155,Farmax Rear,1001,,107688,23.1-26 12PR FARMAX R1 HD TL,"31,882.94",4/1/2026,3/31/2027
2155,Farmax Rear,1001,,107689,18.4-38 12PR FARMAX R1 HD TT,"26,019.48",4/1/2026,3/31/2027
2297,Flotation Radial,1001,,107690,650/55R26.5 FLOATMAX RT 178D TL SB,"32,686.03",4/1/2026,3/31/2027
2297,Flotation Radial,1001,,107691,650/55R26.5 FLOATMAX FT 178D TL SB,"36,114.14",4/1/2026,3/31/2027
2095,PCUV 17 PLUS,1001,,107694,215/55R18 Securadrive SD004 TL 95H MG,"8,390.00",5/1/2026,3/31/2027
2095,PCUV 17 PLUS,1001,,107695,215/55R17 Securadrive SD004 TL 94V  MG,"5,906.00",5/1/2026,3/31/2027
2090,Car Rad Tyres,1001,,107697,145/70R12 EnergyDrive EV TL 69T MG,"2,173.00",5/1/2026,3/31/2027
2090,Car Rad Tyres,1001,,107698,195/60R15 SecuraDrive TL 88V,"5,237.00",4/1/2026,3/31/2027
2176,Tractor Radial,1001,,107699,VF650/65R34 NRO 170D TORQUEMAX SBTL,"51,418.83",4/1/2026,3/31/2027
2155,Farmax Rear,1001,,107700,20.8-38 10PR FARMAX TT,"31,148.84",4/1/2026,3/31/2027
2095,PCUV 17 PLUS,1001,,107701,255/60R18 SecuraDrive SUV TL 108H,"9,200.00",4/1/2026,3/31/2027
2540,LM BIAS TUBES LOOSE,1001,,107703,TUBE 4.00-10 LOOSE BR,156.00,4/1/2026,3/31/2027
2095,PCUV 17 PLUS,1001,,107704,245/65R17 SecuraDrive SUV TL 107H MM,"8,777.00",5/1/2026,3/31/2027
2090,Car Rad Tyres,1001,,107705,165/70R14 FUELSMARRT TL 81S Wagon R,"2,700.00",5/1/2026,3/31/2027
2090,Car Rad Tyres,1001,,107706,185/65R15 SecuraDrive SD004 88H ERTIGA,"4,362.00",5/1/2026,3/31/2027
2010,Truck Bias Tyres,1001,,107707,9.00-20 ORNET XL911 16 PR TT,"12,586.00",4/1/2026,3/31/2027
2015,Truck Rad Tyres,1001,,107709,295/80R22.5 WINLOAD X3-AW 152/148K,"20,787.00",4/1/2026,3/31/2027
2297,Flotation Radial,1001,,107710,600/55R26.5 RT FLOATMAX SB 165D TL,"33,413.47",4/1/2026,3/31/2027
2015,Truck Rad Tyres,1001,,107712,295/80R22.5 WINLOAD X3-D 152/148K,"20,787.00",4/1/2026,3/31/2027
2145,Farmax Front,1001,,107713,6.50-16 8PR Farmax X3 TF TT,"2,768.93",4/1/2026,3/31/2027
2095,PCUV 17 PLUS,1001,,107714,215/50R17 SECURADRIVE  TL 95W XL D MG,"5,760.00",4/1/2026,3/31/2027
2972,FARM IMPLEMENT RADIA,1001,,107715,440/55R18 FARM IMPLEMENT 800R SB TL,"14,686.34",4/1/2026,3/31/2027
2972,FARM IMPLEMENT RADIA,1001,,107716,380/55R16.5 FARM IMPLEMENT 800R SB TL,"9,616.70",4/1/2026,3/31/2027
2112,Scooter TL Tyres,1001,,107717,90/100-10 PSAFE MILAZE TL 53J,921.00,4/1/2026,3/31/2027
2112,Scooter TL Tyres,1001,,107718,90/90-12 PSAFE MILAZE TL 54J,980.00,4/1/2026,3/31/2027
2045,Light Truck Steel,1001,,107719,7.50R16 United UT 202 122/118L 14PR TT,"9,000.00",4/1/2026,3/31/2027
2015,Truck Rad Tyres,1001,,107720,11R22.5 United UT 101 148/154L 16PR TL,"16,302.00",4/1/2026,3/31/2027
2015,Truck Rad Tyres,1001,,107721,10.00R20 United UT 101 146/143K 16PR TT,"21,200.00",4/1/2026,3/31/2027
2095,PCUV 17 PLUS,1001,,107722,275/40R20 SportDrive SUV TL 106Y XL CEAT,"12,700.00",4/1/2026,3/31/2027
2095,PCUV 17 PLUS,1001,,107723,245/40R19 SportDrive TL 98 Y XL CEAT,"10,695.00",4/1/2026,3/31/2027
2095,PCUV 17 PLUS,1001,,107724,205/55R17 4seasonDrive TL 95V XL CEAT,"10,000.00",4/1/2026,3/31/2027
2095,PCUV 17 PLUS,1001,,107725,205/50R17 4seasonDrive TL 93 V XL CEAT,"10,000.00",4/1/2026,3/31/2027
2090,Car Rad Tyres,1001,,107726,155/65R14 4SeasonDrive TL 75T CEAT,"5,000.00",4/1/2026,3/31/2027
2127,Motorcycle Steel RAD,1001,,107727,140/80 R17 69H Gripp Rad Steel RE TT,"2,788.00",4/1/2026,3/31/2027
2126,Motorcycle Premium B,1001,,107728,90/90-21 54H Gripp RE F TT,"1,875.00",4/1/2026,3/31/2027
2095,PCUV 17 PLUS,1001,,107729,275/45R20 SportDrive SUV TL 110 Y XL CEA,"18,919.00",4/1/2026,3/31/2027
2095,PCUV 17 PLUS,1001,,107730,215/65R17 4seasonDrive TL 103 V XL CEAT,"10,000.00",4/1/2026,3/31/2027
2120,MOTORCYCLE TT TYRE,1001,,107731,3.00-17 Gripp X5 TT 50P,"1,046.00",4/1/2026,3/31/2027
2145,Farmax Front,1001,,107732,7.50-20 FARMAX X3TF 8PR TT,"6,029.00",4/1/2026,3/31/2027
2010,Truck Bias Tyres,1001,,107733,10.00-20 MAXIMA P-RIB  TT 16PR,"13,240.00",4/21/2026,3/31/2027
2090,Car Rad Tyres,1001,,107734,155/70R13 75T FUELSMARRT TL SW,"2,936.00",4/1/2026,3/31/2027
2090,Car Rad Tyres,1001,,107735,175/65R15 84H SecuraDrive TL D SW,"4,244.00",4/1/2026,3/31/2027
2090,Car Rad Tyres,1001,,107737,145/80R12 MILAZE X3 TL 74T SW,"2,252.00",4/1/2026,3/31/2027
2090,Car Rad Tyres,1001,,107738,145/80R13 MILAZE X3 TL 75T SW,"2,544.00",4/1/2026,3/31/2027
2090,Car Rad Tyres,1001,,107739,155/80R13 MILAZE X3 TL 79T SW,"2,737.00",4/1/2026,3/31/2027
2090,Car Rad Tyres,1001,,107740,175/70R13 82T MILAZE X3 TL SW,"3,779.00",4/1/2026,3/31/2027
2090,Car Rad Tyres,1001,,107742,155/65R13 73T MILAZE X3 TL SW,"2,724.00",4/1/2026,3/31/2027
2090,Car Rad Tyres,1001,,107743,165/70R14 81T MILAZE X3 TL SW,"2,636.00",4/1/2026,3/31/2027
2090,Car Rad Tyres,1001,,107744,185/70R14 88T MILAZE X3 TL SW,"3,617.00",4/1/2026,3/31/2027
2090,Car Rad Tyres,1001,,107745,185/65R15 MILAZE X3 TL 88T SW,"3,870.00",4/1/2026,3/31/2027
2090,Car Rad Tyres,1001,,107746,195/60R15 88V SecuraDrive TL D SW,"5,185.00",4/1/2026,3/31/2027
2090,Car Rad Tyres,1001,,107748,165/70R14 FUELSMARRT 81T CELERIO,"2,700.00",5/1/2026,3/31/2027
2296,Row Crop Radial,1001,,107749,380/105R50 FARMAX RC 168D/171A8 TL,"36,489.41",4/1/2026,3/31/2027
2040,LCV Rad Tyres,1001,,107752,7.00 R15 LT WINMILE X3-R_LV,"6,822.00",4/21/2026,3/31/2027
2050,LM Bias Tyres,1001,,107753,4.50-10 LYFMAX X3 R 85F TT,"1,712.00",5/5/2026,3/31/2027
2050,LM Bias Tyres,1001,,107754,165D14 LYFMAX X3 D,"3,505.00",5/5/2026,3/31/2027
2050,LM Bias Tyres,1001,,107755,165D14 LYFMAX X3 R,"3,228.00",5/5/2026,3/31/2027
2050,LM Bias Tyres,1001,,107756,185D14 LYFMAX X3 D,"4,140.00",5/5/2026,3/31/2027
2050,LM Bias Tyres,1001,,107757,185D14 LYFMAX X3 R,"3,846.00",5/5/2026,3/31/2027
2090,Car Rad Tyres,1001,,107758,185/70R15 EnergyDrive TL 89H TN,"3,895.00",5/1/2026,3/31/2027
2122,MOTORCYCLE TL TYRE,1001,,107759,120/90-17 68S Gripp XL TL,"2,074.00",5/1/2026,3/31/2027
2122,MOTORCYCLE TL TYRE,1001,,107760,100/90-19 57S Gripp XL F TL,"1,393.00",5/1/2026,3/31/2027
2176,Tractor Radial,1001,,107761,IF 710/70R38 TORQUEMAX 181A8/178B FB TL,"89,143.92",4/1/2026,3/31/2027
2297,Flotation Radial,1001,,107766,650/50R22.5 FLOATMAX RT 163D SB TL,"28,717.53",4/1/2026,3/31/2027
2297,Flotation Radial,1001,,107767,560/45R22.5 FLOATMAX RT 152D SB TL,"20,932.19",4/1/2026,3/31/2027
2127,Motorcycle Steel RAD,1001,,107771,110/70 R17 54H Bajaj TBD TL,"2,640.00",4/1/2026,3/31/2027
2127,Motorcycle Steel RAD,1001,,107772,150/60 R17 66H Bajaj TBD TL,"3,426.00",4/1/2026,3/31/2027
2130,3-Wheeler Tyres,1001,,107773,4.00-8 BULAND X3 TT 76F 6PR,"1,048.00",4/21/2026,3/31/2027
2176,Tractor Radial,1001,,107774,VF600/60R28 TORQUEMAX 157D TL SB,"37,042.76",4/1/2026,3/31/2027
2176,Tractor Radial,1001,,107775,VF 710/60R38 TORQUEMAX 171D TL SB NRO,"59,629.27",4/1/2026,3/31/2027
2155,Farmax Rear,1001,,107776,20.8-38 FARMAX R-1 14PR TL,"36,486.60",4/1/2026,3/31/2027
2300,Telehandler Radial,1001,,107777,480/80R26 LOADPRO 167A8/B SB TL,"31,328.62",4/1/2026,3/31/2027
2176,Tractor Radial,1001,,107778,VF540/65R30 TORQUEMAX NRO 158D TL SB,"33,070.19",4/1/2026,3/31/2027
2250,BHL,1001,,107779,27X8.50-15 6PR TYROCK SUPER X3 TL,"3,113.24",4/1/2026,3/31/2027
2250,BHL,1001,,107780,12.4-16 4PR Tyrock Super X3 TL,"9,436.00",4/1/2026,3/31/2027
2250,BHL,1001,,107781,23X8.50-14 4PR TYROCK SUPER X3 TL,"3,256.00",4/1/2026,3/31/2027
2280,Grader,1001,,107784,17.5-25 16PR LOADER XL TL DUAL BEAD,"31,484.00",4/1/2026,3/31/2027
2298,Harvester Radial,1001,,107785,620/75R34 CHO YIELDMAX 170A8/B TL SB,"61,341.75",4/1/2026,3/31/2027
2298,Harvester Radial,1001,,107786,620/75R30 CHO YIELDMAX 169A8/B TL SB,"51,690.31",4/1/2026,3/31/2027
2297,Flotation Radial,1001,,107787,710/45R22.5 FLOATMAX FT 165D TL SB,"31,279.25",4/1/2026,3/31/2027
2600,Scooter Tubes Loose,1001,,107788,"110/80-14,120/70-14,140/60-14 TUBE BR LO",181.00,4/1/2026,3/31/2027
2165,Farm Implement,1001,,107790,12.5/80-18 18 PR FARM IMPLEMENT AWI 305,"8,198.44",4/1/2026,3/31/2027
2165,Farm Implement,1001,,107791,15.0/55-17 18 PR FARM IMPLEMENT 404 TL,"7,831.24",4/1/2026,3/31/2027
2230,Flotation Bias,1001,,107792,480/45-17 18 PR FLOATATION PLUS TL,"10,764.75",4/1/2026,3/31/2027
2015,Truck Rad Tyres,1001,,107793,295/90R20 WINLOAD X5-D TT 16PR,"20,501.00",5/5/2026,3/31/2027
2015,Truck Rad Tyres,1001,,107794,10.00R20 WINLOAD X5D TT 16PR,"20,727.00",5/5/2026,3/31/2027
2290,Skid Steer,1001,,107797,15-19.5 6 PR LOADER PRO HD TL,"17,197.00",4/1/2026,3/31/2027
2155,Farmax Rear,1001,,107798,8-16 8PR FARMAX R1 TL,"4,518.43",4/1/2026,3/31/2027
2296,Row Crop Radial,1001,,107799,VF380/90R46 173D SPRAYMAX FB SPL TL,"33,599.32",4/1/2026,3/31/2027
2145,Farmax Front,1001,,107800,10.0/75-15.3 10PR FARMAX AS TL,"4,607.75",4/1/2026,3/31/2027
2145,Farmax Front,1001,,107801,11.5/80-15.3 12PR FARMAX AS TL,"6,343.03",4/1/2026,3/31/2027
2165,Farm Implement,1001,,107804,15.0/70-18 16 PR FARM IMPLEMENT 404 TL,"8,530.96",4/1/2026,3/31/2027
2190,Earthmover/Loader,1001,,107807,11.00-20 16PR GRIP MASTER EX TT E-2,"10,974.09",4/1/2026,3/31/2027
2190,Earthmover/Loader,1001,,107808,10.00-20 16PR GRIP MASTER EX TT E-2,"8,842.87",4/1/2026,3/31/2027
2190,Earthmover/Loader,1001,,107809,8.25-20 14PR GRIP MASTER EX TT E-2,"7,770.31",4/1/2026,3/31/2027
2155,Farmax Rear,1001,,107810,14.9-26 8PR FARMAX R1 TL,"12,061.55",4/1/2026,3/31/2027
2250,BHL,1001,,107811,10.5/80-18 8PR TYROCK SUPER X3 TL,"5,038.59",4/1/2026,3/31/2027
2145,Farmax Front,1001,,107812,9.5-16 12PR FARMAX R1 TL,"4,623.67",4/1/2026,3/31/2027
2155,Farmax Rear,1001,,107813,12.4-16 6PR FARMAX R1 TL,"7,056.86",4/1/2026,3/31/2027
2973,LAWN & TURF,1001,,107814,7-12 10PR FARMAX R1 TL,"2,112.67",4/1/2026,3/31/2027
2973,LAWN & TURF,1001,,107815,38X14-20 4PR CEAT TURF XL TL,"8,432.00",4/1/2026,3/31/2027
2973,LAWN & TURF,1001,,107816,24X8.50-14 4PR CEAT TURF XL TL,"2,921.00",4/1/2026,3/31/2027
2973,LAWN & TURF,1001,,107817,25x8.50-14 6PR CEAT TURF XL TL,"4,659.00",4/1/2026,3/31/2027
2973,LAWN & TURF,1001,,107818,13.6-16 4PR CEAT TURF XL TL,"7,093.60",4/1/2026,3/31/2027
2125,MOTORCYCLE RAD TYRE,1001,,107819,140/60R17 ZOOM RAD X3 63P TL,"2,256.00",5/1/2026,3/31/2027
2126,Motorcycle Premium B,1001,,107820,120/90-17 GRIPP XL PLUS 64S TT,"2,069.00",5/1/2026,3/31/2027
2176,Tractor Radial,1001,,107822,IF850/75R42 CFO 186D TORQUEMAX TL SB,"118,735.64",4/1/2026,3/31/2027
2095,PCUV 17 PLUS,1001,,107823,235/60R18 SecuraDrive SUV TL 103H XUV7,"9,280.00",4/1/2026,3/31/2027
2095,PCUV 17 PLUS,1001,,107824,235/65R17 Securadrive SUV TL 104 H XUV7,"8,891.00",5/1/2026,3/31/2027
2095,PCUV 17 PLUS,1001,,107825,255/65R18 CrossDrive HT TL 111 H W502,"7,863.00",5/1/2026,3/31/2027
2297,Flotation Radial,1001,,107829,650/65R26.5 FLOATMAX FT 174D TL SB,"39,897.23",4/1/2026,3/31/2027
2297,Flotation Radial,1001,,107830,650/65R30.5 FLOATMAX FT 176D TL SB,"43,768.42",4/1/2026,3/31/2027
2176,Tractor Radial,1001,,107831,650/75R38 FARMAX HPT 169D/172A8 TL,"66,826.20",4/1/2026,3/31/2027
2298,Harvester Radial,1001,,107832,750/65R26(28LR26)CHOYIELDMAX173A8/B TLSB,"57,093.39",4/1/2026,3/31/2027
2300,Telehandler Radial,1001,,107833,460/70R24 LOADPRO BL 159 A8/B TL SB,"25,235.09",4/1/2026,3/31/2027
2176,Tractor Radial,1001,,107835,710/70R42 FARMAX HPT 176D/179A8 TL,"100,518.98",4/1/2026,3/31/2027
2015,Truck Rad Tyres,1001,,107837,295/90R20 NEU 2 TT 16PR,"21,523.00",5/5/2026,3/31/2027
2140,Tractor Front,1001,,107839,180/85D12 4 PR TT AAYUSHMAAN PLUS  R1,"2,458.00",4/1/2026,3/31/2027
2015,Truck Rad Tyres,1001,,107840,295/90R20 NEU 1 TT 16PR,"21,507.00",5/5/2026,3/31/2027
2095,PCUV 17 PLUS,1001,,107841,215/55R17 SecureDRIVE A/S TL 94 V,"6,300.00",4/1/2026,3/31/2027
2095,PCUV 17 PLUS,1001,,107842,225/65R17 SecureDrive  SUV A/S TL 102 H,"9,750.00",4/1/2026,3/31/2027
2176,Tractor Radial,1001,,110840,710/70R38 FARMAX HPT 178D/181A8 TL,"76,614.83",4/1/2026,3/31/2027
2155,Farmax Rear,1001,,112742,18.4-30 FARMAX 10PR TT,"19,548.82",4/1/2026,3/31/2027
2176,Tractor Radial,1001,,112746,600/70R30 FARMAX HPT 168D/171A8 TL,"41,957.15",4/1/2026,3/31/2027
2155,Farmax Rear,1001,,112748,14.9-26 FARMAX R1 12PR TL,"14,193.41",4/1/2026,3/31/2027
2176,Tractor Radial,1001,,112749,VF750/75R46 TORQUEMAX 189D TL SB,"98,317.86",4/1/2026,3/31/2027
2112,Scooter TL Tyres,1001,,112750,100/80-12 ENERGY RIDE EV 56L TL SUZUZKI,"1,222.00",5/1/2026,3/31/2027
2112,Scooter TL Tyres,1001,,112751,90/90-12 ENERGY RIDE EV 54J TL  SUZUKI,959.00,5/1/2026,3/31/2027
2112,Scooter TL Tyres,1001,,112752,130/70-13 ENERGY RIDE TL 63P,"1,922.00",4/1/2026,3/31/2027
2112,Scooter TL Tyres,1001,,112753,110/70-13 ENERGY RIDE TL 48P,"1,457.00",4/1/2026,3/31/2027
2165,Farm Implement,1001,,112754,10.0/75-15.3 FARM IMP AWI305 18PR TL,"3,960.40",4/1/2026,3/31/2027
2165,Farm Implement,1001,,112755,13.0/55-16 FARM IMPLEMENT AWI305 18PR TL,"5,837.80",4/1/2026,3/31/2027
2150,Tractor Rear,1001,,112756,14.9-28 RDSP505 12PR TT,"20,008.00",9/1/2023,9/7/2023
2300,Telehandler Radial,1001,,112757,405/70R24 LOADPRO R-4 152A8/B TL SB,"19,094.03",4/1/2026,3/31/2027
2112,Scooter TL Tyres,1001,,112758,110/70-12 Energy Ride EV 53 P TL Hero,992.00,4/1/2026,3/31/2027
2122,MOTORCYCLE TL TYRE,1001,,112759,80/100-18 54P Secura Zoom+ TL AAEL,"1,260.00",5/1/2026,3/31/2027
2122,MOTORCYCLE TL TYRE,1001,,112760,80/100-18 47P Secura Zoom  F TL AAEL,"1,156.00",5/1/2026,3/31/2027
2015,Truck Rad Tyres,1001,,112769,295/80R22.5WINMILE X3-AW154/149M18PR-LRR,"21,637.00",5/5/2026,3/31/2027
2165,Farm Implement,1001,,112770,7.00-12 FARM IMP AWI305 6PR TL,"1,917.52",10/1/2025,12/31/9999
2165,Farm Implement,1001,,112771,10.0/80-12 FARM IMP AWI305 8PR TL,"2,689.11",4/1/2026,3/31/2027
2165,Farm Implement,1001,,112772,10.0/80-12 FARM IMP AWI305 10PR TL,"2,683.56",4/1/2026,3/31/2027
2165,Farm Implement,1001,,112773,9.5L-14SL FARM IMPLEMENT 8PR TL,"2,932.96",4/1/2026,3/31/2027
2155,Farmax Rear,1001,,112774,12.4-32 FARMAX R1 8PR TT,"10,789.75",4/1/2026,3/31/2027
2155,Farmax Rear,1001,,112775,12.4-38 FARMAX R1 8PR TT,"12,915.23",4/1/2026,3/31/2027
2145,Farmax Front,1001,,112776,9.5-20 FARMAX R1 8PR TT,"3,284.00",4/1/2026,3/31/2027
2240,MPT,1001,,112777,10.5-18 MPT 808 12PR TL,"7,060.86",4/1/2026,3/31/2027
2240,MPT,1001,,112778,18-19.5 MPT 808 18PR TL,"19,183.93",4/1/2026,3/31/2027
2250,BHL,1001,,112779,15-19.5 TYROCK SUPER X3 6PR TL,"11,737.98",4/1/2026,3/31/2027
2155,Farmax Rear,1001,,112780,23.1-30 FARMAX R1 12PR TL,"33,924.82",4/1/2026,3/31/2027
2155,Farmax Rear,1001,,112781,16.9-26 FARMAX R1 8PR TT,"14,190.43",4/1/2026,3/31/2027
2250,BHL,1001,,112782,19.5L-24 TYROCK SUPER X3 12PR TL,"21,427.35",4/1/2026,3/31/2027
2155,Farmax Rear,1001,,112783,14.9-24 CORVEN-AGR 8PR TT,"10,353.69",4/1/2026,3/31/2027
2155,Farmax Rear,1001,,112784,12.4-24 CORVEN-AGR 8PR TT,"9,809.00",4/1/2026,3/31/2027
2155,Farmax Rear,1001,,112785,18.4-38 CORVEN-AGR 12PR TT,"27,978.26",4/1/2026,3/31/2027
2155,Farmax Rear,1001,,112786,18.4-26 CORVEN-AGR 12PR TT,"23,011.89",4/1/2026,3/31/2027
2165,Farm Implement,1001,,112789,11L-15 CORVEN-AGR 12PR TL,"4,861.68",4/1/2026,3/31/2027
2230,Flotation Bias,1001,,112790,400/60-15.5 CORVEN-AGR 18PR TL,"9,518.54",4/1/2026,3/31/2027
2145,Farmax Front,1001,,112791,10.00-16 CORVEN-AGR 8PR TT,"5,657.34",4/1/2026,3/31/2027
2145,Farmax Front,1001,,112792,11.00-16 CORVEN-AGR 8PR TT,"7,729.47",4/1/2026,3/31/2027
2155,Farmax Rear,1001,,112795,12.4-36 CORVEN-AGR 12PR TT,"15,334.94",4/1/2026,3/31/2027
2155,Farmax Rear,1001,,112796,18.4-34 CORVEN-AGR 14PR TT,"27,012.64",4/1/2026,3/31/2027
2250,BHL,1001,,112797,12.5/80-18 CORVEN-IDR 14PR TL,"11,789.55",4/1/2026,3/31/2027
2140,Tractor Front,1001,,112892,9.5-20 RDSP 509 R-1W+ 8PR TT,"8,116.00",4/1/2026,3/31/2027
2150,Tractor Rear,1001,,112893,14.9-28 RDSP 507 R-1W+ 12PR TT,"21,672.00",4/1/2026,3/31/2027
2300,Telehandler Radial,1001,,112894,440/80R24 LOADPRO R-4 161A8/B TL SB,"25,861.99",4/1/2026,3/31/2027
2297,Flotation Radial,1001,,112895,650/60R26.5 FLOATMAX FT 173D TL SB,"37,024.69",4/1/2026,3/31/2027
2100,UV Rad Tyres,1001,,112897,235/65R16 EnduraDrive TL 121/119R FM,"6,837.00",4/1/2026,3/31/2027
2090,Car Rad Tyres,1001,,112898,195/65R15 SECURADRIVE TL 91H TM,"4,645.00",4/1/2026,3/31/2027
2210,Port,1001,,112900,16.00-25 ROCK XL E3 40PR TL,"68,362.22",4/1/2026,3/31/2027
2100,UV Rad Tyres,1001,,112901,215/75R15 CrossDrive AT TT 100S,"5,045.00",5/1/2026,3/31/2027
2126,Motorcycle Premium B,1001,,112902,130/90-16 Zoom Classic TL 74P,"4,550.00",5/1/2026,3/31/2027
2126,Motorcycle Premium B,1001,,112903,100/90-19 Zoom Classic F TL 63P,"3,050.00",5/1/2026,3/31/2027
2300,Telehandler Radial,1001,,112905,380/75R20 LOADPRO R-4 148A8/B TL SB,"15,896.06",4/1/2026,3/31/2027
2176,Tractor Radial,1001,,112906,480/80R26 FARMAX R80 143A8/B TL,"34,867.24",4/1/2026,3/31/2027
2030,LCV Bias Tyres,1001,,112908,8.25-16 FM SUPER +HD 14PR TT,"7,474.00",4/1/2026,3/31/2027
2610,MOTORCYCLE TUBE LOOS,1001,,112909,TUBE 130/90-16 LOOSE BR,243.00,4/1/2026,3/31/2027
2060,LM Rad Tyres,1001,,112910,130/80R12 LT MILAZE TL,"5,000.00",4/1/2026,3/31/2027
2300,Telehandler Radial,1001,,112911,500/70R28 LOADPRO R-4 164A8/B TL SB,"31,328.34",4/1/2026,3/31/2027
2300,Telehandler Radial,1001,,112912,280/80R20 LOADPRO R-4 133A8/B TL SB,"9,562.78",4/1/2026,3/31/2027
2010,Truck Bias Tyres,1001,,112913,10.00-20 CEAT ROCK MAX-X3 TT 16PR,"16,318.00",4/21/2026,3/31/2027
2176,Tractor Radial,1001,,112914,VF 600/65R28 TORQUEMAX 163D TL SB NRO,"38,390.49",4/1/2026,3/31/2027
2176,Tractor Radial,1001,,112915,VF 650/65R38 TORQUEMAX 175D TL SB NRO,"68,335.21",4/1/2026,3/31/2027
2296,Row Crop Radial,1001,,112916,340/85R48 FARMAX RC 156D/159A8 TL,"25,974.77",4/1/2026,3/31/2027
2112,Scooter TL Tyres,1001,,112921,90/90-12 Zoom X3 TL 54J,922.00,5/1/2026,3/31/2027
2112,Scooter TL Tyres,1001,,112922,80/80-12 ZOOM PLUS Y TL 53F,"1,212.00",4/1/2026,3/31/2027
2112,Scooter TL Tyres,1001,,112923,60/100-12 ZOOM PLUS Y TL 36F,"2,018.00",4/1/2026,3/31/2027
2155,Farmax Rear,1001,,112925,12.4-28 FARMAX R-1 4PR TL,"7,511.00",4/1/2026,3/31/2027
2155,Farmax Rear,1001,,112926,16.9-30 FARMAX R-1 6PR TL,"16,503.27",4/1/2026,3/31/2027
2155,Farmax Rear,1001,,112927,12.4-38 FARMAX R1 14PR TT,"14,297.43",4/1/2026,3/31/2027
2230,Flotation Bias,1001,,112928,600/50-22.5 18PR FLOTATION TX440 TL,"28,597.73",4/1/2026,3/31/2027
2230,Flotation Bias,1001,,112929,700/40-22.5 18PR FLOTATION TX440 TL,"30,526.98",4/1/2026,3/31/2027
2100,UV Rad Tyres,1001,,112930,215/65R16C EnduraDrive TL 109/107T ASIA,"3,479.00",4/1/2026,3/31/2027
2095,PCUV 17 PLUS,1001,,112932,265/70R17 CrossDrive AT TL 115T US,"10,000.00",4/1/2026,3/31/2027
2095,PCUV 17 PLUS,1001,,112933,LT265/70R17 CrossDrive AT TL 121/118S US,"10,000.00",4/1/2026,3/31/2027
2298,Harvester Radial,1001,,112935,900/60R32 YIELDMAX 193A8/B TL SB,"97,880.82",4/1/2026,3/31/2027
2300,Telehandler Radial,1001,,112936,280/80R18 LOADPRO 132A8/B TL SB,"9,743.98",4/1/2026,3/31/2027
2296,Row Crop Radial,1001,,112937,VF480/95R54 SPRAYMAX 180D TL SB,"79,941.39",4/1/2026,3/31/2027
2296,Row Crop Radial,1001,,112938,VF380/105R50 SPRAYMAX 179D TL SB,"37,815.19",4/1/2026,3/31/2027
2176,Tractor Radial,1001,,112939,VF900/60R38 TORQUEMAX 193D TL SB,"96,458.48",4/1/2026,3/31/2027
2300,Telehandler Radial,1001,,112940,340/80R18 LOADPRO 143A8/B TL SB,"11,438.47",4/1/2026,3/31/2027
2300,Telehandler Radial,1001,,112941,300/75R18 LOADPRO R-4 142A8/B TL SB,"10,426.93",4/1/2026,3/31/2027
2300,Telehandler Radial,1001,,112942, 460/70R24 LOADPRO HARD SURFACE 159A8 SB,"24,926.14",4/1/2026,3/31/2027
2155,Farmax Rear,1001,,112943,12.4-24 FARMAX R1 10PR TT,"11,599.00",4/1/2026,3/31/2027
2122,MOTORCYCLE TL TYRE,1001,,112944,140/90-15 74P TBD TL,"1,843.00",4/1/2026,3/31/2027
2122,MOTORCYCLE TL TYRE,1001,,112945,130/80-16 64P TBD TL,"2,120.00",4/1/2026,3/31/2027
2010,Truck Bias Tyres,1001,,112950,10.00-20 TRAC XL ALTURA TT 18PR,"16,310.00",4/1/2026,3/31/2027
2090,Car Rad Tyres,1001,,112951,155/80R13 FUELSMARRT  TL 79T MSIL,"2,900.00",5/1/2026,3/31/2027
2090,Car Rad Tyres,1001,,112952,185/65R15 SecuraDrive SD004 88H DZIRE,"4,362.00",5/1/2026,3/31/2027
2090,Car Rad Tyres,1001,,112953,165/80R14 SecuraDrive SD004 85T MSIL,"3,458.00",5/1/2026,3/31/2027
2975,Used Tyre/Tub/Flap,1001,,113071,USED TUBE TYPE TYRE,"2,968.75",9/25/2023,9/28/2023
2975,Used Tyre/Tub/Flap,1001,,113072,USED TUBE,117.19,9/25/2023,9/28/2023
2975,Used Tyre/Tub/Flap,1001,,113073,USED FLAP,39.06,9/25/2023,9/28/2023
2145,Farmax Front,1001,,113077,9.5-16 FARMAX R1 8PR TL,"4,402.47",4/1/2026,3/31/2027
2010,Truck Bias Tyres,1001,,113078,11.00-20 CEAT ROCKMAX X3 TT 18PR - SNI,"18,986.00",4/1/2026,3/31/2027
2294,Harvester Bias,1001,,113081,24.5-32 12PR YIELDMAX 23 TL,"47,809.29",4/1/2026,3/31/2027
2294,Harvester Bias,1001,,113082,28L-26 12PR YIELDMAX 23 TL,"45,806.28",4/1/2026,3/31/2027
2294,Harvester Bias,1001,,113083,30.5L-32 14PR YIELDMAX 23 TL,"57,068.04",4/1/2026,3/31/2027
2015,Truck Rad Tyres,1001,,113084,325/95 R24 NXG S1 ALT 162/160K,"25,000.00",4/1/2026,3/31/2027
2150,Tractor Rear,1001,,113085,15.9-28 VARDHAN 12PR TT,"22,454.78",4/1/2026,3/31/2027
2015,Truck Rad Tyres,1001,,113087,385/65R22.5 Winmile T 164K,"29,000.00",4/1/2026,3/31/2027
2015,Truck Rad Tyres,1001,,113088,295/80 R22.5 ALTURA NXG SZ1 152/148K 16P,"22,000.00",4/1/2026,3/31/2027
2015,Truck Rad Tyres,1001,,113089,295/80R22.5 ALTURA NXG BZ1 152/148K 16PR,"22,000.00",4/1/2026,3/31/2027
2095,PCUV 17 PLUS,1001,,113090,215/60R17 Securadrive SD004 TL 96H MSIL,"5,750.00",5/1/2026,3/31/2027
2095,PCUV 17 PLUS,1001,,113091,215/55R17 SecuraDrive SD004 TL 94V KIA,"5,906.00",5/1/2026,3/31/2027
2090,Car Rad Tyres,1001,,113092,195/65R15 SecuraDrive SD004 TL 91H HYN Q,"5,054.00",5/1/2026,3/31/2027
2090,Car Rad Tyres,1001,,113093,215/60R16 SecuraDrive SD004 TL 95H HYN Q,"5,068.00",4/1/2026,3/31/2027
2165,Farm Implement,1001,,113100,13.50-15FI FARM IMPLEMENT I-1 D TL,"5,883.21",4/1/2026,3/31/2027
2140,Tractor Front,1001,,113102,10.0/75-15.3 FARMAX AS 14PR TL,"4,618.11",4/1/2026,3/31/2027
2145,Farmax Front,1001,,113103,250/80-18 FARMAX R1 8PR TT,"6,504.53",4/1/2026,3/31/2027
2176,Tractor Radial,1001,,113105,420/90R30 FARMAX R90 R2 147A8/B TL,"34,825.08",4/1/2026,3/31/2027
2176,Tractor Radial,1001,,113106,520/85R42 FARMAX R85 R2 157A8/B TL,"73,593.56",4/1/2026,3/31/2027
2176,Tractor Radial,1001,,113107,IF800/70R38 CFO TORQUEMAX 190D TL SB,"119,412.53",4/1/2026,3/31/2027
2127,Motorcycle Steel RAD,1001,,113108,120/70ZR17 SPORT TOURING TBD STEEL,"9,600.00",4/1/2026,3/31/2027
2127,Motorcycle Steel RAD,1001,,113109,180/55ZR17 SPORT TOURING TBD STEEL,"12,000.00",4/1/2026,3/31/2027
2155,Farmax Rear,1001,,113110,14.9-24 FARMAX R2 6PR TT,"18,463.30",4/1/2026,3/31/2027
2155,Farmax Rear,1001,,113111,14.9-28 FARMAX R2 10PR TT,"21,821.52",4/1/2026,3/31/2027
2155,Farmax Rear,1001,,113112,14.9-28 FARMAX R2 8PR TT,"20,620.89",4/1/2026,3/31/2027
2155,Farmax Rear,1001,,113113,18.4-26 FARMAX R2 10PR TT,"31,816.47",4/1/2026,3/31/2027
2165,Farm Implement,1001,,113114,16.5L-16.1SL FARM IMPLEMENT LP 10PR TL,"8,173.64",4/1/2026,3/31/2027
2165,Farm Implement,1001,,113115,16.5L-16.1SL FARM IMPLEMENT LP 14PR TL,"9,233.33",4/1/2026,3/31/2027
2155,Farmax Rear,1001,,113116,20.8-38 FARMAX R2 10PR TT,"43,569.14",4/1/2026,3/31/2027
2155,Farmax Rear,1001,,113117,23.1-26 FARMAX R2 10PR TT,"34,968.41",4/1/2026,3/31/2027
2155,Farmax Rear,1001,,113118,23.1-30 FARMAX R2 10PR TT,"42,673.59",4/1/2026,3/31/2027
2095,PCUV 17 PLUS,1001,,113119,255/65R18 CrossDrive AT TL 111H W502,"8,499.00",5/1/2026,3/31/2027
2140,Tractor Front,1001,,113120,5.25-14 AAYUSHMAAN 6PR TT,"2,684.00",4/1/2026,3/31/2027
2095,PCUV 17 PLUS,1001,,113126,235/65R17 4SeasonDrive SUV TL 108V XL CE,"3,780.00",4/1/2026,3/31/2027
2100,UV Rad Tyres,1001,,113127,235/65R16C EnduraDrive A/S TL 121/119R C,"6,000.00",4/1/2026,3/31/2027
2095,PCUV 17 PLUS,1001,,113128,235/60R18 4SeasonDrive SUV TL 107V XL CE,"3,960.00",4/1/2026,3/31/2027
2095,PCUV 17 PLUS,1001,,113129,235/55R18 4SeasonDrive SUV TL 104H XL CE,"3,840.00",4/1/2026,3/31/2027
2095,PCUV 17 PLUS,1001,,113130,235/55R17 4SeasonDrive SUV TL 103V XL CE,"3,600.00",4/1/2026,3/31/2027
2095,PCUV 17 PLUS,1001,,113131,235/50R19 4SeasonDrive SUV TL 103W XL CE,"3,900.00",4/1/2026,3/31/2027
2095,PCUV 17 PLUS,1001,,113132,235/50R18 4SeasonDrive SUV TL 101V XL CE,"3,690.00",4/1/2026,3/31/2027
2095,PCUV 17 PLUS,1001,,113133,225/65R17 4SeasonDrive SUV TL 106H XL CE,"3,600.00",4/1/2026,3/31/2027
2100,UV Rad Tyres,1001,,113134,225/65R16C EnduraDrive A/S TL 112/110T C,"5,333.00",4/1/2026,3/31/2027
2095,PCUV 17 PLUS,1001,,113135,225/60R17 4SeasonDrive SUV TL 103V XL CE,"3,540.00",4/1/2026,3/31/2027
2100,UV Rad Tyres,1001,,113136,215/70R15C EnduraDrive A/S TL 109/107T C,"4,889.00",4/1/2026,3/31/2027
2095,PCUV 17 PLUS,1001,,113137,215/65R17 4SeasonDrive SUV TL 103H XL CE,"3,450.00",4/1/2026,3/31/2027
2095,PCUV 17 PLUS,1001,,113138,215/50R18 4SeasonDrive SUV TL 92W CEAT,"3,390.00",4/1/2026,3/31/2027
2100,UV Rad Tyres,1001,,113139,205/65R16C EnduraDrive A/S TL 107/105T C,"10,000.00",4/1/2026,3/31/2027
2015,Truck Rad Tyres,1001,,113140,295/75R22.5 WINMILE-T 146/143L TL 16PR,"29,000.00",4/1/2026,3/31/2027
2015,Truck Rad Tyres,1001,,113141,295/75R22.5 WINMILE-D CS146/143L TL16PR ,"30,000.00",4/1/2026,3/31/2027
2015,Truck Rad Tyres,1001,,113142,295/75R22.5 WINMILE-D OS 146/143L TL16PR,"30,000.00",4/1/2026,3/31/2027
2015,Truck Rad Tyres,1001,,113143,295/75R22.5 WINMILE-S 146/143L TL 16PR,"29,000.00",4/1/2026,3/31/2027
2015,Truck Rad Tyres,1001,,113144,11R22.5 WINMILE-T 146/143L TL 16PR,"31,000.00",4/1/2026,3/31/2027
2015,Truck Rad Tyres,1001,,113145,11R22.5 WINMILE-D CS 146/143L TL 16PR,"32,000.00",4/1/2026,3/31/2027
2015,Truck Rad Tyres,1001,,113146,11R22.5 WINMILE-D OS 146/143L TL 16PR,"18,639.00",4/1/2026,3/31/2027
2015,Truck Rad Tyres,1001,,113147,11R22.5 WINMILE-S 146/143L TL 16PR,"31,000.00",4/1/2026,3/31/2027
2120,MOTORCYCLE TT TYRE,1001,,113148,110/90-17 60P Gripp XL TT ADLA,"1,537.00",4/1/2026,3/31/2027
2120,MOTORCYCLE TT TYRE,1001,,113149,90/90-19 52P Gripp XL F TT ADLA,"1,335.00",4/1/2026,3/31/2027
2126,Motorcycle Premium B,1001,,113152,120/80-18 62S Gripp XL TT ACYB,"2,121.00",4/1/2026,3/31/2027
2126,Motorcycle Premium B,1001,,113153,90/90-21 54S Gripp XL F TT ACYB,"1,818.00",4/1/2026,3/31/2027
2112,Scooter TL Tyres,1001,,113154,3.00-10 ENERGY RIDE EV 42J TL,779.00,5/1/2026,3/31/2027
2112,Scooter TL Tyres,1001,,113155,90/100-10 ENERGY RIDE EV 53J TL,921.00,5/1/2026,3/31/2027
2015,Truck Rad Tyres,1001,,113157,315/80R22.5 XCEED XB211 18PR,"21,000.00",4/1/2026,3/31/2027
2015,Truck Rad Tyres,1001,,113158,385/65R22.5 XCEED XB251 18PR,"18,000.00",4/1/2026,3/31/2027
2015,Truck Rad Tyres,1001,,113159,12.00R24 XCEED XB223 20PR,"28,400.00",4/1/2026,3/31/2027
2155,Farmax Rear,1001,,113164,14.9-24 FARMAX R1 10PR TT,"15,857.00",4/1/2026,3/31/2027
2090,Car Rad Tyres,1001,,113165,205/60R16 4SeasonDrive+ TL 96V XL CEAT,"5,000.00",4/1/2026,3/31/2027
2090,Car Rad Tyres,1001,,113166,165/70R14 4SeasonDrive+ TL 81T CEAT,"10,000.00",4/1/2026,3/31/2027
2090,Car Rad Tyres,1001,,113167,165/65R14 4SeasonDrive+ TL 79T CEAT,"7,000.00",4/1/2026,3/31/2027
2090,Car Rad Tyres,1001,,113168,155/80R13 4SeasonDrive+ TL 79T CEAT,"5,000.00",4/1/2026,3/31/2027
2090,Car Rad Tyres,1001,,113169,155/70R13 4SeasonDrive+ TL 75T CEAT,"4,000.00",4/1/2026,3/31/2027
2090,Car Rad Tyres,1001,,113170,155/65R14 4SeasonDrive+ TL 75T CEAT,"7,000.00",4/1/2026,3/31/2027
2095,PCUV 17 PLUS,1001,,113171,225/50R17 4SeasonDrive+ TL 98V XL CEAT,"12,000.00",4/1/2026,3/31/2027
2095,PCUV 17 PLUS,1001,,113172,225/45R17 4SeasonDrive+ TL 94V XL CEAT,"8,000.00",4/1/2026,3/31/2027
2095,PCUV 17 PLUS,1001,,113173,215/65R17 4SeasonDrive+ TL 103V XL CEAT,"10,000.00",4/1/2026,3/31/2027
2090,Car Rad Tyres,1001,,113174,215/65R16 4SeasonDrive+ TL 102V XL CEAT,"8,000.00",4/1/2026,3/31/2027
2095,PCUV 17 PLUS,1001,,113175,215/60R17 4SeasonDrive+ TL 100V XL CEAT,"10,000.00",4/1/2026,3/31/2027
2090,Car Rad Tyres,1001,,113176,215/60R16 4SeasonDrive+ TL 99V XL CEAT,"8,000.00",4/1/2026,3/31/2027
2095,PCUV 17 PLUS,1001,,113177,215/55R17 4SeasonDrive+ TL 98V XL CEAT,"10,000.00",4/1/2026,3/31/2027
2090,Car Rad Tyres,1001,,113178,215/55R16 4SeasonDrive+ TL 97V XL CEAT,"10,000.00",4/1/2026,3/31/2027
2095,PCUV 17 PLUS,1001,,113179,215/50R17 4SeasonDrive+ TL 95V XL CEAT,"8,000.00",4/1/2026,3/31/2027
2095,PCUV 17 PLUS,1001,,113180,215/45R17 4SeasonDrive+ TL 91V XL CEAT,"10,000.00",4/1/2026,3/31/2027
2090,Car Rad Tyres,1001,,113181,215/45R16 4SeasonDrive+ TL 90V XL CEAT,"10,000.00",4/1/2026,3/31/2027
2090,Car Rad Tyres,1001,,113182,195/65R15 4SeasonDrive+ TL 91V CEAT,"8,000.00",4/1/2026,3/31/2027
2095,PCUV 17 PLUS,1001,,113183,205/55R17 4SeasonDrive+ TL 95V XL CEAT,"8,000.00",4/1/2026,3/31/2027
2090,Car Rad Tyres,1001,,113184,205/55R16 4SeasonDrive+ TL 94V XL CEAT,"8,000.00",4/1/2026,3/31/2027
2095,PCUV 17 PLUS,1001,,113185,205/50R17 4SeasonDrive+ TL 93V XL CEAT,"10,000.00",4/1/2026,3/31/2027
2090,Car Rad Tyres,1001,,113186,195/60R15 4SeasonDrive+ TL 92V XL CEAT,"8,000.00",4/1/2026,3/31/2027
2090,Car Rad Tyres,1001,,113187,175/65R14 4SeasonDrive+ TL 82T CEAT,"5,000.00",4/1/2026,3/31/2027
2090,Car Rad Tyres,1001,,113188,185/65R15 4SeasonDrive+ TL 88H CEAT,"8,000.00",4/1/2026,3/31/2027
2090,Car Rad Tyres,1001,,113189,185/65R14 4SeasonDrive+ TL 86H CEAT,"5,000.00",4/1/2026,3/31/2027
2090,Car Rad Tyres,1001,,113190,185/60R15 4SeasonDrive+ TL 88H XL CEAT,"8,000.00",4/1/2026,3/31/2027
2090,Car Rad Tyres,1001,,113191,185/60R14 4SeasonDrive+ TL 86H XL CEAT,"10,000.00",4/1/2026,3/31/2027
2090,Car Rad Tyres,1001,,113192,185/55R15 4SeasonDrive+ TL 86V XL CEAT,"7,000.00",4/1/2026,3/31/2027
2090,Car Rad Tyres,1001,,113193,175/70R14 4SeasonDrive+ TL 88T XL CEAT,"10,000.00",4/1/2026,3/31/2027
2090,Car Rad Tyres,1001,,113194,175/65R15 4SeasonDrive+ TL 88H XL CEAT,"10,000.00",4/1/2026,3/31/2027
2090,Car Rad Tyres,1001,,113195,175/65R15 4SeasonDrive+ TL 84T CEAT,"10,000.00",4/1/2026,3/31/2027
2090,Car Rad Tyres,1001,,113196,195/55R16 4SeasonDrive+ TL 91V XL CEAT,"8,000.00",4/1/2026,3/31/2027
2090,Car Rad Tyres,1001,,113197,195/55R15 4SeasonDrive+ TL 89V XL CEAT,"8,000.00",4/1/2026,3/31/2027
2090,Car Rad Tyres,1001,,113198,195/50R15 4SeasonDrive+ TL 86V XL CEAT,"8,000.00",4/1/2026,3/31/2027
2095,PCUV 17 PLUS,1001,,113199,255/35R19 SportDrive TL 96Y XL CEAT,"10,725.00",4/1/2026,3/31/2027
2150,Tractor Rear,1001,,113200,8-18 AAYUSHMAAN 6PR TT,"4,898.72",4/1/2026,3/31/2027
2112,Scooter TL Tyres,1001,,113201,140/60-14 GRIPP XL 64P TL,"1,262.00",4/1/2026,3/31/2027
2112,Scooter TL Tyres,1001,,113202,120/70-14 GRIPP XL F 55P TL,"1,868.00",4/1/2026,3/31/2027
2090,Car Rad Tyres,1001,,113203,175/60R15 SecuraDrive SD004 TL 81H TML,"3,705.00",5/1/2026,3/31/2027
2090,Car Rad Tyres,1001,,113204,175/65R14 SecuraDrive SD004 TL 86T XL,"3,826.00",5/1/2026,3/31/2027
2112,Scooter TL Tyres,1001,,113205,90/100-10 ZOOM PLUS Y HONDA J1FZ 53J TL,940.00,4/1/2026,3/31/2027
2112,Scooter TL Tyres,1001,,113206,90/90-12 ZOOM PLUS Y HONDA J1FZ 54J TL,896.00,4/1/2026,3/31/2027
2112,Scooter TL Tyres,1001,,113207,110/80-12 ENERGY RIDE EV HONDA K4BA 61L,"1,258.00",4/1/2026,3/31/2027
2126,Motorcycle Premium B,1001,,113216,90/90-19 Energy Ride EV RENIF 58P TL RE,"1,607.00",4/1/2026,3/31/2027
2126,Motorcycle Premium B,1001,,113217,90/90-19 Energy Ride EV F 52P TL RE L1A,"1,535.00",4/1/2026,3/31/2027
2165,Farm Implement,1001,,113218,13.50-15FI FARM IMPLEMENT I-1 F TL,"7,431.97",4/1/2026,3/31/2027
2126,Motorcycle Premium B,1001,,113219,130/80-17 Gripp XL 65H TL,"1,499.00",4/1/2026,3/31/2027
2122,MOTORCYCLE TL TYRE,1001,,113220,100/90-18 Gripp XL F 56H TL,"1,171.00",5/1/2026,3/31/2027
2010,Truck Bias Tyres,1001,,113231,10.00-20 LYFMAX X3-R TT 16PR,"14,300.00",4/21/2026,3/31/2027
2010,Truck Bias Tyres,1001,,113232,10.00-20 LYFMAX X3-D TT 16PR,"15,218.00",4/21/2026,3/31/2027
2240,MPT,1001,,113233,405/70-20 MPT 602 20PR TL,"16,204.71",4/1/2026,3/31/2027
2250,BHL,1001,,113235,12.5/80-18 TYROCK 18PR TL,"9,969.52",4/1/2026,3/31/2027
2280,Grader,1001,,113237,17.5-25 GRADER XL 24PR TL,"27,438.89",4/1/2026,3/31/2027
2122,MOTORCYCLE TL TYRE,1001,,113239,80/100-18 SecuraLYFE TL 54P,"1,291.00",5/1/2026,3/31/2027
2010,Truck Bias Tyres,1001,,113246,295/95D20 LYFMAX X3-D  TT,"15,415.00",4/21/2026,3/31/2027
2010,Truck Bias Tyres,1001,,113247,295/95D20 LYFMAX X3-R  TT,"14,339.00",4/21/2026,3/31/2027
2095,PCUV 17 PLUS,1001,,113256,225/40R18 SportDrive TL 92Y XL DOM,"9,280.00",4/1/2026,3/31/2027
2095,PCUV 17 PLUS,1001,,113257,245/45R19 SportDrive TL 102Y XL DOM,"11,094.00",4/1/2026,3/31/2027
2090,Car Rad Tyres,1001,,113258,205/55R16 4SeasonDrive X5 TL 94V XL CEAT,"7,000.00",4/1/2026,3/31/2027
2530,LCV Rad Tubes,1001,,113259,TUBE 7.00R16 LOOSE BR SV-TR15,448.00,4/1/2026,3/31/2027
2045,Light Truck Steel,1001,,113260,7.00R16 LT WINMILE X3 R 14PR TT,"8,268.00",4/21/2026,3/31/2027
2127,Motorcycle Steel RAD,1001,,113262,130/70R18 TBD STEEL TL 63H,"2,700.00",4/1/2026,3/31/2027
2126,Motorcycle Premium B,1001,,113263,140/70-17 GRIPP X5 TL 66H,"2,236.00",5/1/2026,3/31/2027
2126,Motorcycle Premium B,1001,,113264,120/80-17 GRIPP X5 TL 61P,"1,996.00",4/1/2026,3/31/2027
2126,Motorcycle Premium B,1001,,113265,100/90-18 GRIPP X5 TL 56P,"1,590.00",5/1/2026,3/31/2027
2126,Motorcycle Premium B,1001,,113266,100/90-17 GRIPP X5 TL 55P,"1,544.00",5/1/2026,3/31/2027
2122,MOTORCYCLE TL TYRE,1001,,113267,80/100-18 GRIPP X5 TL 54P,"1,317.00",5/1/2026,3/31/2027
2120,MOTORCYCLE TT TYRE,1001,,113268,3.00-17 GRIPP X5 TT 50P,"1,121.00",5/1/2026,3/31/2027
2120,MOTORCYCLE TT TYRE,1001,,113269,2.75-18 GRIPP X5 TT 48P,"1,063.00",5/1/2026,3/31/2027
2297,Flotation Radial,1001,,113272,710/50R30.5 FLOATMAX FT 173D TL SB,"42,366.60",4/1/2026,3/31/2027
2297,Flotation Radial,1001,,113273,750/45R26.5 FLOATMAX FT 170D TL SB,"38,079.11",4/1/2026,3/31/2027
2297,Flotation Radial,1001,,113274,750/60R30.5 FLOATMAX FT 181D TL SB,"62,038.00",4/1/2026,3/31/2027
2297,Flotation Radial,1001,,113275,800/45R26.5 FLOATMAX FT 174D TL SB,"41,625.36",4/1/2026,3/31/2027
2297,Flotation Radial,1001,,113276,800/60R32 FLOATMAX FT 185D TL SB,"68,604.30",4/1/2026,3/31/2027
2297,Flotation Radial,1001,,113277,850/50R30.5 FLOATMAX FT 182D TL SB,"57,468.47",4/1/2026,3/31/2027
2095,PCUV 17 PLUS,1001,,113278,215/55R17 Securadrive SD004 TL 94V MM,"5,906.00",5/1/2026,3/31/2027
2095,PCUV 17 PLUS,1001,,113279,255/60R19 CrossDrive AT TL 109H MM,"10,570.00",5/1/2026,3/31/2027
2260,Forklift,1001,,113280,6.50-10 NHS ELEVETA X3 12PR TT,"2,697.62",4/1/2026,3/31/2027
2260,Forklift,1001,,113281,7.00-12 NHS ELEVETA X3 12PR TT,"3,758.00",4/1/2026,3/31/2027
2140,Tractor Front,1001,,113282,5.00-12 AAYUSHMAAN X3 4PR  TT,"2,046.24",4/1/2026,3/31/2027
2015,Truck Rad Tyres,1001,,113286,295/60R22.5 Winmile D 150/147L 18PR,"29,000.00",4/1/2026,3/31/2027
2015,Truck Rad Tyres,1001,,113287,315/60R22.5 Winmile S 154/150L 20PR,"18,000.00",4/1/2026,3/31/2027
2015,Truck Rad Tyres,1001,,113288,385/65R22.5 Winmile S 164K 20PR,"26,611.00",4/1/2026,3/31/2027
2150,Tractor Rear,1001,,113289,16.9-28 PUDDLE XL 8PR TT,"19,040.84",4/1/2026,3/31/2027
2097,Altura PCUV,1001,,113293,195/65R15 Altura S100 TL 91H,"2,338.00",4/1/2026,3/31/2027
2045,Light Truck Steel,1001,,113294,7.00R16 LT WINMILE X3 R 14PR TT LV,"7,874.00",4/1/2026,3/31/2027
2155,Farmax Rear,1001,,113295,23.1-26 FARMAX TL 16PR ALT,"44,258.00",4/1/2026,3/31/2027
2155,Farmax Rear,1001,,113296,12.4-36 FARMAX TT 12 PR ALT,"12,895.61",4/1/2026,3/31/2027
2155,Farmax Rear,1001,,113298,23.1-30 FARMAX R1 12PR TL ALT,"39,283.36",4/1/2026,3/31/2027
2230,Flotation Bias,1001,,113302,500/45-22.5 T422 VALUE PRO TL 16PR ALT,"14,273.00",8/8/2023,8/15/2023
2155,Farmax Rear,1001,,113303,12.4-24 12PR FARMAX R1 TT ALT,"8,860.34",4/1/2026,3/31/2027
2230,Flotation Bias,1001,,113304,400/55-22.5 18PR T422 VALUE PRO TL ALT,"15,356.00",8/8/2023,8/15/2023
2090,Car Rad Tyres,1001,,113305,215/60R16 Energydrive TL 95H HYN AYEV,"4,800.00",4/1/2026,3/31/2027
2260,Forklift,1001,,113306,6.00-9 NHS ELEVETA X3 10PR TT,"2,261.95",4/1/2026,3/31/2027
2260,Forklift,1001,,113307,8.25-15 NHS ELEVETA X3 14PR TT,"6,679.19",4/1/2026,3/31/2027
2260,Forklift,1001,,113308,28X9-15(8.15-15) NHS ELEVETA X3 14PR TT,"4,582.50",4/1/2026,3/31/2027
2120,MOTORCYCLE TT TYRE,1001,,113310,3.00-18 GRIPP X5 TT 52P,"1,154.00",5/1/2026,3/31/2027
2972,FARM IMPLEMENT RADIA,1001,,113311,IF 280/70R15 HI-FLEX IMPLEMENT 137D TLSB,"6,834.15",4/1/2026,3/31/2027
2972,FARM IMPLEMENT RADIA,1001,,113312,IF 320/70R15 HI-FLEX IMPLEMENT 146D TLSB,"8,228.83",4/1/2026,3/31/2027
2297,Flotation Radial,1001,,113313,28LR26 FLOATMAX CARGO XL 176D TL SB,"41,348.76",4/1/2026,3/31/2027
2250,BHL,1001,,113314,43X16.00-20 TYROCK SUPER X3 4PR TL,"10,026.37",4/1/2026,3/31/2027
2250,BHL,1001,,113316,18.4-28 TYROCK SUPER X3 12PR TL,"22,014.81",4/1/2026,3/31/2027
2060,LM Rad Tyres,1001,,113317,145R12 WinMile X3-R TT,"2,238.00",4/1/2026,3/31/2027
2060,LM Rad Tyres,1001,,113318,155R13 WinMile X3-R TT,"3,055.00",4/1/2026,3/31/2027
2176,Tractor Radial,1001,,113322,280/85R24 FARMAX R85 TL 115D/118A8,"9,925.50",4/1/2026,3/31/2027
2176,Tractor Radial,1001,,113323,280/85R24 FARMAX R85 115D/118A8 TL CUT R,"9,154.40",4/1/2026,3/31/2027
2176,Tractor Radial,1001,,113324,320/85R24 FARMAX R85 TL 142D/145A8,"11,874.39",4/1/2026,3/31/2027
2176,Tractor Radial,1001,,113325,320/85R24 FARMAX R85 142D/145A8 TL CUT R,"13,927.92",4/1/2026,3/31/2027
2176,Tractor Radial,1001,,113326,320/85R24 FARMAX R85 TL 122D/125A8,"11,574.33",4/1/2026,3/31/2027
2176,Tractor Radial,1001,,113327,320/85R24 FARMAX R85 122D/125A8 TL CUT R,"12,704.87",4/1/2026,3/31/2027
2176,Tractor Radial,1001,,113328,620/70 R 42 FARMAX R70 173D/176A8 TL,"72,259.59",4/1/2026,3/31/2027
2176,Tractor Radial,1001,,113329,620/70R42 FARMAX R70 173D/176A8 TL CUT R,"60,774.42",4/1/2026,3/31/2027
2176,Tractor Radial,1001,,113330,620/70R42 FARMAX R70 166D/169A8 TL CUT R,"53,655.49",4/1/2026,3/31/2027
2176,Tractor Radial,1001,,113331,620/70 R 42 FARMAX R70 166D/169A8 TL,"54,762.95",4/1/2026,3/31/2027
2015,Truck Rad Tyres,1001,,113332,11.00R20 NEU 3,"23,272.00",4/1/2026,3/31/2027
2176,Tractor Radial,1001,,113333,280/70 R 16 FARMAX R70  112D/115A8 TL,"5,520.73",4/1/2026,3/31/2027
2176,Tractor Radial,1001,,113334,280/70 R 16 FARMAX R70  112D/115A8 TL CU,"5,582.50",4/1/2026,3/31/2027
2176,Tractor Radial,1001,,113335,200/70 R 16 FARMAX R70 94D/97A8 TL,"3,333.14",4/1/2026,3/31/2027
2176,Tractor Radial,1001,,113336,200/70 R 16 FARMAX R70 94D/97A8 TL CUT R,"3,387.28",4/1/2026,3/31/2027
2176,Tractor Radial,1001,,113337,400/75R38 138D/141A8 FARMAX R75 TL,"24,381.63",4/1/2026,3/31/2027
2090,Car Rad Tyres,1001,,113338,185/70R14 SecuraDrive TL 88H,"3,957.00",4/1/2026,3/31/2027
2095,PCUV 17 PLUS,1001,,113339,225/60R17 SecuraDrive SUV TL 99H,"6,494.00",4/1/2026,3/31/2027
2176,Tractor Radial,1001,,113340,460/85R38 FARMAX R85 TL 167D/170A8,"38,642.84",4/1/2026,3/31/2027
2176,Tractor Radial,1001,,113341,460/85R38 FARMAX R85 167D/170A8 CUT RES,"39,788.75",4/1/2026,3/31/2027
2176,Tractor Radial,1001,,113342,460/85R34 FARMAX R85 TL 157D/160A8,"34,040.79",4/1/2026,3/31/2027
2176,Tractor Radial,1001,,113343,460/85R34 FARMAX R85 157D/160A8 TL CUT R,"34,440.27",4/1/2026,3/31/2027
2176,Tractor Radial,1001,,113344,300/70R20 FARMAX R70 TL 120D/123A8,"8,630.79",4/1/2026,3/31/2027
2176,Tractor Radial,1001,,113345,300/70R20 FARMAX R70 120D/123A8 TL CUT R,"8,270.08",4/1/2026,3/31/2027
2176,Tractor Radial,1001,,113346,380/85R34 FARMAX R85 TL 137D/140A8,"20,531.33",4/1/2026,3/31/2027
2176,Tractor Radial,1001,,113347,380/85R34 FARMAX R85 137D/140A8 TL CUT R,"22,778.45",4/1/2026,3/31/2027
2176,Tractor Radial,1001,,113348,480/70 R 34 FARMAX R70 155D/158A8 TL,"32,877.53",4/1/2026,3/31/2027
2176,Tractor Radial,1001,,113349,480/70R34 FARMAX R70 155D/158A8 TL CUT R,"32,889.86",4/1/2026,3/31/2027
2176,Tractor Radial,1001,,113350,520/85R42 FARMAX R85 TL 157D/160A8,"49,511.01",4/1/2026,3/31/2027
2176,Tractor Radial,1001,,113351,520/85R42 FARMAX R85 157D/160A8 TL CUT R,"49,376.96",4/1/2026,3/31/2027
2176,Tractor Radial,1001,,113352,520/70 R 34 FARMAX R70 168D/171A8 TL,"48,945.00",4/1/2026,3/31/2027
2176,Tractor Radial,1001,,113353,520/70 R 34 FARMAX R70 168D/171A8 TL CUT,"42,376.13",4/1/2026,3/31/2027
2176,Tractor Radial,1001,,113354,480/70 R 28 FARMAX R70 TL 151D/154A8,"28,772.33",4/1/2026,3/31/2027
2176,Tractor Radial,1001,,113355,480/70R28 FARMAX R70 151D/154A8 TL CUT R,"28,783.48",4/1/2026,3/31/2027
2176,Tractor Radial,1001,,113356,480/70R38 FARMAX R70 TL 145D/148A8,"28,103.68",4/1/2026,3/31/2027
2176,Tractor Radial,1001,,113357,480/70R38 FARMAX R70 145D/148A8 TL CUT R,"33,450.12",4/1/2026,3/31/2027
2176,Tractor Radial,1001,,113358,520/70R30 FARMAX R70 TL 145D/148A8,"33,139.29",4/1/2026,3/31/2027
2176,Tractor Radial,1001,,113359,520/70R30 FARMAX R70 145D/148A8 TL CUT R,"32,192.20",4/1/2026,3/31/2027
2176,Tractor Radial,1001,,113366,600/70 R 28 FARMAX R70 161D/164A8 TL,"40,191.67",4/1/2026,3/31/2027
2176,Tractor Radial,1001,,113367,600/70R28 FARMAX R70 161D/164A8 TL CUT R,"38,842.39",4/1/2026,3/31/2027
2176,Tractor Radial,1001,,113368,600/70R30 FARMAX R70 TL 152D/155A8,"39,674.62",4/1/2026,3/31/2027
2176,Tractor Radial,1001,,113369,600/70R30 FARMAX R70 152D/155A8 TL CUT R,"38,294.94",4/1/2026,3/31/2027
2176,Tractor Radial,1001,,113370,710/70R38 FARMAX R70 TL 172D/175A8,"69,164.91",4/1/2026,3/31/2027
2176,Tractor Radial,1001,,113371,710/70R38 FARMAX R70 172D/175A8 TL CUT R,"87,491.47",4/1/2026,3/31/2027
2176,Tractor Radial,1001,,113372,580/70R38 FARMAX R70 TL 155D/158A8,"47,762.17",4/1/2026,3/31/2027
2176,Tractor Radial,1001,,113373,580/70R38 FARMAX R70 155D/158A8 TL CUT R,"49,776.20",4/1/2026,3/31/2027
2176,Tractor Radial,1001,,113374,420/85R34 FARMAX R85 TL 147D/150A8,"29,547.69",4/1/2026,3/31/2027
2176,Tractor Radial,1001,,113375,420/85R34 FARMAX R85 147D/150A8 TL CUT R,"29,558.48",4/1/2026,3/31/2027
2176,Tractor Radial,1001,,113376,460/85R38 FARMAX R85 153D/156A8 TL CUT R,"44,433.00",4/1/2026,3/31/2027
2176,Tractor Radial,1001,,113377,460/85R38 FARMAX R85 153D/156A8 TL,"34,867.68",4/1/2026,3/31/2027
2176,Tractor Radial,1001,,113378,460/85R38 FARMAX R85 TL 149D/152A8,"31,090.80",4/1/2026,3/31/2027
2176,Tractor Radial,1001,,113379,460/85R38 FARMAX R85 149D/152A8 TL CUT R,"34,914.12",4/1/2026,3/31/2027
2176,Tractor Radial,1001,,113380,580/70 R 38 FARMAX R70 170D/173A8 TL CUT,"48,191.00",4/1/2026,3/31/2027
2176,Tractor Radial,1001,,113381,580/70 R 38 FARMAX R70  170D/173A8 TL,"63,510.25",4/1/2026,3/31/2027
2176,Tractor Radial,1001,,113382,580/70 R 38 FARMAX R70  180D/183A8 TL CU,"51,438.36",4/1/2026,3/31/2027
2176,Tractor Radial,1001,,113383,580/70 R 38 FARMAX R70  180D/183A8 TL,"52,459.17",4/1/2026,3/31/2027
2095,PCUV 17 PLUS,1001,,113384,215/55R18 SecureDrive SUV AS TL 95H CEAT,"7,420.00",4/1/2026,3/31/2027
2100,UV Rad Tyres,1001,,113385,215/65R16 SecureDrive SUV AS TL 98H CEAT,"6,380.00",4/1/2026,3/31/2027
2095,PCUV 17 PLUS,1001,,113386,215/65R17 SecureDrive SUV AS TL 103H CEA,"12,000.00",4/1/2026,3/31/2027
2095,PCUV 17 PLUS,1001,,113387,225/55R18 SecureDrive SUV AS TL 98H CEAT,"13,650.00",4/1/2026,3/31/2027
2095,PCUV 17 PLUS,1001,,113388,225/60R17 SecureDrive SUV AS TL 99H CEAT,"6,220.00",4/1/2026,3/31/2027
2095,PCUV 17 PLUS,1001,,113389,225/60R18 SecureDrive SUV AS TL 100H CEA,"13,650.00",4/1/2026,3/31/2027
2095,PCUV 17 PLUS,1001,,113390,235/50R19 SecureDrive SUV AS TL 103H CEA,"14,625.00",4/1/2026,3/31/2027
2095,PCUV 17 PLUS,1001,,113391,235/55R17 SecureDrive SUV AS TL 99H CEAT,"11,700.00",4/1/2026,3/31/2027
2095,PCUV 17 PLUS,1001,,113392,235/55R18 SecureDrive SUV AS TL 100H CEA,"13,650.00",4/1/2026,3/31/2027
2095,PCUV 17 PLUS,1001,,113393,235/55R19 SecureDrive SUV AS TL 105H CEA,"14,625.00",4/1/2026,3/31/2027
2095,PCUV 17 PLUS,1001,,113394,235/60R18 SecureDrive SUV AS TL 107H CEA,"8,300.00",4/1/2026,3/31/2027
2095,PCUV 17 PLUS,1001,,113395,235/65R17 SecureDrive SUV AS TL 104H CEA,"7,450.00",4/1/2026,3/31/2027
2095,PCUV 17 PLUS,1001,,113396,235/65R18 SecureDrive SUV AS TL 106H CEA,"14,200.00",4/1/2026,3/31/2027
2176,Tractor Radial,1001,,113399,460/85R34 FARMAX R85 TL 147D/150A8,"32,501.75",4/1/2026,3/31/2027
2176,Tractor Radial,1001,,113400,460/85R34 FARMAX R85 147D/150A8 TL CUT R,"29,591.19",4/1/2026,3/31/2027
2176,Tractor Radial,1001,,113402,300/70R20 FARMAX R70 110D/113A8 TL CUT R,"47,002.00",4/1/2026,3/31/2027
2176,Tractor Radial,1001,,113403,480/70R34 FARMAX R70 TL 143D/146A8,"25,603.56",4/1/2026,3/31/2027
2176,Tractor Radial,1001,,113404,480/70R34 FARMAX R70 143D/146A8 TL CUT R,"30,683.41",4/1/2026,3/31/2027
2176,Tractor Radial,1001,,113405,480/70R34 FARMAX R70 TL 149D/152A8,"32,877.53",4/1/2026,3/31/2027
2176,Tractor Radial,1001,,113407,480/70R34 FARMAX R70 149D/152A8 TL CUT R,"31,508.98",4/1/2026,3/31/2027
2176,Tractor Radial,1001,,113408,520/70R34 FARMAX R70 TL 148D/151A8,"37,974.25",4/1/2026,3/31/2027
2176,Tractor Radial,1001,,113409,520/70R34 FARMAX R70 148D/151A8 TL CUT R,"37,424.91",4/1/2026,3/31/2027
2176,Tractor Radial,1001,,113410,480/70R28 FARMAX R70 TL 140D/143A8,"26,772.98",4/1/2026,3/31/2027
2176,Tractor Radial,1001,,113411,480/70R28 FARMAX R70 140D/143A8 TL CUT R,"26,740.35",4/1/2026,3/31/2027
2090,Car Rad Tyres,1001,,113412,185/65R15 SecureDrive AS TL 88H CEAT,"3,885.00",4/1/2026,3/31/2027
2090,Car Rad Tyres,1001,,113413,195/65R15 SecureDrive AS TL 91H CEAT,"4,405.00",4/1/2026,3/31/2027
2090,Car Rad Tyres,1001,,113414,205/55R16 SecureDrive AS TL 91H CEAT,"5,240.00",4/1/2026,3/31/2027
2176,Tractor Radial,1001,,113415,380/85R30 FARMAX R85 TL 135D/138A8,"18,433.25",4/1/2026,3/31/2027
2176,Tractor Radial,1001,,113416,380/85R30 FARMAX R85 135D/138A8 TL CUT R,"20,369.10",4/1/2026,3/31/2027
2176,Tractor Radial,1001,,113417,280/85R28 FARMAX R85 TL 118D/121A8,"11,287.13",4/1/2026,3/31/2027
2090,Car Rad Tyres,1001,,113418,205/60R16 SecureDrive AS TL 92H CEAT,"5,330.00",4/1/2026,3/31/2027
2176,Tractor Radial,1001,,113419,280/85R28 FARMAX R85 118D/121A8 TL CUT R,"11,291.41",4/1/2026,3/31/2027
2176,Tractor Radial,1001,,113420,420/85R24 FARMAX R85 TL 137D/140A8,"18,420.56",4/1/2026,3/31/2027
2176,Tractor Radial,1001,,113421,420/85R24 FARMAX R85 137D/140A8 TL CUT R,"21,939.70",4/1/2026,3/31/2027
2176,Tractor Radial,1001,,113422,420/85R30 FARMAX R85 TL 147D/150A8,"32,968.01",4/1/2026,3/31/2027
2176,Tractor Radial,1001,,113423,420/85R30 FARMAX R85 147D/150A8 TL CUT R,"27,347.15",4/1/2026,3/31/2027
2176,Tractor Radial,1001,,113424,280/85R20 FARMAX R85 TL 112D/115A8,"8,399.82",4/1/2026,3/31/2027
2176,Tractor Radial,1001,,113425,280/85R20 FARMAX R85 112D/115A8 TL CUT R,"7,980.60",4/1/2026,3/31/2027
2090,Car Rad Tyres,1001,,113426,205/65R16 SecureDrive AS TL 95H CEAT,"4,745.00",4/1/2026,3/31/2027
2095,PCUV 17 PLUS,1001,,113427,215/45R17 SecureDrive AS TL 91H CEAT,"12,000.00",4/1/2026,3/31/2027
2095,PCUV 17 PLUS,1001,,113428,215/50R17 SecureDrive AS TL 95H CEAT,"5,760.00",4/1/2026,3/31/2027
2090,Car Rad Tyres,1001,,113429,215/55R16 SecureDrive AS TL 97H CEAT,"6,270.00",4/1/2026,3/31/2027
2090,Car Rad Tyres,1001,,113430,215/60R16 SecureDrive AS TL 95H CEAT,"4,825.00",4/1/2026,3/31/2027
2095,PCUV 17 PLUS,1001,,113431,225/45R17 SecureDrive AS TL 94H CEAT,"12,000.00",4/1/2026,3/31/2027
2095,PCUV 17 PLUS,1001,,113432,225/50R17 SecureDrive AS TL 98H CEAT,"11,700.00",4/1/2026,3/31/2027
2095,PCUV 17 PLUS,1001,,113433,225/55R17 SecureDrive AS TL 101H CEAT,"11,700.00",4/1/2026,3/31/2027
2095,PCUV 17 PLUS,1001,,113434,235/40R19 SecureDrive AS TL 96V CEAT,"11,700.00",4/1/2026,3/31/2027
2095,PCUV 17 PLUS,1001,,113435,235/45R18 SecureDrive AS TL 98H CEAT,"11,700.00",4/1/2026,3/31/2027
2095,PCUV 17 PLUS,1001,,113436,235/50R18 SecureDrive AS TL 97H CEAT,"11,700.00",4/1/2026,3/31/2027
2176,Tractor Radial,1001,,113437,250/85R24 FARMAX R85 TL 109D/112A8,"8,576.88",4/1/2026,3/31/2027
2176,Tractor Radial,1001,,113438,250/85R24 FARMAX R85 109D/112A8 TL CUT R,"8,653.57",4/1/2026,3/31/2027
2176,Tractor Radial,1001,,113439,460/85R30 FARMAX R85 TL 145D/148A8,"29,655.62",4/1/2026,3/31/2027
2176,Tractor Radial,1001,,113440,460/85R30 FARMAX R85 145D/148A8 TL CUT R,"27,359.04",4/1/2026,3/31/2027
2176,Tractor Radial,1001,,113441,420/85R38 FARMAX R85 TL 144D/147A8,"30,093.40",4/1/2026,3/31/2027
2176,Tractor Radial,1001,,113442,420/85R38 FARMAX R85 144D/147A8 TL CUT R,"30,104.50",4/1/2026,3/31/2027
2176,Tractor Radial,1001,,113443,320/85R20 FARMAX R85 TL 119D/122A8,"10,946.73",4/1/2026,3/31/2027
2176,Tractor Radial,1001,,113444,320/85R20 FARMAX R85 119D/122A8TL CUT RE,"10,078.27",4/1/2026,3/31/2027
2176,Tractor Radial,1001,,113445,520/85R46 FARMAX R85 TL  174D/177A8,"55,592.44",4/1/2026,3/31/2027
2176,Tractor Radial,1001,,113446,520/85R46 FARMAX R85  174D/177A8 TL CUT,"58,177.82",4/1/2026,3/31/2027
2176,Tractor Radial,1001,,113447,520/85 R38 FARMAX R85 TL 169D/172A8,"45,027.79",4/1/2026,3/31/2027
2176,Tractor Radial,1001,,113448,520/85R38 FARMAX R85 169D/172A8 TL CUT R,"51,004.58",4/1/2026,3/31/2027
2176,Tractor Radial,1001,,113449,320/85 R 38 FARMAX R85 143D/146A8 TL,"19,955.67",4/1/2026,3/31/2027
2176,Tractor Radial,1001,,113450,320/85R38 FARMAX R85 143D/146A8 TL CUT R,"18,406.31",4/1/2026,3/31/2027
2176,Tractor Radial,1001,,113451,340/85R38 FARMAX R85 151D/154A8 TL CUT R,"21,587.64",4/1/2026,3/31/2027
2176,Tractor Radial,1001,,113452,340/85 R 38 FARMAX R85 151D/154A8 TL,"28,439.00",4/1/2026,3/31/2027
2176,Tractor Radial,1001,,113453,320/85R32 FARMAX R85 142D/145A8 TL CUT R,"15,555.84",4/1/2026,3/31/2027
2176,Tractor Radial,1001,,113454,320/85R32 FARMAX R85 TL 142D/145A8,"17,138.54",4/1/2026,3/31/2027
2176,Tractor Radial,1001,,113455,320/70R20 FARMAX R70 TL 123D/126A8,"10,875.01",4/1/2026,3/31/2027
2176,Tractor Radial,1001,,113456,320/70R20 FARMAX R70 123D/126A8 TL CUT R,"11,027.25",4/1/2026,3/31/2027
2176,Tractor Radial,1001,,113457,380/70R20 FARMAX R70 TL 132D/135A8,"17,450.74",4/1/2026,3/31/2027
2176,Tractor Radial,1001,,113458,380/70R20 FARMAX R70 132D/135A8 TL CUT R,"14,127.01",4/1/2026,3/31/2027
2176,Tractor Radial,1001,,113459,360/70R28 FARMAX R70 TL 125D/128A8,"16,244.64",4/1/2026,3/31/2027
2176,Tractor Radial,1001,,113460,360/70R28 FARMAX R70 125D/128A8 TL CUT R,"16,736.17",4/1/2026,3/31/2027
2176,Tractor Radial,1001,,113461,320/70R28 FARMAX R70 TL 119D/122A8,"13,552.98",4/1/2026,3/31/2027
2176,Tractor Radial,1001,,113462,320/70R28 FARMAX R70 119D/122A8 TL CUT R,"12,493.09",4/1/2026,3/31/2027
2176,Tractor Radial,1001,,113463,360/70R24 FARMAX R70 TL 122D/125A8,"13,318.00",4/1/2026,3/31/2027
2176,Tractor Radial,1001,,113464,360/70R24 FARMAX R70 122D/125A8 TL CUT R,"14,863.28",4/1/2026,3/31/2027
2176,Tractor Radial,1001,,113465,480/70R30 FARMAX R70 TL 141D/144A8,"27,399.30",4/1/2026,3/31/2027
2176,Tractor Radial,1001,,113466,480/70R30 FARMAX R70 141D/144A8 TL CUT R,"26,460.60",4/1/2026,3/31/2027
2176,Tractor Radial,1001,,113467,380/70R28 FARMAX R70 TL 127D/130A8,"15,316.01",4/1/2026,3/31/2027
2176,Tractor Radial,1001,,113468,380/70R28 FARMAX R70 127D/130A8 TL CUT R,"17,841.41",4/1/2026,3/31/2027
2176,Tractor Radial,1001,,113469,360/70R20 FARMAX R70 TL 129D/132A8,"12,247.13",4/1/2026,3/31/2027
2176,Tractor Radial,1001,,113470,360/70R20 FARMAX R70 129D/132A8 TL CUT R,"13,211.67",4/1/2026,3/31/2027
2176,Tractor Radial,1001,,113471,480/70R24 FARMAX R70 TL 138D/141A8,"28,716.00",4/1/2026,3/31/2027
2176,Tractor Radial,1001,,113472,480/70R24 FARMAX R70 138D/141A8 TL CUT R,"23,966.47",4/1/2026,3/31/2027
2176,Tractor Radial,1001,,113473,320/85R28 FARMAX R85 TL 124D/127A8,"14,122.13",4/1/2026,3/31/2027
2122,MOTORCYCLE TL TYRE,1001,,113474,110/70-17 ZOOM XL F TT 54P,"1,148.00",4/1/2026,3/31/2027
2122,MOTORCYCLE TL TYRE,1001,,113475,140/70-17 ZOOM XL TT 66P,"2,341.00",4/1/2026,3/31/2027
2176,Tractor Radial,1001,,113476,420/70R30 FARMAX R70 134D/137A8 TL CUT R,"21,285.43",4/1/2026,3/31/2027
2176,Tractor Radial,1001,,113477,420/70R30 FARMAX R70 TL 134D/137A8,"21,808.13",4/1/2026,3/31/2027
2176,Tractor Radial,1001,,113478,320/70R24 FARMAX R70 116D/119A8 TL CUT R,"11,770.97",4/1/2026,3/31/2027
2176,Tractor Radial,1001,,113479,320/70R24 FARMAX R70 TL 116D/119A8,"11,698.60",4/1/2026,3/31/2027
2176,Tractor Radial,1001,,113480,320/85R28 FARMAX R85 124D/127A8 TL CUT R,"13,794.72",4/1/2026,3/31/2027
2176,Tractor Radial,1001,,113481,320/85R34 FARMAX R85 141D/144A8 TL CUT R,"18,543.12",4/1/2026,3/31/2027
2176,Tractor Radial,1001,,113482,320/85R34 FARMAX R85 TL 141D/144A8,"18,662.95",4/1/2026,3/31/2027
2120,MOTORCYCLE TT TYRE,1001,,113483,2.50-16 MILAZE X5 TT 41L,615.00,5/1/2026,3/31/2027
2122,MOTORCYCLE TL TYRE,1001,,113484,2.75-18 MILAZE X5 TL 48P,"1,108.00",5/1/2026,3/31/2027
2110,Scooter TT Tyres,1001,,113485,3.50-10 MILAZE X5 TT 51J,781.00,5/1/2026,3/31/2027
2110,Scooter TT Tyres,1001,,113486,90/100-10 MILAZE X5 TT 53J,754.00,4/1/2026,3/31/2027
2112,Scooter TL Tyres,1001,,113487,3.50-10 MILAZE X5 TL 51J SW,876.00,5/1/2026,3/31/2027
2112,Scooter TL Tyres,1001,,113488,90/100-10 MILAZE X5  TL 53J SW,808.00,5/1/2026,3/31/2027
2120,MOTORCYCLE TT TYRE,1001,,113489,3.00-18 MILAZE X5 TT 52P,"1,044.00",4/1/2026,3/31/2027
2112,Scooter TL Tyres,1001,,113490,90/90-12 MILAZE X5 TL 54J SW,954.00,5/1/2026,3/31/2027
2120,MOTORCYCLE TT TYRE,1001,,113491,2.75-18 MILAZE X5 TT 48P,"1,009.00",5/1/2026,3/31/2027
2120,MOTORCYCLE TT TYRE,1001,,113492,3.00-17 MILAZE X5 TT 50P,"1,072.00",5/1/2026,3/31/2027
2127,Motorcycle Steel RAD,1001,,113494,110/70ZR17 SPORTRAD TL 54W,"3,411.00",5/1/2026,3/31/2027
2127,Motorcycle Steel RAD,1001,,113496,150/60ZR17 SPORTRAD TL 66W,"4,387.00",5/1/2026,3/31/2027
2176,Tractor Radial,1001,,113497,340/85R36 FARMAX R85 TL 132D/135A8,"20,210.86",4/1/2026,3/31/2027
2176,Tractor Radial,1001,,113498,340/85R36 FARMAX R85 132D/135A8 TL CUT R,"18,592.67",4/1/2026,3/31/2027
2176,Tractor Radial,1001,,113499,280/70R20 FARMAX R70 TL 116D/119A8,"7,882.10",4/1/2026,3/31/2027
2176,Tractor Radial,1001,,113500,280/70R20 FARMAX R70 1116D/119A8 TL CUT,"6,932.26",4/1/2026,3/31/2027
2176,Tractor Radial,1001,,113501,260/70R20 FARMAX R70 TL 113D/115A8,"45,812.00",4/1/2026,3/31/2027
2176,Tractor Radial,1001,,113502,260/70R20 FARMAX R70 113D/115A8 TL CUT R,"5,733.35",4/1/2026,3/31/2027
2176,Tractor Radial,1001,,113503,320/85R36 FARMAX R85 TL 128D/131A8,"15,052.97",4/1/2026,3/31/2027
2176,Tractor Radial,1001,,113504,320/85R36 FARMAX R85 128D/131A8 TL CUT R,"16,769.82",4/1/2026,3/31/2027
2176,Tractor Radial,1001,,113505,250/8528 FARMAX R85 TL 112D/115A8,"11,513.83",4/1/2026,3/31/2027
2176,Tractor Radial,1001,,113506,250/85R28 FARMAX R85 112D/115A8 TL CUT R,"9,093.63",4/1/2026,3/31/2027
2176,Tractor Radial,1001,,113507,250/85 R 20 FARMAX R85 TL 116D/119A8,"6,806.66",4/1/2026,3/31/2027
2176,Tractor Radial,1001,,113508,250/85R20 FARMAX R85 116D/119A8 TL CUT R,"6,988.20",4/1/2026,3/31/2027
2176,Tractor Radial,1001,,113509,340/85R28 FARMAX R85 TL 127D/130A8,"16,331.40",4/1/2026,3/31/2027
2176,Tractor Radial,1001,,113510,340/85R28 FARMAX R85 127D/130A8 TL CUT R,"16,308.49",4/1/2026,3/31/2027
2176,Tractor Radial,1001,,113511,420/85R28 FARMAX R85 TL 139D/142A8,"20,428.59",4/1/2026,3/31/2027
2176,Tractor Radial,1001,,113512,420/85R28 FARMAX R85 139D/142A8 TL CUT R,"24,313.96",4/1/2026,3/31/2027
2176,Tractor Radial,1001,,113513,280/70 R 18 FARMAX R70  114D/117A8 TL,"6,001.00",4/1/2026,3/31/2027
2176,Tractor Radial,1001,,113514,280/70 R 18 FARMAX R70  114D/117A8 TL CU,"6,937.15",4/1/2026,3/31/2027
2176,Tractor Radial,1001,,113515,240/70 R 16 FARMAX R70 104D/107A8 TL,"4,835.90",4/1/2026,3/31/2027
2176,Tractor Radial,1001,,113516,240/70 R 16 FARMAX R70 104D/107A8 TL CUT,"4,722.49",4/1/2026,3/31/2027
2176,Tractor Radial,1001,,113517,260/70 R 16 FARMAX R70 109D/112A8 TL,"4,702.57",4/1/2026,3/31/2027
2176,Tractor Radial,1001,,113518,260/70 R 16 FARMAX R70 109D/112A8 TL CUT,"5,413.18",4/1/2026,3/31/2027
2176,Tractor Radial,1001,,113519,320/70R20 FARMAX R70 113D/116A8 TL CUT R,"10,473.83",4/1/2026,3/31/2027
2176,Tractor Radial,1001,,113520,380/70R20 FARMAX R70 TL 122D/125A8,"17,048.00",4/28/2025,9/30/2025
2176,Tractor Radial,1001,,113521,380/70R20 FARMAX R70 122D/125A8 TL CUT R,"13,575.80",4/1/2026,3/31/2027
2176,Tractor Radial,1001,,113522,520/85R46 FARMAX R85 TL 158D/161A8,"51,428.31",4/1/2026,3/31/2027
2176,Tractor Radial,1001,,113524,360/70R20 FARMAX R70 TL 120D/123A8,"15,411.81",4/1/2026,3/31/2027
2176,Tractor Radial,1001,,113525,360/70R20 FARMAX R70 120D/123A8 TL CUT R,"12,785.77",4/1/2026,3/31/2027
2176,Tractor Radial,1001,,113526,320/85R32 FARMAX R85 TL 126D/129A8,"15,449.99",4/1/2026,3/31/2027
2176,Tractor Radial,1001,,113527,320/85R32 FARMAX R85 126D/129A8B TL CUT,"15,179.63",4/1/2026,3/31/2027
2176,Tractor Radial,1001,,113528,320/85R32 FARMAX R85 145D/148A8 TL,"17,138.54",4/1/2026,3/31/2027
2176,Tractor Radial,1001,,113529,320/85R32 FARMAX R85 145D/148A8 TL CUT R,"15,796.69",4/1/2026,3/31/2027
2176,Tractor Radial,1001,,113530,340/85R38 FARMAX R85 TL 148D/151A8,"23,451.35",4/1/2026,3/31/2027
2176,Tractor Radial,1001,,113531,320/70R20 FARMAX R70 TL 113D/116A8,"9,645.88",4/1/2026,3/31/2027
2155,Farmax Rear,1001,,113533,18.4-38 FARMAX R1 12PR TL,"24,507.51",4/1/2026,3/31/2027
2155,Farmax Rear,1001,,113534,18.4-30 FARMAX R1 14PR TL,"21,052.96",4/1/2026,3/31/2027
2155,Farmax Rear,1001,,113535,14.9-30 FARMAX R1 8PR TL,"12,825.78",4/1/2026,3/31/2027
2155,Farmax Rear,1001,,113536,14.9-28 FARMAX R1 8PR TL,"13,428.82",4/1/2026,3/31/2027
2155,Farmax Rear,1001,,113537,16.9-30 FARMAX R1 10PR TL,"18,904.33",4/1/2026,3/31/2027
2155,Farmax Rear,1001,,113538,13.6-28 FARMAX R1 8PR TL,"14,317.00",4/1/2026,3/31/2027
2155,Farmax Rear,1001,,113539,11.2-24 FARMAX R1 10PR TL,"8,971.89",4/1/2026,3/31/2027
2155,Farmax Rear,1001,,113540,13.6-38 FARMAX R1 14PR TT,"16,121.99",4/1/2026,3/31/2027
2250,BHL,1001,,113541,440/80-24(16.9-24) TYRO SUPER X3 18PR TL,"20,263.21",4/1/2026,3/31/2027
2176,Tractor Radial,1001,,113542,340/85R38 FARMAX R85 148D/151A8 TL CUT R,"23,458.77",4/1/2026,3/31/2027
2176,Tractor Radial,1001,,113543,340/85R38 FARMAX R85 TL 133D/136A8,"25,267.80",4/1/2026,3/31/2027
2176,Tractor Radial,1001,,113544,340/85R38 FARMAX R85 133D/136A8 TL CUT R,"18,328.39",4/1/2026,3/31/2027
2176,Tractor Radial,1001,,113545,520/85R38 FARMAX R85 TL 155D/158A8,"40,457.83",4/1/2026,3/31/2027
2176,Tractor Radial,1001,,113546,520/85R38 FARMAX R85 155D/158A8 TL CUT R,"42,235.02",4/1/2026,3/31/2027
2165,Farm Implement,1001,,113547,9.5L-15FI HIGHWAY IMPLEMENT T422 D TL,"4,210.70",4/1/2026,3/31/2027
2165,Farm Implement,1001,,113548,11L-15FI  HIGHWAY IMPLEMENT T422 F TL,"5,234.47",4/1/2026,3/31/2027
2165,Farm Implement,1001,,113549,12.5L-15FI HIGHWAY IMPLEMENT T422 F TL,"6,125.06",4/1/2026,3/31/2027
2155,Farmax Rear,1001,,113550,18X8.50-10 TURF XL 4PR TL,"1,288.01",4/1/2026,3/31/2027
2155,Farmax Rear,1001,,113551,23X10.50-12 TURF XL 8PR TL,"2,484.94",4/1/2026,3/31/2027
2155,Farmax Rear,1001,,113552,26X12.00-12 TURF XL 8PR TL,"2,578.31",4/1/2026,3/31/2027
2155,Farmax Rear,1001,,113553,26X12.00-12 TURF XL 12PR TL,"3,301.13",4/1/2026,3/31/2027
2155,Farmax Rear,1001,,113554,7.50-16 FARMAX R-1 8PR TT,"3,451.24",4/1/2026,3/31/2027
2250,BHL,1001,,113555,18X8.50-10 TYROCK SUPER X3 4PR TL,"1,675.08",4/1/2026,3/31/2027
2250,BHL,1001,,113556,26X12.00-12 TYROCK SUPER X3 4PR TL,"3,871.36",4/1/2026,3/31/2027
2126,Motorcycle Premium B,1001,,113558,100/90-19 ZOOM PLUS F 57P TL J1D3,"1,657.00",5/1/2026,3/31/2027
2126,Motorcycle Premium B,1001,,113559,140/70-17 ZOOM PLUS 66P TL J1D3,"2,171.00",5/1/2026,3/31/2027
2165,Farm Implement,1001,,113560,400/60-15.5 FARM IMP AWI305 16PR TL,"7,302.44",4/1/2026,3/31/2027
2155,Farmax Rear,1001,,113561,26X12.00-12 TURF XL 4PR TL,"2,769.00",4/1/2026,3/31/2027
2155,Farmax Rear,1001,,113562,26X12.00-12 TURF XL 10PR TL,"3,325.35",4/1/2026,3/31/2027
2165,Farm Implement,1001,,113563,400/60-15.5 FARM IMP AWI305 14PR TL,"6,551.44",4/1/2026,3/31/2027
2090,Car Rad Tyres,1001,,113564,165/70R14 SecuraDrive TL 81T,"3,079.00",5/1/2026,3/31/2027
2127,Motorcycle Steel RAD,1001,,113566,140/80R17 GRIPP CRUZ RAD STEEL TL 69H,"3,488.00",4/1/2026,3/31/2027
2122,MOTORCYCLE TL TYRE,1001,,113567,100/90-19 GRIPP RE F TL 57H,"1,488.00",5/1/2026,3/31/2027
2126,Motorcycle Premium B,1001,,113568,100/90-19 GRIPP CRUZ F TL 57H,"1,433.00",4/1/2026,3/31/2027
2640,Tractor Rear Tubes,1001,,113570,TUBE 8.3-24 BR LOOSE,815.00,4/28/2025,9/30/2025
2640,Tractor Rear Tubes,1001,,113571,TUBE 8.3-20 BR LOOSE,650.00,4/1/2026,3/31/2027
2090,Car Rad Tyres,1001,,113573,165/80R14 Milaze X5 TL 85T,"3,037.00",4/1/2026,3/31/2027
2122,MOTORCYCLE TL TYRE,1001,,113575,80/90-19 EnergyRide EV TL 42P,"1,180.00",4/1/2026,3/31/2027
2122,MOTORCYCLE TL TYRE,1001,,113576,70/100-19 EnergyRide EV F TL 52P,"1,242.00",4/1/2026,3/31/2027
2127,Motorcycle Steel RAD,1001,,113577,110/80R19 CROSSRAD TL 59V,"5,879.00",5/1/2026,3/31/2027
2127,Motorcycle Steel RAD,1001,,113578,150/70R17 CROSSRAD TL 69V,"6,714.00",5/1/2026,3/31/2027
2015,Truck Rad Tyres,1001,,113579,11.00R20 NEU 4,"21,043.00",4/1/2026,3/31/2027
2127,Motorcycle Steel RAD,1001,,113580,110/80R19 CROSSRAD AT TL 59V,"3,570.00",4/1/2026,3/31/2027
2127,Motorcycle Steel RAD,1001,,113581,150/70R17 CROSSRAD AT TL 69V,"5,881.00",4/1/2026,3/31/2027
2125,MOTORCYCLE RAD TYRE,1001,,113582,140/70R18 TBD P5AB FR TL 67H,"4,200.00",4/1/2026,3/31/2027
2122,MOTORCYCLE TL TYRE,1001,,113583,100/90-19 TBD P5AB TL 57H,"1,900.00",4/1/2026,3/31/2027
2095,PCUV 17 PLUS,1001,,113585,235/55R18 SportDrive SUV TL 100V AUDI,"10,400.00",4/1/2026,3/31/2027
2095,PCUV 17 PLUS,1001,,113586,255/55R19 SportDrive SUV TL 111Y XL AUDI,"11,540.00",4/1/2026,3/31/2027
2095,PCUV 17 PLUS,1001,,113587,235/55R19 SportDrive SUV TL 101W AUDI,"10,388.00",4/1/2026,3/31/2027
2176,Tractor Radial,1001,,113589,600/70R34 FARMAX HPT 160D/163A8 TL,"43,114.18",4/1/2026,3/31/2027
2296,Row Crop Radial,1001,,113591,VF380/80R38 SPRAYMAX 167D TL SB,"28,835.66",4/1/2026,3/31/2027
2176,Tractor Radial,1001,,113592,VF710/60R42 NRO TORQUEMAX 173D TL SB,"64,436.43",4/1/2026,3/31/2027
2095,PCUV 17 PLUS,1001,,113593,225/50R17 SportDrive TL 94Y AUDI,"8,191.00",4/1/2026,3/31/2027
2095,PCUV 17 PLUS,1001,,113594,225/55R18 SportDrive TL 102Y XL AUDI,"9,300.00",4/1/2026,3/31/2027
2095,PCUV 17 PLUS,1001,,113595,245/45R19 SportDrive TL 102Y XL AUDI,"9,500.00",4/1/2026,3/31/2027
2015,Truck Rad Tyres,1001,,113596,245/70R19.5 WINMILE-D 136/134M TL 16PR,"19,500.00",4/1/2026,3/31/2027
2015,Truck Rad Tyres,1001,,113597,245/70R19.5 WINMILE-AW 136/134M TL 16PR,"19,200.00",4/1/2026,3/31/2027
2015,Truck Rad Tyres,1001,,113598,225/70R19.5 WINMILE-D 128/126N TL 14PR,"19,200.00",4/1/2026,3/31/2027
2015,Truck Rad Tyres,1001,,113599,225/70R19.5 WINMILE-AW 128/126N TL 14PR,"20,000.00",4/1/2026,3/31/2027
2122,MOTORCYCLE TL TYRE,1001,,113601,70/100-19 ENERGY RIDE MX3F L1K EV TL 42P,"2,020.00",4/1/2026,3/31/2027
2126,Motorcycle Premium B,1001,,113602,90/90-19 ENERGY RIDE MX3 L1K EV TL 58P,"1,217.00",5/1/2026,3/31/2027
2122,MOTORCYCLE TL TYRE,1001,,113613,3.00-18 MILAZE X5 TL 52P,"1,215.00",5/1/2026,3/31/2027
2122,MOTORCYCLE TL TYRE,1001,,113614,3.00-17 MILAZE X5 TL 50P,"1,168.00",5/1/2026,3/31/2027
2122,MOTORCYCLE TL TYRE,1001,,113615,80/100-18 MILAZE X5 TL 54P,"1,214.00",5/1/2026,3/31/2027
2126,Motorcycle Premium B,1001,,113619,3.50-19 MILAZE X5 TT 63P,"1,527.00",5/1/2026,3/31/2027
2176,Tractor Radial,1001,,113620,480/80R50  FARMAX HPT 176D TL,"53,599.54",4/1/2026,3/31/2027
2630,Tractor Front Tubes,1001,,113640,TUBE 6.00-12 BR LOOSE TR15 SPL EXPORTS,240.00,4/1/2026,3/31/2027
2176,Tractor Radial,1001,,113646,VF710/75R42 SUSTAINMAX  184D TL FB,"79,086.70",4/24/2024,4/26/2024
2090,Car Rad Tyres,1001,,113647,185/65R15 SecuraDrive TL 88H CEAT,"4,177.00",4/1/2026,3/31/2027
2250,BHL,1001,,113669,14.00-25 LOAD XL 20PR L3,"24,866.00",4/2/2026,3/31/2027
2230,Flotation Bias,1001,,113672,500/50-22.5 FLOTATION T422 16PR TL,"15,483.43",4/1/2026,3/31/2027
2240,MPT,1001,,113673,405/70-20 MPT 808 18PR TL,"15,494.13",4/1/2026,3/31/2027
2294,Harvester Bias,1001,,113674,30.5L-32 YIELDMAX 23 18PR TL,"66,455.33",4/1/2026,3/31/2027
2297,Flotation Radial,1001,,113685,VF560/60R22.5 FLOATMAX VF X3 166D TL SB,"28,431.84",4/1/2026,3/31/2027
2176,Tractor Radial,1001,,113686,650/65R34 FARMAX HPT 161D TL,"46,361.08",4/1/2026,3/31/2027
2300,Telehandler Radial,1001,,113687,500/70R24 LOAD PRO HARD SURFACE 164A8/16,"29,690.93",4/1/2026,3/31/2027
2176,Tractor Radial,1001,,113688,VF650/85R38 TORQUEMAX 182D TL SB,"77,478.27",4/1/2026,3/31/2027
2176,Tractor Radial,1001,,113689,VF600/60R30 NRO TORQUEMAX 162DTL SB,"37,839.71",4/1/2026,3/31/2027
2176,Tractor Radial,1001,,113690,VF580/80R34  TORQUEMAX 178D TL SB CFO,"51,414.58",4/1/2026,3/31/2027
2176,Tractor Radial,1001,,113691,VF420/95R50 SPRAYMAX 177D TL SB,"57,281.84",4/1/2026,3/31/2027
2176,Tractor Radial,1001,,113692,VF380/105R54 SPRAYMAX 168D TL SB,"42,305.57",4/1/2026,3/31/2027
2176,Tractor Radial,1001,,113693,VF750/60R46 SPRAYMAX 189D TL SB,"79,238.61",4/1/2026,3/31/2027
2297,Flotation Radial,1001,,113694,VF900/65R32 FLOATMAX CARGO XL 197D SB TL,"95,128.28",4/1/2026,3/31/2027
2300,Telehandler Radial,1001,,113695,405/70R18 LOADPRO HARDSURFACE 147A8/B TL,"15,732.72",4/1/2026,3/31/2027
2123,M.CYCLE TT with TUBE,1001,,113706,3.00-17 GRIPP X5 TT 50P + 3.00-17 TUBE,"1,271.00",5/1/2026,3/31/2027
2123,M.CYCLE TT with TUBE,1001,,113707,2.75-18 GRIPP X5 TT 48P + 2.75-18 TUBE,"1,213.00",5/1/2026,3/31/2027
2123,M.CYCLE TT with TUBE,1001,,113708,3.00-18 GRIPP X5 TT 52P + 3.00-18 TUBE,"1,304.00",5/1/2026,3/31/2027
2127,Motorcycle Steel RAD,1001,,113709,140/60R17 CROSSRAD TL 63H,"2,452.00",5/1/2026,3/31/2027
2126,Motorcycle Premium B,1001,,113731,90/90-19 EnergyRide MX3 F TL 52P,"1,319.00",5/1/2026,3/31/2027
2112,Scooter TL Tyres,1001,,113732,90/90-12 ZOOM X3 TL 54J LRR,922.00,5/1/2026,3/31/2027
2112,Scooter TL Tyres,1001,,113733,90/100-10 ZOOM D TL 53J LRR,866.00,5/1/2026,3/31/2027
2112,Scooter TL Tyres,1001,,113734,120/70-14 55P GRIPP MX X3 TL,"2,525.00",4/1/2026,3/31/2027
2126,Motorcycle Premium B,1001,,113735,110/80-17 GRIPP X5 TL 57P,"1,533.00",5/1/2026,3/31/2027
2112,Scooter TL Tyres,1001,,113736,110/80-14 53P GRIPP MX X3 TL,"2,525.00",4/1/2026,3/31/2027
2112,Scooter TL Tyres,1001,,113737,100/80-12 ZOOM X3 TL 56L LRR,"1,222.00",5/1/2026,3/31/2027
2095,PCUV 17 PLUS,1001,,113738,235/65R18 CrossDrive AT TL 106T M&M,"10,200.00",4/1/2026,3/31/2027
2095,PCUV 17 PLUS,1001,,113739,225/60R17 CrossDrive HT TL 99H RN,"10,000.00",4/1/2026,3/31/2027
2230,Flotation Bias,1001,,113741,560/60-22.5 FLOTATION PLUS 16PR TL,"18,563.50",4/1/2026,3/31/2027
2230,Flotation Bias,1001,,113742,600/55-22.5 FLOTATION PLUS 16PR TL,"21,285.55",4/1/2026,3/31/2027
2230,Flotation Bias,1001,,113743,700/50-22.5 FLOTATION PLUS 16PR TL,"24,676.96",4/1/2026,3/31/2027
2095,PCUV 17 PLUS,1001,,113744,255/60R18 CrossDrive HT TL 108H M&M,"11,851.00",4/1/2026,3/31/2027
2145,Farmax Front,1001,,113745,9.5-20 FARMAX R1 8PR TL,"5,042.80",4/1/2026,3/31/2027
2140,Tractor Front,1001,,113746,6.00-16 AAYUSHMAAN TT 8PR EU,"3,245.00",4/1/2026,3/31/2027
2140,Tractor Front,1001,,113748,7.50-16 AAYUSHMAAN  TT 8PR EU,"5,247.00",4/1/2026,3/31/2027
2150,Tractor Rear,1001,,113749,13.6-28 AAYUSHMAAN TT 12PR EU,"16,732.00",4/1/2026,3/31/2027
2150,Tractor Rear,1001,,113750,14.9-28 AAYUSHMAAN TT 12PR EU,"19,040.00",4/1/2026,3/31/2027
2971,Wheel Rims,1001,,113764,AGD020_10LBx16,"2,340.01",6/17/2025,6/30/2025
2971,Wheel Rims,1001,,113765,AGL015_7Ax14,"2,857.00",4/28/2025,9/30/2025
2971,Wheel Rims,1001,,113766,AGD021_W12Lx16,"6,994.00",4/28/2025,9/30/2025
2300,Telehandler Radial,1001,,113767,405/70R20 LOADPRO HARD SURFACE 149A8B SB,"17,417.48",4/1/2026,3/31/2027
2300,Telehandler Radial,1001,,113769,600/70R30 MULTILOADMAX 166D/171A8 TL SB,"38,543.45",4/1/2026,3/31/2027
2155,Farmax Rear,1001,,113770,23.1-26 LOGGER XL 16PR TL STEEL SHIELD,"72,937.00",4/1/2026,3/31/2027
2145,Farmax Front,1001,,113773,11.5/80-15.3 FARMAX AS 14PR TL,"5,848.85",4/1/2026,3/31/2027
2122,MOTORCYCLE TL TYRE,1001,,113781,2.75-17 SECURA ZOOM TVS F TL 41P,926.00,5/1/2026,3/31/2027
2122,MOTORCYCLE TL TYRE,1001,,113782,90/90-18 GRIPP X5 TL 51P,"1,570.00",5/1/2026,3/31/2027
2095,PCUV 17 PLUS,1001,,113783,245/50R20 SportDrive TL 105V XL M&M,"11,700.00",4/1/2026,3/31/2027
2095,PCUV 17 PLUS,1001,,113786,215/55R17 EnergyDrive TL 94V LRR HYN,"7,800.00",4/1/2026,3/31/2027
2100,UV Rad Tyres,1001,,113788,195/60R16 SecuraDrive TL 89H TML,"5,014.00",4/1/2026,3/31/2027
2100,UV Rad Tyres,1001,,113789,215/60R16 SecuraDrive SD004 TL 95H TML,"5,068.00",4/1/2026,3/31/2027
2015,Truck Rad Tyres,1001,,113790,295/75R22.5 WINSUPER-LHT 146/143L TL16PR,"23,500.00",4/1/2026,3/31/2027
2155,Farmax Rear,1001,,113791,710/45-26.5 FOREST XL 20PR TL STEEL SHIE,"64,884.00",4/1/2026,3/31/2027
2127,Motorcycle Steel RAD,1001,,113801,120/80R18 CROSSRAD TL 62H,"2,660.00",5/1/2026,3/31/2027
2127,Motorcycle Steel RAD,1001,,113802,120/70ZR17 SPORTRAD SS TL  58W,"5,610.00",4/1/2026,3/31/2027
2127,Motorcycle Steel RAD,1001,,113803,180/55ZR17 SPORTRAD SS TL  78W,"8,670.00",4/1/2026,3/31/2027
2120,MOTORCYCLE TT TYRE,1001,,113804,2.75-21 NEW PATTERN KA-P2 TT 45P,"2,000.00",4/1/2026,3/31/2027
2120,MOTORCYCLE TT TYRE,1001,,113805,4.10-18 NEW PATTERN KA-P2 TT 59P,"3,200.00",4/1/2026,3/31/2027
2176,Tractor Radial,1001,,113807,340/60R16.5 FARM IMPLEMENT 800R 145A8 SB,"10,496.02",4/1/2026,3/31/2027
2030,LCV Bias Tyres,1001,,113808,7.00-15 LYFMAX ALTURA X3R 12PR TT LV,"5,013.00",4/1/2026,3/31/2027
2090,Car Rad Tyres,1001,,113809,145/80R13 MILAZE X5 TL 75T,"2,773.00",5/1/2026,3/31/2027
2090,Car Rad Tyres,1001,,113810,175/65R14 MILAZE X5 TL 82T,"3,826.00",5/1/2026,3/31/2027
2090,Car Rad Tyres,1001,,113811,185/65R15 MILAZE X5 TL 88T,"4,104.00",5/1/2026,3/31/2027
2176,Tractor Radial,1001,,113812,VF900/60R42 TORQUEMAX 189D TL SB,"119,825.97",4/1/2026,3/31/2027
2176,Tractor Radial,1001,,113813,VF900/50R42 TORQUEMAX 180D TL SB NRO,"99,799.10",4/1/2026,3/31/2027
2296,Row Crop Radial,1001,,113816,320/90R46 FARMAX RC 148D/151A8 TL,"28,220.82",4/1/2026,3/31/2027
2296,Row Crop Radial,1001,,113826,270/80R32 FARMAX RC 131D/134A8 TL,"12,587.46",4/1/2026,3/31/2027
2176,Tractor Radial,1001,,113827,VF620/75R30 TORQUEMAX 172D TL SB,"50,567.25",4/1/2026,3/31/2027
2176,Tractor Radial,1001,,113828,VF620/70R30 TORQUEMAX 175D TL SB,"43,466.04",4/1/2026,3/31/2027
2090,Car Rad Tyres,1001,,113829,145/80R12 MILAZE X5 TL 74T,"2,432.00",5/1/2026,3/31/2027
2090,Car Rad Tyres,1001,,113830,155/80R13 MILAZE X5 TL 79T,"3,062.00",5/1/2026,3/31/2027
2090,Car Rad Tyres,1001,,113831,165/70R14 MILAZE X5 TL 81T,"2,834.00",5/1/2026,3/31/2027
2297,Flotation Radial,1001,,113832,600/60R30.5 FLOATMAX RT 173D TL SB,"36,687.05",4/1/2026,3/31/2027
2176,Tractor Radial,1001,,113833,600/65R28 FARMAX HPT 154D TL,"46,869.23",4/1/2026,3/31/2027
2140,Tractor Front,1001,,113834,4.75-14 AAYUSHMAAN X3 F2 4PR TT,"1,557.00",4/1/2026,3/31/2027
2155,Farmax Rear,1001,,113835,28L-26 LOGGER XL 20PR TL STEEL SHIELD,"76,215.41",4/1/2026,3/31/2027
2090,Car Rad Tyres,1001,,113836,185/65R15 SecuraDrive SD004 TL 88H ERTIG,"4,177.00",4/1/2026,3/31/2027
2090,Car Rad Tyres,1001,,113837,205/65R16 SecuraDrive TL 95H HYN,"5,051.00",4/1/2026,3/31/2027
2095,PCUV 17 PLUS,1001,,113838,215/55R17 SecuraDrive SD004 TL 94V HYN Q,"6,256.00",4/1/2026,3/31/2027
2095,PCUV 17 PLUS,1001,,113839,215/55R18 SecuraDrive SD004 TL 95H HYN,"8,390.00",5/1/2026,3/31/2027
2095,PCUV 17 PLUS,1001,,113841,215/60R17 SecuraDrive SD004 TL 96H HYN,"5,750.00",5/1/2026,3/31/2027
2095,PCUV 17 PLUS,1001,,113842,225/55R18 CrossDrive HT TL 98H RN,"5,800.00",4/1/2026,3/31/2027
2140,Tractor Front,1001,,113844,9.5-24 PUDDLE XL 8PR TT,"7,773.60",4/1/2026,3/31/2027
2140,Tractor Front,1001,,113846,11.2-24 PUDDLE XL 8PR TT,"13,309.00",4/1/2026,3/31/2027
2140,Tractor Front,1001,,113847,12.4-24 PUDDLE XL 8PR TT,"11,471.40",4/1/2026,3/31/2027
2140,Tractor Front,1001,,113848,13.6-24 PUDDLE XL 8PR TT,"12,618.54",4/1/2026,3/31/2027
2150,Tractor Rear,1001,,113849,13.6-36 PUDDLE XL 8PR TT,"19,805.56",4/1/2026,3/31/2027
2140,Tractor Front,1001,,113850,14.9-24 PUDDLE XL 8PR TT,"14,909.11",4/1/2026,3/31/2027
2150,Tractor Rear,1001,,113851,14.9-30 PUDDLE XL 8PR TT,"18,121.70",4/1/2026,3/31/2027
2150,Tractor Rear,1001,,113852,16.9-30 PUDDLE XL 8PR TT,"21,521.70",4/1/2026,3/31/2027
2150,Tractor Rear,1001,,113854,16.9-38 PUDDLE XL 10PR TT,"28,807.87",4/1/2026,3/31/2027
2150,Tractor Rear,1001,,113855,18.4-30 PUDDLE XL 10PR TT,"35,129.00",4/1/2026,3/31/2027
2150,Tractor Rear,1001,,113856,18.4-34 PUDDLE XL 10PR TT,"28,447.60",4/1/2026,3/31/2027
2015,Truck Rad Tyres,1001,,113857,295/90R20 NEU 5,"18,937.00",5/5/2026,3/31/2027
2300,Telehandler Radial,1001,,113858,400/70R20 MULTILOADMAX 144D/149A8 TL SB,"14,707.26",4/1/2026,3/31/2027
2300,Telehandler Radial,1001,,113859,340/80R18 MULTILOADMAX 138D/143A8 TL SB,"13,260.65",4/1/2026,3/31/2027
2300,Telehandler Radial,1001,,113860,360/80R28 MULTILOADMAX 142D/146A8 TL SB,"22,231.66",4/1/2026,3/31/2027
2300,Telehandler Radial,1001,,113861,360/80R20 MULTILOADMAX 143D/147A8 TL SB,"14,168.07",4/1/2026,3/31/2027
2297,Flotation Radial,1001,,113862,620/75R26 FLOATMAX CARGO XL 176D TL SB,"56,147.00",4/28/2025,9/30/2025
2297,Flotation Radial,1001,,113863,620/50R22.5 FARM IMPLEMENT 800R 161D TL,"24,935.15",4/1/2026,3/31/2027
2300,Telehandler Radial,1001,,113864,265/70R16.5 MULTILOADMAX 130A2/123A8TLSB,"8,095.79",4/1/2026,3/31/2027
2300,Telehandler Radial,1001,,113865,305/70R16.5 MULTILOADMAX 146A2/138A8SBTL,"8,065.16",4/1/2026,3/31/2027
2300,Telehandler Radial,1001,,113866,250/80R16 MULTILOADMAX 123D/127A8 TL,"6,311.34",4/1/2026,3/31/2027
2300,Telehandler Radial,1001,,113867,360/70R20 MULTILOADMAX 131D/136A8 TL SB,"14,106.00",4/1/2026,3/31/2027
2300,Telehandler Radial,1001,,113868,400/70R18 MULTILOADMAX 143D/147A8 TL SB,"13,922.31",4/1/2026,3/31/2027
2300,Telehandler Radial,1001,,113869,360/80R24 MULTILOADMAX 145D/150A8 TL SB,"16,234.93",4/1/2026,3/31/2027
2296,Row Crop Radial,1001,,113870,VF320/90R42 SPRAYMAX 163D TL SB,"23,461.22",4/1/2026,3/31/2027
2297,Flotation Radial,1001,,113872,850/50R30.5 FLOATMAX RT 182D TL SB,"56,729.89",4/1/2026,3/31/2027
2297,Flotation Radial,1001,,113873,710/40R22.5 FLOATMAX FT 161D TL SB,"47,358.00",4/1/2026,3/31/2027
2300,Telehandler Radial,1001,,113874,710/70R42 MULTILOADMAX 180D/185A8 TL SB,"67,600.07",4/1/2026,3/31/2027
2297,Flotation Radial,1001,,113875,600/60R30.5 FT FLOATMAX FT 173D TL SB,"46,547.00",4/1/2026,3/31/2027
2145,Farmax Front,1001,,113877,5.00-10 FARMAX AS 8PR TT,"1,318.78",4/1/2026,3/31/2027
2155,Farmax Rear,1001,,113878,7.50-20 FARMAX R1 8PR TT,"6,215.00",4/28/2025,9/30/2025
2155,Farmax Rear,1001,,113879,8.00-20 FARMAX R1 8PR TT,"5,967.09",4/1/2026,3/31/2027
2290,Skid Steer,1001,,113880,10-16.5 NHS GRIP XL 5 10PR TL,"8,454.51",4/1/2026,3/31/2027
2260,Forklift,1001,,113881,7.00-15 NHS ELEVETA X3 12PR TT,"5,989.03",4/1/2026,3/31/2027
2260,Forklift,1001,,113882,7.50-15 NHS ELEVETA X3 12PR TT,"6,300.00",4/1/2026,3/31/2027
2165,Farm Implement,1001,,113883,10.5/65-16 FARM IMP AWI305 14PR TL,"6,154.00",4/1/2026,3/31/2027
2145,Farmax Front,1001,,113884,23X8.50-12 FARMAX AS 8PR TL,"2,050.56",4/1/2026,3/31/2027
2145,Farmax Front,1001,,113885,23X10.50-12 FARMAX AS 12PR TL,"2,862.43",4/1/2026,3/31/2027
2145,Farmax Front,1001,,113886,300/60-12 (26x12.00-12) FARMAX AS 8PR,"3,394.53",4/1/2026,3/31/2027
2145,Farmax Front,1001,,113887,31X15.50-15 FARMAX AS 12 PR TL,"8,399.54",4/1/2026,3/31/2027
2260,Forklift,1001,,113889,5.00-8 NHS ELEVETA X3 10PR TT,"2,497.00",4/1/2026,3/31/2027
2260,Forklift,1001,,113890,7.00-12 NHS ELEVETA X3 14PR TT,"4,138.69",4/1/2026,3/31/2027
2260,Forklift,1001,,113891,6.50-10 NHS ELEVETA X3 10PR TT,"3,497.68",4/1/2026,3/31/2027
2260,Forklift,1001,,113892,8.25-15 NHS ELEVETA X3 16PR TT,"7,050.55",4/1/2026,3/31/2027
2260,Forklift,1001,,113893,6.50-10 NHS ELEVETA X3 14PR TT,"3,149.03",4/1/2026,3/31/2027
2230,Flotation Bias,1001,,113894,700/40-22.5 FLOTATION T422 18PR TL,"30,739.59",4/1/2026,3/31/2027
2127,Motorcycle Steel RAD,1001,,113895,120/70ZR17 SPORTRAD ST TL  58W,"8,740.00",5/1/2026,3/31/2027
2127,Motorcycle Steel RAD,1001,,113896,180/55ZR17 SPORTRAD ST TL  73W,"11,200.00",5/1/2026,3/31/2027
2127,Motorcycle Steel RAD,1001,,113898,110/80R19 CROSSRAD TL 59V TVS,"5,100.00",4/1/2026,3/31/2027
2090,Car Rad Tyres,1001,,113902,165/80R14 SecuraDrive SD004 TL 85T DOM,"3,364.00",5/1/2026,3/31/2027
2296,Row Crop Radial,1001,,113903,VF320/90R54 SPRAYMAX 168D TL SB,"40,138.00",4/1/2026,3/31/2027
2176,Tractor Radial,1001,,113904,VF520/85R46 TORQUEMAX 179D TL SB,"73,776.10",4/1/2026,3/31/2027
2296,Row Crop Radial,1001,,113905,VF320/85R38 SPRAYMAX 155D TL SB,"21,535.63",4/1/2026,3/31/2027
2176,Tractor Radial,1001,,113906,540/65R26 FARMAX R65 141D TL,"35,244.00",4/1/2026,3/31/2027
2176,Tractor Radial,1001,,113907,VF710/60R30 TORQUEMAX 171D TL SB NRO,"65,251.00",4/1/2026,3/31/2027
2176,Tractor Radial,1001,,113908,VF710/60R34 TORQUEMAX 173D TL SB,"69,930.32",4/1/2026,3/31/2027
2176,Tractor Radial,1001,,113909,VF650/60R38 TORQUEMAX 173D TL SB,"56,146.53",4/1/2026,3/31/2027
2176,Tractor Radial,1001,,113910,VF710/55R30 TORQUEMAX 165D TL SB NRO,"47,454.18",4/1/2026,3/31/2027
2176,Tractor Radial,1001,,113911,VF380/85R34  TORQUEMAX 149D TL SB,"33,262.94",4/1/2026,3/31/2027
2155,Farmax Rear,1001,,113912,24.5-32 LOGGER XL 20PR TL STEEL SHIELD,"98,801.98",4/1/2026,3/31/2027
2155,Farmax Rear,1001,,113913,30.5L-32 LOGGER XL 26PR TL STEEL SHIELD,"97,247.68",4/1/2026,3/31/2027
2155,Farmax Rear,1001,,113916,35.5L-32 LOGGER XL 26PR TL STEEL SHIELD,"167,287.14",4/1/2026,3/31/2027
2500,Truck Bias Tubes,1001,,113917,TUBE 12.00-20 LOOSE BR SPECIALTY,"1,333.00",2/16/2024,2/27/2024
2176,Tractor Radial,1001,,113918,420/85 R 28 FARMAX R85 TL 12PR SPL,"27,610.00",3/29/2024,3/31/2024
2127,Motorcycle Steel RAD,1001,,113919,140/60R17 SPORTRAD TL 63H,"2,349.00",5/1/2026,3/31/2027
2127,Motorcycle Steel RAD,1001,,113920,140/70ZR17 SPORTRAD TL 66W,"2,733.00",5/1/2026,3/31/2027
2127,Motorcycle Steel RAD,1001,,113921,190/55ZR17 SPORTRAD ST 75W,"12,440.00",5/1/2026,3/31/2027
2095,PCUV 17 PLUS,1001,,113924,205/45R17 WinterDrive Sport TL 88W XL CE,"10,000.00",4/1/2026,3/31/2027
2095,PCUV 17 PLUS,1001,,113925,205/55R17 WinterDrive Sport TL 95W XL CE,"10,000.00",4/1/2026,3/31/2027
2095,PCUV 17 PLUS,1001,,113926,235/45R19 WinterDrive Sport TL 99W XL CE,"10,000.00",4/1/2026,3/31/2027
2095,PCUV 17 PLUS,1001,,113927,245/40R19 WinterDrive Sport TL 98W XL CE,"10,000.00",4/1/2026,3/31/2027
2095,PCUV 17 PLUS,1001,,113928,245/45R20 WinterDrive Sport TL 103W XL C,"10,000.00",4/1/2026,3/31/2027
2095,PCUV 17 PLUS,1001,,113929,255/35R19 WinterDrive Sport TL  96W XL C,"10,000.00",4/1/2026,3/31/2027
2095,PCUV 17 PLUS,1001,,113930,255/40R18 WinterDrive Sport TL 99W XL CE,"10,000.00",4/1/2026,3/31/2027
2095,PCUV 17 PLUS,1001,,113931,255/45R20 WinterDrive Sport TL 105W XL C,"10,000.00",4/1/2026,3/31/2027
2095,PCUV 17 PLUS,1001,,113933,215/55R18 WinterDrive SUV TL 99W XL CEAT,"15,000.00",4/1/2026,3/31/2027
2095,PCUV 17 PLUS,1001,,113934,235/50R19 WinterDrive SUV TL 103W XL CEA,"12,000.00",4/1/2026,3/31/2027
2095,PCUV 17 PLUS,1001,,113935,215/50R18 WinterDrive SUV TL 92V CEAT,"15,000.00",4/1/2026,3/31/2027
2060,LM Rad Tyres,1001,,113936,155R13 WINENERGY X3-R TL 89/90E,"2,800.00",4/1/2026,3/31/2027
2095,PCUV 17 PLUS,1001,,113937,255/50R19 WinterDrive SUV TL 107W XL CEA,"12,000.00",4/1/2026,3/31/2027
2095,PCUV 17 PLUS,1001,,113938,255/55R19 WinterDrive SUV TL 111V XL CEA,"10,000.00",4/1/2026,3/31/2027
2100,UV Rad Tyres,1001,,113939,245/50R18 WinterDrive SUV TL 104W XL CEA,"15,000.00",4/1/2026,3/31/2027
2100,UV Rad Tyres,1001,,113940,225/60R18 WinterDrive SUV TL 104V XL CEA,"15,000.00",4/1/2026,3/31/2027
2090,Car Rad Tyres,1001,,113942,185/55R16 SecuraDrive TL 87V XL CEAT,"4,295.00",4/1/2026,3/31/2027
2090,Car Rad Tyres,1001,,113943,195/45R16 4SeasonDrive+ TL 84W XL CEAT,"10,000.00",4/1/2026,3/31/2027
2095,PCUV 17 PLUS,1001,,113945,195/55R20 SecuraDrive TL 95H XL CEAT,"10,000.00",4/1/2026,3/31/2027
2095,PCUV 17 PLUS,1001,,113946,205/40R17 SportDrive TL 84Y XL CEAT,"10,000.00",4/1/2026,3/31/2027
2095,PCUV 17 PLUS,1001,,113947,205/40R18 SportDrive TL 86Y XL CEAT,"10,000.00",4/1/2026,3/31/2027
2095,PCUV 17 PLUS,1001,,113948,205/45R17 4SeasonDrive+ TL 88W XL CEAT,"10,000.00",4/1/2026,3/31/2027
2095,PCUV 17 PLUS,1001,,113949,215/40R17 SportDrive TL 87Y XL CEAT,"10,000.00",4/1/2026,3/31/2027
2095,PCUV 17 PLUS,1001,,113950,215/40R18 SportDrive TL 89Y XL CEAT,"10,000.00",4/1/2026,3/31/2027
2095,PCUV 17 PLUS,1001,,113951,215/45R18 SportDrive TL 93Y XL CEAT,"10,000.00",4/1/2026,3/31/2027
2095,PCUV 17 PLUS,1001,,113953,215/50R19 SportDrive TL 97W XL CEAT,"10,000.00",4/1/2026,3/31/2027
2095,PCUV 17 PLUS,1001,,113954,225/40R19 SportDrive TL 93Y XL CEAT,"10,000.00",4/1/2026,3/31/2027
2126,Motorcycle Premium B,1001,,113955,100/90-17 MILAZE X5 TT 55P,"1,390.00",5/1/2026,3/31/2027
2120,MOTORCYCLE TT TYRE,1001,,113956,3.25-19 MILAZE X5 TT 54P,"1,340.00",4/1/2026,3/31/2027
2090,Car Rad Tyres,1001,,113957,205/65R16 SecuraDrive SD004 TL 95H HYN,"5,417.00",5/1/2026,3/31/2027
2610,MOTORCYCLE TUBE LOOS,1001,,113960,TUBE 2.75-21 LOOSE,202.00,4/1/2026,3/31/2027
2070,Car Bias Tyres,1001,,113961,T135/90D17 Stepnee- HYN,"7,000.00",4/1/2026,3/31/2027
2100,UV Rad Tyres,1001,,113963,205/60R16C EnduraDrive TL 100/98T CEAT,"10,000.00",4/1/2026,3/31/2027
2155,Farmax Rear,1001,,113964,20.8-38 10PR FARMAX TL,"47,400.00",4/1/2026,3/31/2027
2155,Farmax Rear,1001,,113965,13.6-24 FARMAX R1 10PR TL,"11,548.47",4/1/2026,3/31/2027
2155,Farmax Rear,1001,,113966,14.9-28 FARMAX R1 10PR TL,"18,029.21",4/1/2026,3/31/2027
2150,Tractor Rear,1001,,113968,13.6-38 FARMAX R1 10PR TL,"16,812.73",4/1/2026,3/31/2027
2060,LM Rad Tyres,1001,,113969,130/80R12 WINENERGY X3 R TL 90F,"2,143.00",4/21/2026,3/31/2027
2060,LM Rad Tyres,1001,,113970,120/80R12 WINENERGY X3 R TL 86F,"1,935.00",4/21/2026,3/31/2027
2297,Flotation Radial,1001,,113971,620/40R22.5 FARM IMPLIMENT 800 R 154D TL,"26,477.00",4/1/2026,3/31/2027
2297,Flotation Radial,1001,,113972,VF445/50R22.5 FARM IMPLIMENT 800 R 167D,"19,579.00",4/1/2026,3/31/2027
2300,Telehandler Radial,1001,,113973,500/70R24 MULTILOADMAX 159D/164A8 TL SB,"31,759.77",4/1/2026,3/31/2027
2300,Telehandler Radial,1001,,113974,400/80R24 MULTILOADMAX 151D/156A8 TL SB,"18,791.59",4/1/2026,3/31/2027
2165,Farm Implement,1001,,113975,IF240/80R15  HI-FLEX IMPLEMENT 125D TL,"6,769.51",4/1/2026,3/31/2027
2165,Farm Implement,1001,,113976,IF265/85R15  HI-FLEX IMPLEMENT 129D TL S,"6,799.56",4/1/2026,3/31/2027
2176,Tractor Radial,1001,,113977,VF800/65R32 TORQUEMAX 184D TL SB CFO,"85,775.79",4/1/2026,3/31/2027
2176,Tractor Radial,1001,,113978,850/80R38 FARMAX HPT 180D TL,"118,993.61",4/1/2026,3/31/2027
2297,Flotation Radial,1001,,113979,VF750/60R30.5 FLOATMAX VF X3 187D TL SB,"67,153.16",4/1/2026,3/31/2027
2300,Telehandler Radial,1001,,113980,440/80R34 MULTILOADMAX 155D/159A8 TL SB,"33,988.64",4/1/2026,3/31/2027
2300,Telehandler Radial,1001,,113981,400/80R28 MULTILOADMAX 153D/158A8 TL SB,"21,071.09",4/1/2026,3/31/2027
2300,Telehandler Radial,1001,,113982,480/80R38 MULTILOADMAX 161D/166A8 TL SB,"38,233.32",4/1/2026,3/31/2027
2300,Telehandler Radial,1001,,113983,440/80R28 MULTILOADMAX 158D/163A8 TL SB,"25,260.29",4/1/2026,3/31/2027
2300,Telehandler Radial,1001,,113984,480/80R34 MULTILOADMAX 159D/164A8 TL SB,"38,884.61",4/1/2026,3/31/2027
2298,Harvester Radial,1001,,113985,1050/50R32 YIELDMAX 184A8/B TL SB,"103,142.89",4/1/2026,3/31/2027
2050,LM Bias Tyres,1001,,113986,4.00-10 LyfMax X3 R TL,"1,165.00",5/5/2026,3/31/2027
2095,PCUV 17 PLUS,1001,,113996,245/70R17 110T CrossDrive AT TL CEAT,"10,000.00",4/1/2026,3/31/2027
2095,PCUV 17 PLUS,1001,,113997,265/60R18 110T CrossDrive AT TL CEAT,"10,000.00",4/1/2026,3/31/2027
2100,UV Rad Tyres,1001,,113998,245/75R16 111S CrossDrive AT TL CEAT,"10,000.00",4/1/2026,3/31/2027
2100,UV Rad Tyres,1001,,113999,LT265/75R16 123/120R CrossDrive LT/AT TL,"10,000.00",4/1/2026,3/31/2027
2095,PCUV 17 PLUS,1001,,114000,LT245/75R17 121/118S CrossDrive LT/AT TL,"10,000.00",4/1/2026,3/31/2027
2100,UV Rad Tyres,1001,,114001,LT245/75R16 120 /116S CrossDrive LT/AT T,"10,000.00",4/1/2026,3/31/2027
2100,UV Rad Tyres,1001,,114002,LT235/85R16 120/116R CrossDrive LT/AT TL,"10,000.00",4/1/2026,3/31/2027
2095,PCUV 17 PLUS,1001,,114003,245/65R17 107T CrossDrive AT TL CEAT,"10,000.00",4/1/2026,3/31/2027
2100,UV Rad Tyres,1001,,114004,265/70R16 112T CrossDrive AT TL CEAT,"10,000.00",4/1/2026,3/31/2027
2112,Scooter TL Tyres,1001,,114005,90/100-10 GRIPP X5 TL 53J,950.00,5/1/2026,3/31/2027
2112,Scooter TL Tyres,1001,,114006,90/90-12 GRIPP X5 TL 54J,973.00,5/1/2026,3/31/2027
2045,Light Truck Steel,1001,,114008,215/75R17.5 WINMILE-AW 135/133K TL 16PR,"19,000.00",4/1/2026,3/31/2027
2045,Light Truck Steel,1001,,114009,235/75R17.5 WINMILE-AW 143/141J TL 16PR,"20,000.00",4/1/2026,3/31/2027
2015,Truck Rad Tyres,1001,,114016,12.00R20 WINMILE-X3 AW 154/151K 18PR,"27,000.00",4/1/2026,3/31/2027
2630,Tractor Front Tubes,1001,,114026,TUBE 6.00-16 BR LOOSE SPL OE,346.00,9/21/2024,9/30/2024
2090,Car Rad Tyres,1001,,114027,155/65R14 MILAZE X5 TL 75T,"2,907.00",4/1/2026,3/31/2027
2090,Car Rad Tyres,1001,,114028,165/65R14 MILAZE X5 TL 79T,"3,356.00",4/1/2026,3/31/2027
2090,Car Rad Tyres,1001,,114029,185/70R14 MILAZE X5 TL 88T,"3,779.00",4/1/2026,3/31/2027
2112,Scooter TL Tyres,1001,,114030,90/100-10 ZOOM D TL 53J INM (BZ),890.00,4/1/2026,3/31/2027
2112,Scooter TL Tyres,1001,,114031,90/90-12 ZOOM D TL 54J INM (BZ),896.00,4/1/2026,3/31/2027
2122,MOTORCYCLE TL TYRE,1001,,114033,80/100-18 SECURA ZOOM+ TL 54P INM (BZ),"1,208.00",4/1/2026,3/31/2027
2123,M.CYCLE TT with TUBE,1001,,114034,3.00-18 MILAZE X5 TT 52P WITH 3.00-18 TU,"1,249.00",5/1/2026,3/31/2027
2123,M.CYCLE TT with TUBE,1001,,114035,3.00-17 MILAZE X5 TT 50P WITH 3.00-17 TU,"1,222.00",5/1/2026,3/31/2027
2123,M.CYCLE TT with TUBE,1001,,114036,2.75-18 MILAZE X5 TT 48P WITH 2.75-18 TU,"1,159.00",5/1/2026,3/31/2027
2300,Telehandler Radial,1001,,114038,440/80R24 MULTILOADMAX 156D/161A8 TL SB,"25,106.18",4/1/2026,3/31/2027
2165,Farm Implement,1001,,114039,VF295/75R22.5 HI-FLEX IMPLEMENT  155D TL,"14,930.75",4/1/2026,3/31/2027
2090,Car Rad Tyres,1001,,114040,145/80R12 MILAZE X5 TT 74T,"2,234.00",5/1/2026,3/31/2027
2090,Car Rad Tyres,1001,,114041,155/65R13 MILAZE X5 TL 73T,"2,877.00",4/1/2026,3/31/2027
2090,Car Rad Tyres,1001,,114042,155/70R13 MILAZE X5 TL 75T,"2,948.00",5/1/2026,3/31/2027
2090,Car Rad Tyres,1001,,114043,155/70R13 MILAZE X5 TT 75T,"2,708.00",4/1/2026,3/31/2027
2090,Car Rad Tyres,1001,,114044,175/65R15 MILAZE X5 TL 84T,"4,175.00",5/1/2026,3/31/2027
2090,Car Rad Tyres,1001,,114045,195/55R16 MILAZE X5 TL 87H,"4,967.00",5/1/2026,3/31/2027
2260,Forklift,1001,,114049,7.50-16 ELEVETA X3 16PR TT,"7,892.00",4/1/2026,3/31/2027
2260,Forklift,1001,,114050,18X7-8 ELEVETA X3 16PR TT,"3,154.00",4/28/2025,9/30/2025
2260,Forklift,1001,,114051,21X8-9 ELEVETA X3 18PR TT,"4,724.00",4/1/2026,3/31/2027
2260,Forklift,1001,,114052,250-15 ELEVETA X3 16PR TT,"10,297.00",4/1/2026,3/31/2027
2260,Forklift,1001,,114053,300-15 ELEVETA X3 20PR TT,"13,125.12",4/1/2026,3/31/2027
2015,Truck Rad Tyres,1001,,114054,11.00R20 NEU 6,"24,641.00",5/5/2026,3/31/2027
2150,Tractor Rear,1001,,114056,16.9-28 AAYUSHMAAN 12PR TT E-MARKING,"23,275.00",4/1/2026,3/31/2027
2165,Farm Implement,1001,,114058,11.5/80-15.3 FARM IMP AWI305 16PR TL NEW,"4,791.05",4/1/2026,3/31/2027
2290,Skid Steer,1001,,114059,12-16.5 GRIP XL 5 12PR TL,"10,766.66",4/1/2026,3/31/2027
2165,Farm Implement,1001,,114060,VF385/65R22.5 HI-FLEX IMPLEMENT 163D TL,"25,140.00",4/28/2025,9/30/2025
2165,Farm Implement,1001,,114061,VF245/70R19.5 HI-FLEX IMPLEMENT 144D TL,"13,198.00",4/28/2025,9/30/2025
2297,Flotation Radial,1001,,114062,800/40R22.5 FLOATMAX FT 170D TL SB,"47,220.00",4/1/2026,3/31/2027
2165,Farm Implement,1001,,114063,VF265/70R19.5 HI-FLEX IMPLEMENT 148D TL,"12,570.00",4/28/2025,9/30/2025
2165,Farm Implement,1001,,114064,VF285/70R19.5 HI-FLEX IMPLEMENT 150D TL,"14,455.00",4/28/2025,9/30/2025
2176,Tractor Radial,1001,,114065,VF620/70R26 TORQUEMAX 173D TL SB,"51,243.72",4/1/2026,3/31/2027
2165,Farm Implement,1001,,114066,VF255/70R22.5 HI-FLEX IMPLEMENT 149D TL,"15,084.00",4/28/2025,9/30/2025
2155,Farmax Rear,1001,,114068,14.9-24 FARMAX R2 8PR TT,"18,431.86",4/1/2026,3/31/2027
2294,Harvester Bias,1001,,114069,24.5-32 YIELDMAX 23 14PR TL,"58,219.00",4/1/2026,3/31/2027
2122,MOTORCYCLE TL TYRE,1001,,114072,100/80-18 ZOOM-H TL 53P LRR,"1,317.00",5/1/2026,3/31/2027
2122,MOTORCYCLE TL TYRE,1001,,114073,80/100-18 ZOOM-H F TL 47P LRR,"1,156.00",5/1/2026,3/31/2027
2095,PCUV 17 PLUS,1001,,114077,T155/90R18 STEPNEE TL 113M XUV7,"5,000.00",4/1/2026,3/31/2027
2112,Scooter TL Tyres,1001,,114078,110/90-10 ZOOM X3 TL 61J,"1,202.00",5/1/2026,3/31/2027
2140,Tractor Front,1001,,114080,9.5-20 PUDDLE XL 8PR TT,"8,485.00",4/1/2026,3/31/2027
2150,Tractor Rear,1001,,114081,15.9-28 PUDDLE XL 12PR TT,"22,704.00",4/1/2026,3/31/2027
2155,Farmax Rear,1001,,114082,24.5-32 FARMAX R1 12PR TL,"47,024.09",4/1/2026,3/31/2027
2176,Tractor Radial,1001,,114083,800/70R38 FARMAX HPT 187D/190A8 TL SB,"116,906.80",4/1/2026,3/31/2027
2100,UV Rad Tyres,1001,,114084,215/60R16 SecuraDrive SUV TL 95H,"5,068.00",4/1/2026,3/31/2027
2100,UV Rad Tyres,1001,,114085,195/60R16 SecuraDrive SUV TL 89H,"5,088.00",4/1/2026,3/31/2027
2100,UV Rad Tyres,1001,,114132,245/70R16 CrossDrive AT TL 111S XL CEAT,"6,900.00",4/1/2026,3/31/2027
2100,UV Rad Tyres,1001,,114133,LT235/75R15 CrossDrive AT TL 116/113R CE,"7,020.00",5/1/2026,3/31/2027
2176,Tractor Radial,1001,,114161,480/80R26 FARMAX R80 143D/146A8 TL,"34,867.24",4/1/2026,3/31/2027
2176,Tractor Radial,1001,,114162,480/80R42 FARMAX R80 151D/154A8 TL,"48,847.12",4/1/2026,3/31/2027
2176,Tractor Radial,1001,,114164,480/80R42 FARMAX R80 153D/156A8 TL,"48,847.12",4/1/2026,3/31/2027
2176,Tractor Radial,1001,,114166,480/80R42 FARMAX R80 169D/172A8 TL,"53,403.42",4/1/2026,3/31/2027
2176,Tractor Radial,1001,,114167,480/80R42 FARMAX R80 169D/172A8 CUT RES,"46,583.24",4/1/2026,3/31/2027
2176,Tractor Radial,1001,,114168,480/80R46 FARMAX R80 158D/161A8 TL,"57,994.00",4/1/2026,3/31/2027
2176,Tractor Radial,1001,,114169,480/80R46 FARMAX R80 158D/161A8 TL TL CU,"46,404.00",4/1/2026,3/31/2027
2176,Tractor Radial,1001,,114170,480/80R46 FARMAX R80 164D/167A8 TL,"53,903.47",4/1/2026,3/31/2027
2176,Tractor Radial,1001,,114171,480/80R46 FARMAX R80 164D/167A8 TL CUT R,"47,368.80",4/1/2026,3/31/2027
2176,Tractor Radial,1001,,114172,320/80R42 FARMAX RC 141D/144A8 TL,"24,560.00",4/1/2026,3/31/2027
2296,Row Crop Radial,1001,,114173,VF380/105R54 SPRAYMAX 180D TL SB,"57,010.77",4/1/2026,3/31/2027
2015,Truck Rad Tyres,1001,,114174,295.90R20 WINSUPER X3-D TT,"20,208.00",5/5/2026,3/31/2027
2090,Car Rad Tyres,1001,,114180,145/80R12 MILAZE X3 TL 74T,"2,339.00",4/11/2026,3/31/2027
2090,Car Rad Tyres,1001,,114184,145/80R13 Milaze X3 TL 75T,"2,632.00",4/11/2026,3/31/2027
2090,Car Rad Tyres,1001,,114185,155/80R13 MILAZE X3 TL 79T,"2,846.00",4/11/2026,3/31/2027
2090,Car Rad Tyres,1001,,114186,165/70R14 FUELSMARRT  TL 81T,"2,634.00",4/11/2026,3/31/2027
2090,Car Rad Tyres,1001,,114187,165/70R14 MILAZE X3 TL 81T,"2,700.00",4/11/2026,3/31/2027
2090,Car Rad Tyres,1001,,114188,175/60R15 SecuraDrive TL 81H,"3,341.00",4/1/2026,3/31/2027
2090,Car Rad Tyres,1001,,114191,185/65R15 SECURADRIVE TL 88H,"4,281.00",4/11/2026,3/31/2027
2090,Car Rad Tyres,1001,,114192,185/70R14 MILAZE X3 TL 88T,"3,671.00",4/11/2026,3/31/2027
2090,Car Rad Tyres,1001,,114193,195/55R16 SECURADRIVE  TL,"5,439.00",4/11/2026,3/31/2027
2090,Car Rad Tyres,1001,,114194,195/60R15 SECURADRIVE  TL 88V,"5,416.00",4/11/2026,3/31/2027
2090,Car Rad Tyres,1001,,114195,195/65R15 SECURADRIVE  TL,"4,879.00",4/11/2026,3/31/2027
2090,Car Rad Tyres,1001,,114196,205/65R16 SecuraDrive TL 95H,"5,051.00",4/1/2026,3/31/2027
2090,Car Rad Tyres,1001,,114197,215/60R16 SecuraDrive TL,"5,068.00",4/11/2026,3/31/2027
2095,PCUV 17 PLUS,1001,,114198,215/55R17 SecuraDrive TL,"5,480.00",4/11/2026,3/31/2027
2095,PCUV 17 PLUS,1001,,114199,215/60R17 SecuraDrive TL,"5,651.00",4/11/2026,3/31/2027
2100,UV Rad Tyres,1001,,114200,195/60R16 SecuraDrive TL,"5,088.00",4/11/2026,3/31/2027
2100,UV Rad Tyres,1001,,114202,205/60R16 SecuraDrive TL,"5,758.00",4/11/2026,3/31/2027
2100,UV Rad Tyres,1001,,114203,215/75R15 MILAZE LT TT 115/113S,"4,807.00",4/11/2026,3/31/2027
2100,UV Rad Tyres,1001,,114204,215/75R15 Milaze TL 115/113S,"5,136.00",4/11/2026,3/31/2027
2112,Scooter TL Tyres,1001,,114205,100/80-12 Zoom X3 TL 56L,"1,197.00",4/13/2026,3/31/2027
2112,Scooter TL Tyres,1001,,114206,90/100-10 ZOOM D  TL 53J,846.00,4/13/2026,3/31/2027
2112,Scooter TL Tyres,1001,,114207,90/90-12 ZOOM HI  TL 54J,896.00,4/1/2026,3/31/2027
2015,Truck Rad Tyres,1001,,114208,11.00R20 WINLOAD X3-D TT 16 PR,"21,738.00",5/5/2026,3/31/2027
2120,MOTORCYCLE TT TYRE,1001,,114210,120/90-17 GRIPP XL TT 64S,"2,014.00",4/13/2026,3/31/2027
2120,MOTORCYCLE TT TYRE,1001,,114211,2.75-18 GRIPP X5 TT 48P + Tube,"1,173.00",4/13/2026,3/31/2027
2120,MOTORCYCLE TT TYRE,1001,,114212,2.75-18 MILAZE TT 48P + Tube,"1,102.00",4/13/2026,3/31/2027
2120,MOTORCYCLE TT TYRE,1001,,114213,2.75-18 SEC F85 TT 42P + Tube,"1,063.00",4/13/2026,3/31/2027
2120,MOTORCYCLE TT TYRE,1001,,114214,2.75-18 SEC ZOOM F TT 42P + Tube,"1,056.00",4/13/2026,3/31/2027
2120,MOTORCYCLE TT TYRE,1001,,114215,3.00-17 GRIPP X5 TT 50P + Tube,"1,231.00",4/13/2026,3/31/2027
2120,MOTORCYCLE TT TYRE,1001,,114217,3.00-17 MILAZE TT 50P + Tube,"1,174.00",4/13/2026,3/31/2027
2120,MOTORCYCLE TT TYRE,1001,,114219,3.00-18 GRIPP X5 TT 52P + Tube,"1,264.00",4/13/2026,3/31/2027
2120,MOTORCYCLE TT TYRE,1001,,114220,3.00-18 MILAZE TT 52P + Tube,"1,193.00",4/13/2026,3/31/2027
2120,MOTORCYCLE TT TYRE,1001,,114221,90/90-21 GRIPP XL F TT 54S,"1,875.00",4/13/2026,3/31/2027
2122,MOTORCYCLE TL TYRE,1001,,114222,100/80-17 ZOOM PLUS F TL 52P,"1,359.00",4/13/2026,3/31/2027
2122,MOTORCYCLE TL TYRE,1001,,114223,140/70-17 ZOOM PLUS  TL 66P,"2,116.00",4/13/2026,3/31/2027
2122,MOTORCYCLE TL TYRE,1001,,114224,80/100-18 SECURA ZOOM F TL 47P,"1,131.00",4/13/2026,3/31/2027
2122,MOTORCYCLE TL TYRE,1001,,114225,80/100-18 SECURA ZOOM+ TL 54P,"1,235.00",4/13/2026,3/31/2027
2122,MOTORCYCLE TL TYRE,1001,,114226,90/90-18 SECURA ZOOM+ TL 51P,"1,326.00",4/13/2026,3/31/2027
2125,MOTORCYCLE RAD TYRE,1001,,114227,130/70R17 ZOOM RAD TL 62H,"2,376.00",4/13/2026,3/31/2027
2125,MOTORCYCLE RAD TYRE,1001,,114228,140/60R17 ZOOM RAD TL 63P,"2,176.00",4/13/2026,3/31/2027
2130,3-Wheeler Tyres,1001,,114229,4.00-8 BULAND TT 76E 6PR,962.00,4/13/2026,3/31/2027
2165,Farm Implement,1001,,114262,15/55-17 FARM IMP 404 26PR TL,"11,113.65",4/1/2026,3/31/2027
2165,Farm Implement,1001,,114263,200/60-14.5 FARM IMPLEMENT I-1 14PR TL,"3,183.52",4/1/2026,3/31/2027
2165,Farm Implement,1001,,114264,250/65-14.5 FARM IMPLEMENT I-1 14PR TL,"4,563.70",4/1/2026,3/31/2027
2155,Farmax Rear,1001,,114265,23X8.50-12 TURF XL 4PR TL,"1,927.80",4/1/2026,3/31/2027
2155,Farmax Rear,1001,,114266,23X8.50-12 TURF XL 6PR TL,"2,651.00",4/1/2026,3/31/2027
2250,BHL,1001,,114267,23X8.50-12 TYROCK SUPER X3 12PR TL,"3,463.68",4/1/2026,3/31/2027
2155,Farmax Rear,1001,,114268,7.00-18 FARMAX R1 6PR TT,"4,636.00",4/1/2026,3/31/2027
2280,Grader,1001,,114277,17.5-25 LOADER-XL G 16PR TL,"21,264.12",4/1/2026,3/31/2027
2630,Tractor Front Tubes,1001,,114279,TUBE 4.75-14 BR LOOSE,184.96,8/28/2025,8/31/2025
2871,GARDEN RADIAL TYRES,1001,,114282,360/70R24 LAWNMAX 122A8/B TL,"45,396.00",4/1/2026,3/31/2027
2871,GARDEN RADIAL TYRES,1001,,114283,280/70R16 LAWNMAX 112A8/B TL,"7,846.35",4/1/2026,3/31/2027
2871,GARDEN RADIAL TYRES,1001,,114284,220/55R12 LAWNMAX 82A8/B TL,"4,099.00",4/1/2026,3/31/2027
2010,Truck Bias Tyres,1001,,114285,10.00-20 MILE XL RIB 16 PR TT,"13,651.00",4/21/2026,3/31/2027
2010,Truck Bias Tyres,1001,,114286,10.00-20 MILE XL PRO 16 PR TT,"14,931.00",4/21/2026,3/31/2027
2020,Truck Rad Tyres,1001,,114288,295/90R20 HYTON R 16PR TT,"16,411.00",5/5/2026,3/31/2027
2020,Truck Rad Tyres,1001,,114289,295/90R20 HYTON AW 16PR TT,"16,517.00",5/5/2026,3/31/2027
2871,GARDEN RADIAL TYRES,1001,,114290,240/60R12 LAWNMAX 89A8/B TL,"4,828.00",4/1/2026,3/31/2027
2630,Tractor Front Tubes,1001,,114291,TUBE 9.5-18 BR LOOSE,480.00,4/1/2026,3/31/2027
2150,Tractor Rear,1001,,114295,9.5-18 PUDDLE XL 6PR TT,"6,049.00",4/1/2026,3/31/2027
2126,Motorcycle Premium B,1001,,114297,130/80-17 GRIPP CRUZ TL 65H,"2,222.00",4/1/2026,3/31/2027
2126,Motorcycle Premium B,1001,,114298,100/90-18 GRIPP CRUZ F TL 56H,"1,824.00",5/1/2026,3/31/2027
2140,Tractor Front,1001,,114299,9.5-22 PUDDLE XL 8PR TT,"9,800.00",4/1/2026,3/31/2027
2260,Forklift,1001,,114302,11.00-20 ELEVETA PLUS 18PR TT,"21,762.05",4/1/2026,3/31/2027
2250,BHL,1001,,114303,14.00-25 LOAD XL 12PR TT,"30,420.00",4/1/2026,3/31/2027
2112,Scooter TL Tyres,1001,,114304,90/90-12 ZOOM HI HONDA NON-E4 TL 54J,922.00,5/1/2026,3/31/2027
2176,Tractor Radial,1001,,114305,420/90R30 FARMAX R90 142D/145A8 TL,"43,978.00",4/1/2026,3/31/2027
2176,Tractor Radial,1001,,114306,420/90R30 FARMAX R90 147D/150A8 TL,"29,858.01",4/1/2026,3/31/2027
2112,Scooter TL Tyres,1001,,114307,120/70-10 ZOOM X3 TL 54L,"1,157.00",5/1/2026,3/31/2027
2112,Scooter TL Tyres,1001,,114308,100/90-10 ZOOM X3 TL 61J,939.00,5/1/2026,3/31/2027
2097,Altura PCUV,1001,,114312,185/65R15 Altura S100 TL 88H,"2,339.00",4/1/2026,3/31/2027
2097,Altura PCUV,1001,,114313,195/55R16 Altura S100 TL 87V,"2,785.00",4/1/2026,3/31/2027
2097,Altura PCUV,1001,,114314,205/65R16 Altura S100 TL 95H,"3,132.00",4/1/2026,3/31/2027
2097,Altura PCUV,1001,,114315,215/60R16 Altura S100 TL 95H,"3,026.00",4/1/2026,3/31/2027
2140,Tractor Front,1001,,114318,180/85D12 AAYUSHMAAN DEEP LUG 6PR TT,"2,150.00",4/1/2026,3/31/2027
2095,PCUV 17 PLUS,1001,,114319,265/70R17HighwayTerrain A/S 115T,"10,000.00",4/1/2026,3/31/2027
2640,Tractor Rear Tubes,1001,,114320,TUBE 23.1-30 BR LOOSE,"2,446.74",4/1/2026,3/31/2027
2015,Truck Rad Tyres,1001,,114321,13R22.5 WINLOAD AW 158/156K 20PR,"28,000.00",4/1/2026,3/31/2027
2015,Truck Rad Tyres,1001,,114322,13R22.5 WINLOAD D 158/156K 20PR,"28,000.00",4/1/2026,3/31/2027
2015,Truck Rad Tyres,1001,,114323,385/65R22.5 WINLOAD-AW 164K TL 20PR,"28,000.00",4/1/2026,3/31/2027
2015,Truck Rad Tyres,1001,,114324,315/80R22.5 WINLOAD D 158/156K 20PR,"28,000.00",4/1/2026,3/31/2027
2015,Truck Rad Tyres,1001,,114325,315/80R22.5 WINLOAD AW 158/156K 20PR,"28,000.00",4/1/2026,3/31/2027
2211,OTR Radial,1001,,114326,20.5R25 TRAC XLR51 L3 ** TL 177B/193A2,"87,601.00",4/28/2025,9/30/2025
2211,OTR Radial,1001,,114327,23.5R25 TRAC XLR51 L3 ** TL 185B/201A2,"117,639.00",4/28/2025,9/30/2025
2211,OTR Radial,1001,,114329,29.5R25 TRAC XLR11 E3/L3** TL 200B/216A2,"216,490.00",4/28/2025,9/30/2025
2297,Flotation Radial,1001,,114333,600/50 R 22.5 FLOATMAX FT 168B TL SB,"33,495.00",4/28/2025,9/30/2025
2095,PCUV 17 PLUS,1001,,114334,T125/70R18 STEPNEE TL 99M SK,"10,000.00",4/1/2026,3/31/2027
2095,PCUV 17 PLUS,1001,,114335,T145/85R18 STEPNEE TL 111M SK,"10,000.00",4/1/2026,3/31/2027
2100,UV Rad Tyres,1001,,114336,205/65R16 Milaze X5 TL 95S DOM,"5,292.00",4/1/2026,3/31/2027
2115,E-Rickshaw Tyres,1001,,114337,100/90-12 BULAND X3 TL 68B,"1,111.00",4/1/2026,3/31/2027
2150,Tractor Rear,1001,,114338,9.5-24 SAMRAAT SUPER 12PR TT,"9,675.00",12/24/2024,3/31/2025
2060,LM Rad Tyres,1001,,114339,120/80R12 WINENERGY X3-R TL 74F,"1,887.00",4/1/2026,3/31/2027
2100,UV Rad Tyres,1001,,114340,215/75R15 CrossDrive HT TL 100H MM NEO,"4,910.00",4/1/2026,3/31/2027
2095,PCUV 17 PLUS,1001,,114341,275/35R19 SportDrive TL 100Y XL CEAT,"12,300.00",4/1/2026,3/31/2027
2095,PCUV 17 PLUS,1001,,114342,245/50R19 SportDrive TL 105Y XL CEAT,"10,000.00",4/1/2026,3/31/2027
2095,PCUV 17 PLUS,1001,,114343,245/40R20 SportDrive TL 99Y XL CEAT,"12,000.00",5/4/2026,3/31/2027
2095,PCUV 17 PLUS,1001,,114344,245/35R19 SportDrive TL 93Y XL CEAT,"10,000.00",4/1/2026,3/31/2027
2095,PCUV 17 PLUS,1001,,114345,245/35R18 SportDrive TL 92Y XL CEAT,"12,000.00",4/1/2026,3/31/2027
2095,PCUV 17 PLUS,1001,,114346,235/50R17 SportDrive TL 96Y CEAT,"10,000.00",4/1/2026,3/31/2027
2095,PCUV 17 PLUS,1001,,114347,235/45R19 SportDrive TL 99Y XL CEAT,"12,000.00",4/1/2026,3/31/2027
2095,PCUV 17 PLUS,1001,,114348,235/40R19 SportDrive TL 96Y XL CEAT,"10,000.00",4/1/2026,3/31/2027
2095,PCUV 17 PLUS,1001,,114349,235/35R20 SportDrive TL 92Y XL CEAT,"15,000.00",4/1/2026,3/31/2027
2095,PCUV 17 PLUS,1001,,114350,225/45R19 SportDrive TL 96Y XL CEAT,"12,000.00",4/1/2026,3/31/2027
2120,MOTORCYCLE TT TYRE,1001,,114351,3.00-18 SecuraLYFE TT 52P,"1,139.00",5/1/2026,3/31/2027
2126,Motorcycle Premium B,1001,,114352,80/100-17 ZOOM PLUS X F TL 46P,"1,126.00",5/1/2026,3/31/2027
2126,Motorcycle Premium B,1001,,114353,100/80-17 ZOOM PLUS X TL 58P,"1,414.00",5/1/2026,3/31/2027
2600,Scooter Tubes Loose,1001,,114354,TUBE 3.75-12 LOOSE,188.00,4/1/2026,3/31/2027
2155,Farmax Rear,1001,,114355,23.1-26 FARMAX R1 18PR TL DUAL BEAD,"46,540.00",4/1/2026,3/31/2027
2294,Harvester Bias,1001,,114356,30.5L-32 YIELDMAX 23 18PR TL DUAL BEAD,"48,773.00",4/1/2026,3/31/2027
2015,Truck Rad Tyres,1001,,114357,11R24.5 WINMILE-D CS 149/146L TL 16PR,"25,000.00",4/1/2026,3/31/2027
2015,Truck Rad Tyres,1001,,114358,11R24.5 WINMILE-S 149/146L TL 16PR,"25,000.00",4/1/2026,3/31/2027
2155,Farmax Rear,1001,,114362,16X6.50-8 TURF XL 2PR TL,854.00,4/28/2025,9/30/2025
2155,Farmax Rear,1001,,114363,710/45-26.5 FOREST XL 24PR TL STEEL SHIE,"65,442.00",4/1/2026,3/31/2027
2090,Car Rad Tyres,1001,,114364,145/70R13 EnergyDrive EV TL 71T,"5,000.00",4/1/2026,3/31/2027
2110,Scooter TT Tyres,1001,,114365,60/100-17 SECURA ZOOM F TT 33L,"10,098.00",4/1/2026,3/31/2027
2110,Scooter TT Tyres,1001,,114366,80/100-14 SECURA ZOOM + TT 49L,"10,098.00",4/1/2026,3/31/2027
2140,Tractor Front,1001,,114371,180/85D12 AAYUSHMAAN PLUS 6PR TT R1,"2,062.86",4/1/2026,3/31/2027
2090,Car Rad Tyres,1001,,114389,175/60R15 Securadrive SD004 TL 81H,"3,539.00",4/11/2026,3/31/2027
2090,Car Rad Tyres,1001,,114392,185/65R15 SecuraDrive SD004 TL 88H,"4,281.00",4/11/2026,3/31/2027
2090,Car Rad Tyres,1001,,114398,205/60R16 SecuraDrive SD004 TL 92H,"5,758.00",4/11/2026,3/31/2027
2090,Car Rad Tyres,1001,,114408,215/60R16 SecuraDrive SD004 TL 95H,"5,068.00",4/11/2026,3/31/2027
2090,Car Rad Tyres,1001,,114429,235/65R17 SECURADRIVE SUV TL 104H,"8,815.00",4/11/2026,3/31/2027
2090,Car Rad Tyres,1001,,114451,215/55R17 SECURADRIVE SD004 TL 94V,"5,696.00",4/11/2026,3/31/2027
2300,Telehandler Radial,1001,,114465,540/80R38 MULTILOADMAX 167D/172A8 TL SB,"45,686.00",4/1/2026,3/31/2027
2871,GARDEN RADIAL TYRES,1001,,114466,200/70R16 LAWNMAX 94A8/B TL FB,"47,795.00",4/1/2026,3/31/2027
2176,Tractor Radial,1001,,114467,VF 520/60R28 TORQUEMAX 149D TL SB,"31,757.14",4/1/2026,3/31/2027
2176,Tractor Radial,1001,,114468,VF600/60R34 TORQUEMAX 160D TL SB NRO,"55,140.00",4/28/2025,9/30/2025
2871,GARDEN RADIAL TYRES,1001,,114469,215/65R14 LAWNMAX 90A8/B TL,"3,758.36",4/1/2026,3/31/2027
2871,GARDEN RADIAL TYRES,1001,,114470,300/70R20  LAWNMAX 110A8/B TL,"10,246.00",4/1/2026,3/31/2027
2176,Tractor Radial,1001,,114471,VF620/70R46 TORQUEMAX 179D TL SB,"76,685.48",4/1/2026,3/31/2027
2297,Flotation Radial,1001,,114472,710/50R30.5  FLOATMAX RT 173D TL SB,"48,197.00",4/1/2026,3/31/2027
2176,Tractor Radial,1001,,114473,380/85R28 VARDHAN R85 R-1 12PR TL,"21,176.00",1/11/2025,1/15/2025
2176,Tractor Radial,1001,,114474,VF900/65R46 TORQUEMAX 196D TL SB,"142,980.28",4/1/2026,3/31/2027
2176,Tractor Radial,1001,,114475,VF750/65R26 TORQUEMAX 180D TL SB CFO,"64,549.67",4/1/2026,3/31/2027
2297,Flotation Radial,1001,,114476,500/50R17 FARM IMPLIMENT 800R 151D TL SB,"17,110.40",4/1/2026,3/31/2027
2045,Light Truck Steel,1001,,114478,7.50R16 LT WINMILE AW 122/118L 14PR TT,"9,000.00",4/1/2026,3/31/2027
2120,MOTORCYCLE TT TYRE,1001,,114480,3.00-17 SecuraLYFE TT 50P,"1,121.00",5/1/2026,3/31/2027
2122,MOTORCYCLE TL TYRE,1001,,114481,3.00-18 SecuraLYFE TL 52P,"1,257.00",5/1/2026,3/31/2027
2126,Motorcycle Premium B,1001,,114482,100/90-17 SecuraLYFE TL 55P,"1,560.00",5/1/2026,3/31/2027
2190,Earthmover/Loader,1001,,114483,29.5-25 TRAC XL TL 34PR L3,"117,658.15",4/1/2026,3/31/2027
2095,PCUV 17 PLUS,1001,,114484,265/70R17 CrossDrive HT 115H CEAT,"10,200.00",4/1/2026,3/31/2027
2112,Scooter TL Tyres,1001,,114485,90/90-12 ZOOM D TL 54J AMPERE,922.00,5/1/2026,3/31/2027
2126,Motorcycle Premium B,1001,,114486,110/80-17 SecuraLYFE TL 57P,"1,611.00",5/1/2026,3/31/2027
2126,Motorcycle Premium B,1001,,114487,100/90-18 SecuraLYFE TL 56P,"1,560.00",5/1/2026,3/31/2027
2126,Motorcycle Premium B,1001,,114488,80/100-17 SecuraLYFE TL 53P,"1,206.00",5/1/2026,3/31/2027
2122,MOTORCYCLE TL TYRE,1001,,114489,3.00-17 SecuraLYFE TL 50P,"1,218.00",5/1/2026,3/31/2027
2120,MOTORCYCLE TT TYRE,1001,,114490,2.75-18 SecuraLYFE TT 48P,"1,047.00",5/1/2026,3/31/2027
2122,MOTORCYCLE TL TYRE,1001,,114491,2.75-18 SecuraLYFE TL 48P,"1,144.00",5/1/2026,3/31/2027
2015,Truck Rad Tyres,1001,,114492,315/80R22.5 WINLOAD-AW HD 161/157K 20PR,"26,000.00",4/1/2026,3/31/2027
2112,Scooter TL Tyres,1001,,114493,110/80-14 GRIPP CRUZ F TL 53P,"1,515.00",4/1/2026,3/31/2027
2112,Scooter TL Tyres,1001,,114494,130/70-13 GRIPP CRUZ TL 57P,"1,616.00",4/1/2026,3/31/2027
2112,Scooter TL Tyres,1001,,114495,90/90-12 ZOOM X3 TL 54J AAWP,922.00,5/1/2026,3/31/2027
2297,Flotation Radial,1001,,114496,650/65R30.5 FLOATMAX RT 176D TL SB,"33,505.27",4/1/2026,3/31/2027
2230,Flotation Bias,1001,,114497,400/55-22.5 T422 VALUE PRO 20PR  TL,"17,388.00",4/1/2026,3/31/2027
2510,Truck Rad Tubes,1001,,114498,TUBE 12.00R20 LOOSE CB,"2,000.00",4/1/2026,3/31/2027
2126,Motorcycle Premium B,1001,,114499,90/90-17 ZOOM X3 F TL 49P BAJAJ,"1,262.00",5/1/2026,3/31/2027
2126,Motorcycle Premium B,1001,,114500,120/80-17 ZOOM X3 TL 61P BAJAJ,"1,864.00",5/1/2026,3/31/2027
2122,MOTORCYCLE TL TYRE,1001,,114503,80/100-18 ZOOM PLUS F TL 47P OLA,"1,156.00",5/1/2026,3/31/2027
2155,Farmax Rear,1001,,114507,14.9-24 12PR FARMAX R1 TT ALT,"12,676.74",4/1/2026,3/31/2027
2155,Farmax Rear,1001,,114508,18.4-34 14PR FARMAX R1 TT ALT,"23,033.19",4/1/2026,3/31/2027
2230,Flotation Bias,1001,,114510,400/60-15.5 T422 VALUE PRO TL 16PR ALT,"10,610.72",4/1/2026,3/31/2027
2230,Flotation Bias,1001,,114511,400/55-22.5 T422 VALUE PRO TL 16PR ALT,"14,362.00",4/28/2025,9/30/2025
2810,TRUCK BIAS FLAPS,1001,,114518,"FLAP 11.00-20,12.00-20 RC",540.00,4/1/2026,3/31/2027
2865,Forklift Flaps,1001,,114519,FLAP 6.00-9 RC,90.00,4/1/2026,3/31/2027
2865,Forklift Flaps,1001,,114520,FLAP 6.50-10 RC,180.00,4/1/2026,3/31/2027
2865,Forklift Flaps,1001,,114521,FLAP 7.00-12 RC,270.00,4/1/2026,3/31/2027
2865,Forklift Flaps,1001,,114522,FLAP 8.25-15 RC,360.00,4/1/2026,3/31/2027
2810,TRUCK BIAS FLAPS,1001,,114523,"FLAP 9.00-20,10.00-20 20N RC",450.00,4/1/2026,3/31/2027
2500,Truck Bias Tubes,1001,,114524,TUBE 10.00-20 LOOSE BR RC SPL,"1,080.00",4/1/2026,3/31/2027
2500,Truck Bias Tubes,1001,,114525,TUBE 12.00-20 LOOSE BR RC SPL,"1,260.00",4/1/2026,3/31/2027
2700,Forklift Tubes,1001,,114526,TUBE 6.00-9 BR RC,360.00,4/1/2026,3/31/2027
2700,Forklift Tubes,1001,,114527,TUBE 6.50-10 BR RC,405.00,4/1/2026,3/31/2027
2700,Forklift Tubes,1001,,114528,TUBE 7.00-12 BR RC,450.00,4/1/2026,3/31/2027
2700,Forklift Tubes,1001,,114529,TUBE 8.25-15 BR RC,630.00,4/1/2026,3/31/2027
2500,Truck Bias Tubes,1001,,114530,TUBE 9.00-20 LOOSE BR RC,900.00,4/1/2026,3/31/2027
2015,Truck Rad Tyres,1001,,114532,295/80R22.5 WINLOAD X5-D 152/148K,"26,000.00",4/1/2026,3/31/2027
2095,PCUV 17 PLUS,1001,,114536,225/50R18 SportDrive TL 99W XL DOM,"11,367.00",4/1/2026,3/31/2027
2095,PCUV 17 PLUS,1001,,114537,225/55R18 SportDrive TL 102W XL DOM,"9,710.00",4/1/2026,3/31/2027
2095,PCUV 17 PLUS,1001,,114538,285/60R18 CrossDrive AT 116S TL DOM,"12,496.00",5/1/2026,3/31/2027
2155,Farmax Rear,1001,,114539,30.5L-32 FARMAX R1 12PR TL,"48,046.00",4/1/2026,3/31/2027
2871,GARDEN RADIAL TYRES,1001,,114540,200/60R15 LAWNMAX 83A8/B TL,"49,275.00",4/1/2026,3/31/2027
2871,GARDEN RADIAL TYRES,1001,,114541,200/65R16 LAWNMAX 94A8/B TL,"4,121.45",4/1/2026,3/31/2027
2871,GARDEN RADIAL TYRES,1001,,114542,340/85R28 LAWNMAX127A8/B TL,"45,432.00",4/1/2026,3/31/2027
2871,GARDEN RADIAL TYRES,1001,,114543,380/70R24 LAWNMAX 125A8/B TL,"13,918.09",4/1/2026,3/31/2027
2871,GARDEN RADIAL TYRES,1001,,114544,320/70R20  LAWNMAX 113A8/B TL,"10,245.80",4/1/2026,3/31/2027
2871,GARDEN RADIAL TYRES,1001,,114545,280/70R18 LAWNMAX 114A8/B TL,"8,556.21",4/1/2026,3/31/2027
2871,GARDEN RADIAL TYRES,1001,,114546,260/70R18 LAWNMAX 114A8/B TL FB,"7,421.95",4/1/2026,3/31/2027
2871,GARDEN RADIAL TYRES,1001,,114547,480/70R30 LAWNMAX 141A8/B TL FB,"44,303.00",4/1/2026,3/31/2027
2015,Truck Rad Tyres,1001,,114548,255/70R22.5 WINMILE-S 140/137M TL 16PR,"21,000.00",4/1/2026,3/31/2027
2871,GARDEN RADIAL TYRES,1001,,114549,320/85R28 LAWNMAX 124A8/B TL FB,"45,732.00",4/1/2026,3/31/2027
2112,Scooter TL Tyres,1001,,114550,90/100-10 SecuraLYFE TL 53J,963.00,5/1/2026,3/31/2027
2112,Scooter TL Tyres,1001,,114551,90/90-12 SecuraLYFE TL 54J,"1,028.00",5/1/2026,3/31/2027
2122,MOTORCYCLE TL TYRE,1001,,114552,90/90-18 ZOOM X3 TL 51P,"1,376.00",5/1/2026,3/31/2027
2115,E-Rickshaw Tyres,1001,,114561,3.75-12 Buland X1 TT 66E,959.00,4/21/2026,3/31/2027
2127,Motorcycle Steel RAD,1001,,114562,130/80R17 CROSSRAD TL 65H,"7,590.00",5/1/2026,3/31/2027
2122,MOTORCYCLE TL TYRE,1001,,114563,100/90-19 GRIPPCROSS TL 57H,"2,580.00",5/1/2026,3/31/2027
2145,Farmax Front,1001,,114565,7-12 FARMAX R1 6PR TL,"9,700.00",4/1/2026,3/31/2027
2145,Farmax Front,1001,,114566,7-14 FARMAX R1 4PR TT,"2,299.00",4/1/2026,3/31/2027
2095,PCUV 17 PLUS,1001,,114572,LT275/70R18 CrossDrive RT 125/122S TL CE,"12,000.00",4/1/2026,3/31/2027
2015,Truck Rad Tyres,1001,,114573,295/90R20 NEU 7,"19,266.00",5/5/2026,3/31/2027
2045,Light Truck Steel,1001,,114574,7.50R16 LT ALTURA NXG R1 14PR TT,"9,200.00",4/1/2026,3/31/2027
2045,Light Truck Steel,1001,,114575,7.00R16 LT ALTURA NXG R1 14PR TT LV,"8,000.00",4/1/2026,3/31/2027
2640,Tractor Rear Tubes,1001,,114576,TUBE 13.6-28 BR LOOSE SPL OE,"1,885.00",9/21/2024,9/30/2024
2297,Flotation Radial,1001,,114577,500/60R22.5 FLOATMAX FT 163D TL SB,"29,081.68",4/1/2026,3/31/2027
2297,Flotation Radial,1001,,114578,500/60R22.5 FLOATMAX RT 163DTL SB,"23,879.75",4/1/2026,3/31/2027
2015,Truck Rad Tyres,1001,,114581,295/80R22.5WINSUPER X3-D154/149M18PR-LRR,"21,773.00",4/1/2026,3/31/2027
2015,Truck Rad Tyres,1001,,114582,295/80R22.5WINMILE X3-R154/149M 18PR-LRR,"21,178.00",5/5/2026,3/31/2027
2145,Farmax Front,1001,,114583,7.50-16 FARMAX F2 12PR TT,"5,181.69",4/1/2026,3/31/2027
2155,Farmax Rear,1001,,114584,12.4-24 FARMAX + R1 10PR TT,"13,112.00",4/1/2026,3/31/2027
2155,Farmax Rear,1001,,114585,14.9-24 FARMAX + R1 12PR TT,"16,955.00",4/1/2026,3/31/2027
2155,Farmax Rear,1001,,114586,14.9-28 FARMAX + R1 10PR TT,"19,781.00",4/1/2026,3/31/2027
2155,Farmax Rear,1001,,114587,18.4-30 FARMAX + R1 12PR TT,"28,101.00",4/1/2026,3/31/2027
2010,Truck Bias Tyres,1001,,114588,10.00-20 HCL SUPER 16PR TT L,"13,995.00",4/21/2026,3/31/2027
2010,Truck Bias Tyres,1001,,114589,10.00-20 FM SUPER 16PR TT L,"13,214.00",4/21/2026,3/31/2027
2010,Truck Bias Tyres,1001,,114590,295/95D20 LUG XL PRO TT,"14,665.00",4/1/2026,3/31/2027
2211,OTR Radial,1001,,114591,26.5R25 TRAC XLR51 L-3 ** TL 209A2/193B,"160,934.00",4/28/2025,9/30/2025
2112,Scooter TL Tyres,1001,,114600,90/90-12 Zoom X3 TL 54J,902.00,4/13/2026,3/31/2027
2095,PCUV 17 PLUS,1001,,114601,235/55R19 SportDrive SUV 105V TL XL MM,"10,388.00",4/1/2026,3/31/2027
2095,PCUV 17 PLUS,1001,,114602,235/55R18 SportDrive SUV TL 100V MG,"10,400.00",4/1/2026,3/31/2027
2095,PCUV 17 PLUS,1001,,114603,315/40ZR21 SportDrive SUV TL 115Y XL CAL,"27,023.00",4/1/2026,3/31/2027
2015,Truck Rad Tyres,1001,,114604,295/80R22.5 WINENERGY X3-R E+ 18PR TL,"23,000.00",4/1/2026,3/31/2027
2112,Scooter TL Tyres,1001,,114605,130/80-12 PRO GRIPP X TL 69J,"1,703.00",4/1/2026,3/31/2027
2297,Flotation Radial,1001,,114606,800/40R22.5 FLOATMAX FT 176B TL SB,"47,220.00",4/1/2026,3/31/2027
2297,Flotation Radial,1001,,114607,750/60R30.5 FLOATMAX RT 181D TL SB,"65,501.00",4/1/2026,3/31/2027
2090,Car Rad Tyres,1001,,114608,175/65R14 SecuraDrive SD004 TL 82T DOM,"3,826.00",5/1/2026,3/31/2027
2871,GARDEN RADIAL TYRES,1001,,114609,240/70R16 LAWNMAX 104A8/B TL,"6,172.00",4/1/2026,3/31/2027
2298,Harvester Radial,1001,,114610,800/70R32 YIELDMAX 181A8 TL SB,"105,991.00",4/1/2026,3/31/2027
2296,Row Crop Radial,1001,,114611,VF480/95R50 SPRAYMAX 181D TL SB,"76,358.78",4/1/2026,3/31/2027
2296,Row Crop Radial,1001,,114612,VF320/90R50 SPRAYMAX 169D TL SB,"44,236.00",4/1/2026,3/31/2027
2297,Flotation Radial,1001,,114613,800/60R32 FLOATMAX CARGO XL 185D TL SB,"81,738.40",4/1/2026,3/31/2027
2176,Tractor Radial,1001,,114614,VF580/85R42 TORQUEMAX  183D TL SB,"46,592.00",4/1/2026,3/31/2027
2297,Flotation Radial,1001,,114615,VF600/55R26.5 FLOATMAX VF X3 170D TL SB,"46,242.00",4/1/2026,3/31/2027
2176,Tractor Radial,1001,,114616,420/85R26 (16.9R26) FARMAX R85 138D/141A,"28,397.03",4/1/2026,3/31/2027
2297,Flotation Radial,1001,,114617,560/60R22.5 FLOATMAX RT 169D TL SB,"38,017.71",4/1/2026,3/31/2027
2297,Flotation Radial,1001,,114618,710/50R26.5 FLOATMAX RT 181D TL SB,"48,131.00",4/1/2026,3/31/2027
2297,Flotation Radial,1001,,114619,600/55R26.5 FLOATMAX RT 178D TL SB,"38,454.86",4/1/2026,3/31/2027
2871,GARDEN RADIAL TYRES,1001,,114620,260/70R16 LAWNMAX 109A8/B TL,"7,100.00",4/1/2026,3/31/2027
2871,GARDEN RADIAL TYRES,1001,,114621,420/70R24 LAWNMAX 130A8/B TL,"44,336.00",4/1/2026,3/31/2027
2871,GARDEN RADIAL TYRES,1001,,114622,380/70R20 LAWNMAX 122A8/B TL,"16,102.00",4/28/2025,9/30/2025
2126,Motorcycle Premium B,1001,,114624,120/80-17 SecuraLYFE TL 61P,"1,976.00",5/1/2026,3/31/2027
2112,Scooter TL Tyres,1001,,114625,120/70-14 ZOOM X3 TL 55P,"1,465.00",5/1/2026,3/31/2027
2112,Scooter TL Tyres,1001,,114626,120/70-12 ZOOM X3 TL 51P,"1,327.00",5/1/2026,3/31/2027
2112,Scooter TL Tyres,1001,,114627,130/80-12 ZOOM X3 TL 69J,"1,778.00",5/1/2026,3/31/2027
2095,PCUV 17 PLUS,1001,,114628,255/50R21 SportDrive SUV TL 106W DOM,"20,500.00",4/1/2026,3/31/2027
2095,PCUV 17 PLUS,1001,,114629,275/35R19 SportDrive TL 100Y XL DOM,"15,000.00",4/1/2026,3/31/2027
2095,PCUV 17 PLUS,1001,,114630,275/40R18 SportDrive TL 103Y XL DOM,"15,375.00",4/1/2026,3/31/2027
2095,PCUV 17 PLUS,1001,,114631,275/40R19 SportDrive TL 105Y XL DOM,"23,350.00",4/1/2026,3/31/2027
2095,PCUV 17 PLUS,1001,,114632,235/55R17 SportDrive SUV TL 103W XL DOM,"10,968.00",4/1/2026,3/31/2027
2095,PCUV 17 PLUS,1001,,114633,275/50R20 SportDrive SUV TL 113W XL DOM,"15,375.00",4/1/2026,3/31/2027
2095,PCUV 17 PLUS,1001,,114634,245/35R18 SportDrive TL 92Y XL DOM,"15,000.00",4/1/2026,3/31/2027
2095,PCUV 17 PLUS,1001,,114635,245/50R19 SportDrive TL 105Y XL CALM,"17,095.00",4/1/2026,3/31/2027
2095,PCUV 17 PLUS,1001,,114636,235/60R18 CZAR HP TL 103H U171,"10,000.00",4/1/2026,3/31/2027
2100,UV Rad Tyres,1001,,114637,235/70R16 CZAR HP TL 106H U171,"10,000.00",4/1/2026,3/31/2027
2010,Truck Bias Tyres,1001,,114638,10.00-20 MILE XL X3-D 16PR TT L,"15,397.00",4/21/2026,3/31/2027
2010,Truck Bias Tyres,1001,,114639,12.00-20 SCH 12 18PR TT L,"17,978.00",4/21/2026,3/31/2027
2010,Truck Bias Tyres,1001,,114640,355/90-20 HCL SCH 18PR TT L,"19,161.00",4/21/2026,3/31/2027
2010,Truck Bias Tyres,1001,,114641,12.00-20 HCL SUPER DEF 18PR TT L,"21,680.00",4/21/2026,3/31/2027
2010,Truck Bias Tyres,1001,,114642,355/90-20 HCL CC 18PR TT L,"18,301.00",4/21/2026,3/31/2027
2010,Truck Bias Tyres,1001,,114643,10.00-20 MILE XL RIB PRO 16PR TT L,"13,520.00",4/21/2026,3/31/2027
2010,Truck Bias Tyres,1001,,114644,10.00-20 FM 78 16PR TT L,"12,536.00",4/27/2026,3/31/2027
2010,Truck Bias Tyres,1001,,114645,10.00-20 TRAC XL 18PR TT L,"15,601.00",4/21/2026,3/31/2027
2010,Truck Bias Tyres,1001,,114646,10.00-20 RD PRO 18PR TT L,"14,687.00",4/21/2026,3/31/2027
2010,Truck Bias Tyres,1001,,114647,295/95D20 MILE XL X3-D TT L,"15,450.00",4/21/2026,3/31/2027
2010,Truck Bias Tyres,1001,,114648,295/95D20 HCL SUPER TT,"13,407.00",4/1/2026,3/31/2027
2010,Truck Bias Tyres,1001,,114649,295/95D20 FM SUPER TT,"12,418.00",4/1/2026,3/31/2027
2010,Truck Bias Tyres,1001,,114650,12.00-20 FM 18PR TT L,"17,049.00",4/21/2026,3/31/2027
2010,Truck Bias Tyres,1001,,114651,10.00-20 MAXIMA P501 +HD 16PR TT L,"14,903.00",4/21/2026,3/31/2027
2090,Car Rad Tyres,1001,,114652,165/70R14 SecuraDrive SD004 81T MSIL,"2,922.00",4/1/2026,3/31/2027
2090,Car Rad Tyres,1001,,114653,205/55R16 SecuraDrive X3 TL 94W XL CEAT,"19,999.00",4/1/2026,3/31/2027
2298,Harvester Radial,1001,,114655,IF1250/50R32 YIELDMAX IFLEX 201D TL SB,"179,865.30",4/1/2026,3/31/2027
2298,Harvester Radial,1001,,114656,VF1000/55R32 YIELDMAX VFLEX 197D TL SB,"137,844.25",4/1/2026,3/31/2027
2112,Scooter TL Tyres,1001,,114658,90/90-14 LYFE MAX TL 52P,900.00,4/1/2026,3/31/2027
2010,Truck Bias Tyres,1001,,114659,10.00-20 MILE XL X3-D TT 16PR,"15,397.00",4/21/2026,3/31/2027
2010,Truck Bias Tyres,1001,,114660,295/95D20 MILE XL X3-D TT,"15,450.00",4/21/2026,3/31/2027
2010,Truck Bias Tyres,1001,,114661,10.00-20 HCL SUPER TT 16PR,"13,995.00",4/21/2026,3/31/2027
2010,Truck Bias Tyres,1001,,114662,10.00-20 FM SUPER TT 16PR,"13,214.00",4/21/2026,3/31/2027
2126,Motorcycle Premium B,1001,,114667,110/70-17 ZOOM PLUS F TL 54S BAJAJ,"1,193.00",4/1/2026,3/31/2027
2126,Motorcycle Premium B,1001,,114668,140/70-17 ZOOM X3 P TL 66S BAJAJ,"2,095.00",4/1/2026,3/31/2027
2140,Tractor Front,1001,,114669,4.50-12 AAYUSHMAAN X3 6PR TT,"1,253.00",12/24/2024,3/31/2025
2250,BHL,1001,,114670,33X15.5-16.5 TYROCK SUPER X3 12PR TL,"9,255.72",4/1/2026,3/31/2027
2155,Farmax Rear,1001,,114673,24x12.00-12 CEAT TURF XL 4PR TL,"3,859.69",4/1/2026,3/31/2027
2230,Flotation Bias,1001,,114674,400/55-17.5 FLOTATION T422 14PR TL,"13,738.00",4/1/2026,3/31/2027
2150,Tractor Rear,1001,,114675,18.4-30 VARDHAN 14PR TT,"30,547.00",1/27/2025,2/15/2025
2112,Scooter TL Tyres,1001,,114677,100/90-12 LYFE MAX TL 59P,930.00,4/1/2026,3/31/2027
2095,PCUV 17 PLUS,1001,,114678,265/65R18 CrossDrive AT TL 114H CEAT,"12,000.00",4/1/2026,3/31/2027
2095,PCUV 17 PLUS,1001,,114679,265/75R16 CrossDrive AT TL 116T CEAT,"12,000.00",4/1/2026,3/31/2027
2095,PCUV 17 PLUS,1001,,114680,275/55R20 CrossDrive AT TL 117T XL CEAT,"12,000.00",4/1/2026,3/31/2027
2095,PCUV 17 PLUS,1001,,114681,275/60R20 CrossDrive AT TL 115H CEAT,"12,000.00",4/1/2026,3/31/2027
2095,PCUV 17 PLUS,1001,,114682,275/65R18 CrossDrive AT TL 116T CEAT,"15,000.00",4/1/2026,3/31/2027
2095,PCUV 17 PLUS,1001,,114683,285/70R17 CrossDrive AT TL 116T CEAT,"12,000.00",4/1/2026,3/31/2027
2095,PCUV 17 PLUS,1001,,114684,LT225/75R16 CrossDrive AT TL 115/112S CE,"10,000.00",4/1/2026,3/31/2027
2095,PCUV 17 PLUS,1001,,114688,285/45ZR21 SportDrive SUV TL 113Y XL CAL,"29,073.00",4/1/2026,3/31/2027
2095,PCUV 17 PLUS,1001,,114689,275/45ZR21 SportDrive SUV TL 110Y XL CAL,"24,973.00",4/1/2026,3/31/2027
2290,Skid Steer,1001,,114690,27x10.50-15 GM LOADER HD 8PR TL,"4,926.00",4/1/2026,3/31/2027
2155,Farmax Rear,1001,,114697,250/80-18 FARMAX R1 8PR TL,"5,342.20",4/1/2026,3/31/2027
2155,Farmax Rear,1001,,114698,16.9-26 FARMAX R1 8PR TL,"20,886.00",4/1/2026,3/31/2027
2290,Skid Steer,1001,,114699,12-16.5 GRIP XL HARD SURFACE 12PR TL,"10,907.79",4/1/2026,3/31/2027
2095,PCUV 17 PLUS,1001,,114700,255/45R19 SportDrive SUV 104Y TL XL DOM,"15,082.00",4/1/2026,3/31/2027
2200,Mining,1001,,114702,10.00-20 CT SUPER-MX 18 PR TT,"15,630.00",10/25/2025,10/30/2025
2640,Tractor Rear Tubes,1001,,114705,TUBE 13.6-28 BR LOOSE SPL OE 2,"1,714.00",4/1/2026,3/31/2027
2630,Tractor Front Tubes,1001,,114706,TUBE 6.00-16 BR LOOSE SPL OE 2,285.00,4/1/2026,3/31/2027
2010,Truck Bias Tyres,1001,,114707,10.00-20 MAXIMA P RIB PRO 16 PR TT,"13,464.00",4/21/2026,3/31/2027
2126,Motorcycle Premium B,1001,,114708,90/90-17 ZOOM X3 F TL 49P LRR,"1,214.00",4/1/2026,3/31/2027
2126,Motorcycle Premium B,1001,,114709,120/70-17 ZOOM X3 TL 61P LRR,"10,098.00",4/1/2026,3/31/2027
2112,Scooter TL Tyres,1001,,114712,120/70-14 ZOOM PLUS TL 55P RIVER,"1,488.00",4/1/2026,3/31/2027
2112,Scooter TL Tyres,1001,,114713,110/80-14 ZOOM PLUS F TL 53P RIVER,"1,434.00",5/1/2026,3/31/2027
2640,Tractor Rear Tubes,1001,,114716,TUBE 7-14 BR LOOSE,385.92,4/1/2026,3/31/2027
2630,Tractor Front Tubes,1001,,114717,TUBE 4.50/5.00-12 BR LOOSE,189.06,4/1/2026,3/31/2027
2176,Tractor Radial,1001,,114718,540/65R28 FARMAX R65 X3 149D TL,"38,806.00",4/1/2026,3/31/2027
2100,UV Rad Tyres,1001,,114719,235/70R16 HighwayTerrain A/S 106T Mohave,"10,000.00",4/1/2026,3/31/2027
2095,PCUV 17 PLUS,1001,,114720,245/65R17HighwayTerrain A/S111TXLMohave,"10,000.00",4/1/2026,3/31/2027
2095,PCUV 17 PLUS,1001,,114721,245/70R17HighwayTerrain A/S 110T Mohave,"10,000.00",4/1/2026,3/31/2027
2095,PCUV 17 PLUS,1001,,114722,255/55R20 HighwayTerrain A/S110HXLMohave,"10,000.00",4/1/2026,3/31/2027
2100,UV Rad Tyres,1001,,114723,255/70R16 HighwayTerrain A/S 111T Mohave,"10,000.00",4/1/2026,3/31/2027
2095,PCUV 17 PLUS,1001,,114724,265/50R20 HighwayTerrainA/S111TXL Mohave,"10,000.00",4/1/2026,3/31/2027
2095,PCUV 17 PLUS,1001,,114725,265/60R18 HighwayTerrain A/S114TXLMohave,"10,000.00",4/1/2026,3/31/2027
2095,PCUV 17 PLUS,1001,,114726,265/65R17HighwayTerrain A/S 112H,"10,000.00",4/1/2026,3/31/2027
2100,UV Rad Tyres,1001,,114727,265/70R16 HighwayTerrain A/S 112T Mohave,"10,000.00",4/1/2026,3/31/2027
2095,PCUV 17 PLUS,1001,,114728,275/55R20HighwayTerrain A/S117TXLMohave,"10,000.00",4/1/2026,3/31/2027
2095,PCUV 17 PLUS,1001,,114729,275/60R20 HighwayTerrain A/S 115H Mohave,"10,000.00",4/1/2026,3/31/2027
2095,PCUV 17 PLUS,1001,,114730,275/65R18 HighwayTerrain A/S 114H Mohave,"10,000.00",4/1/2026,3/31/2027
2095,PCUV 17 PLUS,1001,,114731,285/45R22 HighwayTerrain A/S114HXLMohave,"10,000.00",4/1/2026,3/31/2027
2297,Flotation Radial,1001,,114733,650/50R22.5 FLOATMAX FT 163D TL SB,"36,110.73",4/1/2026,3/31/2027
2298,Harvester Radial,1001,,114734,VF1000/50R25 YIELDMAX VFLEX 190D TL SB,"101,839.98",4/1/2026,3/31/2027
2298,Harvester Radial,1001,,114735,VF750/50R26 YIELDMAX VFLEX 174D TL SB,"56,838.61",4/1/2026,3/31/2027
2126,Motorcycle Premium B,1001,,114736,90/90-21 GRIPP XL F TT 54S HONDA,"1,856.00",4/1/2026,3/31/2027
2126,Motorcycle Premium B,1001,,114737,120/80-18 GRIPP XL TT 62S HONDA,"1,686.00",4/1/2026,3/31/2027
2015,Truck Rad Tyres,1001,,114739,10.00R20 CEAT ALPHA,"15,937.00",4/1/2026,3/31/2027
2600,Scooter Tubes Loose,1001,,114741,TUBE 60/100-17 LOOSE,165.00,4/1/2026,3/31/2027
2600,Scooter Tubes Loose,1001,,114742,TUBE 80/100-14 LOOSE,180.00,4/1/2026,3/31/2027
2015,Truck Rad Tyres,1001,,114744,10.00R20 RD2322 146/143K 16PR,"20,500.00",4/1/2026,3/31/2027
2230,Flotation Bias,1001,,114747,400/55-17.5 FLOTATION T422 18PR TL,"14,101.30",4/1/2026,3/31/2027
2176,Tractor Radial,1001,,114748,650/65R42 FARMAX R65 X3 170D TL,"65,931.59",4/1/2026,3/31/2027
2176,Tractor Radial,1001,,114749,180/85R12 FARMAX R85 80A8/B TL,"3,764.00",4/1/2026,3/31/2027
2176,Tractor Radial,1001,,114750,540/65R30 FARMAX R65 X3 150D TL,"40,452.71",4/1/2026,3/31/2027
2176,Tractor Radial,1001,,114751,650/65R38 FARMAX R65 X3 163D TL,"59,684.47",4/1/2026,3/31/2027
2300,Telehandler Radial,1001,,114752,405/70R18 LOADPRO HARDSURFACE 147A8 SBTL,"15,541.92",4/1/2026,3/31/2027
2095,PCUV 17 PLUS,1001,,114754,265/60R18 CrossDrive HT TL 110H CEAT,"15,000.00",4/1/2026,3/31/2027
2095,PCUV 17 PLUS,1001,,114755,275/55R20 CrossDrive HT TL 113H CEAT,"15,000.00",4/1/2026,3/31/2027
2095,PCUV 17 PLUS,1001,,114756,275/60R20 CrossDrive HT TL 115H CEAT,"15,000.00",4/1/2026,3/31/2027
2095,PCUV 17 PLUS,1001,,114757,275/65R18 CrossDrive HT TL 116H CEAT,"15,000.00",4/1/2026,3/31/2027
2095,PCUV 17 PLUS,1001,,114759,LT275/65R18 CrossDrive HT TL 123/120S CE,"12,000.00",4/1/2026,3/31/2027
2095,PCUV 17 PLUS,1001,,114761,LT275/70R18 CrossDrive HT TL 125/122S CE,"12,000.00",4/1/2026,3/31/2027
2150,Tractor Rear,1001,,114763,12.4-24 SAMRAAT SUPER TT 8PR EU,"10,200.00",4/1/2026,3/31/2027
2150,Tractor Rear,1001,,114764,11.2-24 AAYUSHMAAN TT 8PR EU,"9,484.00",4/1/2026,3/31/2027
2270,Hvy Tractor Rear,1001,,114765,18.4-30 AAYUSHMAAN TT 14PR EU,"29,914.00",4/1/2026,3/31/2027
2040,LCV Rad Tyres,1001,,114770,7.00R15 WINMILE X3-AW LT 12PR TT,"8,000.00",4/1/2026,3/31/2027
2015,Truck Rad Tyres,1001,,114776,11R22.5WINSUPER LHT 16PR 146/143L,"23,000.00",4/1/2026,3/31/2027
2015,Truck Rad Tyres,1001,,114777,275/70R22.5 WINURBAN AW 152/148J 18PR TL,"23,500.00",4/1/2026,3/31/2027
2095,PCUV 17 PLUS,1001,,114787,LT265/70R17 Crossdrive HT TL 123/120S CE,"12,000.00",4/1/2026,3/31/2027
2090,Car Rad Tyres,1001,,114789,145/80R12 Milaze X3 TT 74T (W/O Tube),"2,215.00",5/1/2026,3/31/2027
2300,Telehandler Radial,1001,,114799,340/80R18 LOADPRO HARDSURFACE 143A8 SBTL,"16,695.87",4/1/2026,3/31/2027
2297,Flotation Radial,1001,,114800,VF650/60R26.5 FLOATMAX VF X3 174D TL SB,"1,999.00",4/1/2026,3/31/2027
2297,Flotation Radial,1001,,114801,VF650/65R26.5 FLOATMAX VF X3 179D TL SB,"45,995.00",4/1/2026,3/31/2027
2123,M.CYCLE TT with TUBE,1001,,114804,2.75-18 SecuraLYFE TT 48P WITH 2.75-18 T,"1,197.00",5/1/2026,3/31/2027
2123,M.CYCLE TT with TUBE,1001,,114805,3.00-17 SecuraLYFE TT 50P WITH 3.00-17 T,"1,271.00",5/1/2026,3/31/2027
2123,M.CYCLE TT with TUBE,1001,,114806,3.00-18 SecuraLYFE TT 52P WITH 3.00-18 T,"1,289.00",5/1/2026,3/31/2027
2126,Motorcycle Premium B,1001,,114807,110/80-17 ZOOM PLUS TL 57P OLA,"1,378.00",5/1/2026,3/31/2027
2112,Scooter TL Tyres,1001,,114810,110/70-14 ENERGYRIDE F TL 50P,"2,018.00",4/1/2026,3/31/2027
2112,Scooter TL Tyres,1001,,114811,130/70-12 ENERGYRIDE TL 62L,"2,018.00",4/1/2026,3/31/2027
2165,Farm Implement,1001,,114816,16.5L-16.1SL TRENCHER XL 10PR TL,"14,251.00",4/27/2026,3/29/2027
2112,Scooter TL Tyres,1001,,114820,90/90-12 LYFE MAX TL 54J,883.00,4/1/2026,3/31/2027
2112,Scooter TL Tyres,1001,,114821,100/80-12 LYFE MAX TL 56J,"1,200.00",4/1/2026,3/31/2027
2090,Car Rad Tyres,1001,,114822,205/55R16 SecuraDrive X3 TL 91V,"19,999.00",4/1/2026,3/31/2027
2095,PCUV 17 PLUS,1001,,114823,215/55R17 SecuraDrive SUV TL 94V CIRCL9,"19,999.00",4/1/2026,3/31/2027
2095,PCUV 17 PLUS,1001,,114824,215/55R17 SecureDrive SUV TL 94V,"19,999.00",4/1/2026,3/31/2027
2090,Car Rad Tyres,1001,,114825,215/55R17 4SEASONDRIVE X5 TL 98V XL CEAT,"10,000.00",4/1/2026,3/31/2027
2122,MOTORCYCLE TL TYRE,1001,,114826,100/80-19 ENERGYRIDE EV F TL 60P RE L1A,"3,028.00",4/1/2026,3/31/2027
2095,PCUV 17 PLUS,1001,,114832,235/55R18 4SeasonDrive SUV TL 104V XL CE,"13,000.00",4/1/2026,3/31/2027
2127,Motorcycle Steel RAD,1001,,114834,110/70ZR17 SPORTRAD TL 54W BAJAJ,"4,080.00",4/1/2026,3/31/2027
2127,Motorcycle Steel RAD,1001,,114835,150/60ZR17 SPORTRAD TL 66W BAJAJ,"4,248.00",4/1/2026,3/31/2027
2095,PCUV 17 PLUS,1001,,114839,225/55R17 SportDrive TL 97V RFT,"13,991.00",4/1/2026,3/31/2027
2095,PCUV 17 PLUS,1001,,114841,225/40R18 4SeasonDrive X5 TL 92Y XL CEAT,"10,000.00",4/1/2026,3/31/2027
2155,Farmax Rear,1001,,114842,14.9-28 FARMAX + R1 10PR TL,"21,955.00",4/1/2026,3/31/2027
2297,Flotation Radial,1001,,114843,440/55R18 FLOATMAX FT 159A8/B TL SB,"47,633.00",4/1/2026,3/31/2027
2297,Flotation Radial,1001,,114844,500/40R16.5 FARM IMP 800R 153A8 TL SB,"47,235.00",4/1/2026,3/31/2027
2176,Tractor Radial,1001,,114845,320/85R38 ZIMMATIC (CB305) 129A8/B TL FB,"18,901.92",4/1/2026,3/31/2027
2176,Tractor Radial,1001,,114847,380/85R24 ZIMMATIC (CB305) 131A8/B T LFB,"18,398.29",4/1/2026,3/31/2027
2250,BHL,1001,,114848,540/70R24 MULTILOADMAX 170D/175A8 TL SB,"46,822.00",4/1/2026,3/31/2027
2095,PCUV 17 PLUS,1001,,114856,255/50R20 SecureDrive SUV AS TL 109H XL,"15,000.00",4/1/2026,3/31/2027
2095,PCUV 17 PLUS,1001,,114860,225/40R18 SportDrive TL 92V XL RFT,"18,143.00",4/1/2026,3/31/2027
2126,Motorcycle Premium B,1001,,114861,130/90-16 ZOOM CRUZ GT F TL 67H,"6,060.00",4/1/2026,3/31/2027
2126,Motorcycle Premium B,1001,,114862,150/80-16 ZOOM CRUZ GT TL 71H,"8,080.00",4/1/2026,3/31/2027
2210,Port,1001,,114864,18.00-25 PORT PRO SS 40PR IND-4.5 TL,"120,119.00",4/1/2026,3/31/2027
2095,PCUV 17 PLUS,1001,,114865,215/50R17 SportDrive TL 95Y XL CALM,"8,064.00",4/1/2026,3/31/2027
2095,PCUV 17 PLUS,1001,,114866,245/45R18 SportDrive TL 100Y XL CALM,"12,442.00",4/1/2026,3/31/2027
2095,PCUV 17 PLUS,1001,,114867,225/55R18 SportDrive TL 102W XL CALM,"11,423.00",4/1/2026,3/31/2027
2095,PCUV 17 PLUS,1001,,114868,255/55R18 SportDrive SUV TL 109W XL CALM,"14,300.00",4/1/2026,3/31/2027
2095,PCUV 17 PLUS,1001,,114869,235/55R19 SportDrive SUV TL 105W XL CALM,"14,198.00",4/1/2026,3/31/2027
2095,PCUV 17 PLUS,1001,,114870,235/50R18 SportDrive SUV TL 101V XL CALM,"15,430.00",4/1/2026,3/31/2027
2095,PCUV 17 PLUS,1001,,114871,235/60R18 SportDrive SUV TL 107W XL CALM,"12,562.00",4/1/2026,3/31/2027
2095,PCUV 17 PLUS,1001,,114872,235/55R18 SportDrive SUV TL 104W XL CALM,"15,637.00",4/1/2026,3/31/2027
2095,PCUV 17 PLUS,1001,,114873,245/45R20 SportDrive SUV TL 103W XL CALM,"22,546.00",4/1/2026,3/31/2027
2095,PCUV 17 PLUS,1001,,114874,225/50R18 SportDrive TL 99W XL CALM,"12,678.00",4/1/2026,3/31/2027
2095,PCUV 17 PLUS,1001,,114881,225/45R17 SportDrive TL 94Y XL CALM,"9,378.00",4/1/2026,3/31/2027
2095,PCUV 17 PLUS,1001,,114882,225/55R17 SportDrive TL 101W XL CALM,"9,383.00",4/1/2026,3/31/2027
2095,PCUV 17 PLUS,1001,,114883,215/45R17 SportDrive TL 91Y XL CALM,"7,273.00",4/1/2026,3/31/2027
2095,PCUV 17 PLUS,1001,,114884,255/50R19 SportDrive SUV TL 107W XL CALM,"15,596.00",4/1/2026,3/31/2027
2095,PCUV 17 PLUS,1001,,114885,255/45R20 SportDrive SUV TL 105W XL CALM,"16,355.00",4/1/2026,3/31/2027
2095,PCUV 17 PLUS,1001,,114886,255/55R19 SportDrive SUV TL 111W XL CALM,"15,885.00",4/1/2026,3/31/2027
2095,PCUV 17 PLUS,1001,,114887,225/50R17 SportDrive TL 98Y XL CALM,"9,297.00",4/1/2026,3/31/2027
2095,PCUV 17 PLUS,1001,,114888,245/40R18 SportDrive TL 97Y XL CALM,"12,950.00",4/1/2026,3/31/2027
2155,Farmax Rear,1001,,114889,12.4-24 FARMAX R1 10PR TL,"12,428.00",4/1/2026,3/31/2027
2155,Farmax Rear,1001,,114890,18.4-30 FARMAX R1 12PR TL,"30,392.00",4/1/2026,3/31/2027
2140,Tractor Front,1001,,114891,5-12 AAYUSHMAAN X3 10PR  TT,"2,291.00",6/13/2025,6/30/2025
2095,PCUV 17 PLUS,1001,,114892,205/45R17 SportDrive TL 88Y XL CALM,"8,005.00",4/1/2026,3/31/2027
2095,PCUV 17 PLUS,1001,,114893,225/40R18 SportDrive TL 92Y XL CALM,"8,278.00",4/1/2026,3/31/2027
2095,PCUV 17 PLUS,1001,,114894,245/45R17 SportDrive TL 99Y XL CALM,"10,148.00",4/1/2026,3/31/2027
2095,PCUV 17 PLUS,1001,,114895,245/45R19 SportDrive TL 102Y XL CALM,"17,095.00",4/1/2026,3/31/2027
2095,PCUV 17 PLUS,1001,,114896,245/50R18 SportDrive TL 104W XL CALM,"14,153.00",4/1/2026,3/31/2027
2095,PCUV 17 PLUS,1001,,114897,275/45R20 SportDrive SUV TL 110 Y XL CAL,"19,335.00",4/1/2026,3/31/2027
2126,Motorcycle Premium B,1001,,114898,100/90-17 ZOOM PLUS TL 55P OLA M3X,"1,387.00",5/1/2026,3/31/2027
2095,PCUV 17 PLUS,1001,,114909,265/50R20 CrossDrive HT TL 111H XL CEAT,"12,000.00",4/1/2026,3/31/2027
2095,PCUV 17 PLUS,1001,,114912,275/55R19 CrossDrive HT TL 111H CEAT,"12,000.00",4/1/2026,3/31/2027
2100,UV Rad Tyres,1001,,114914,LT225/75R16 CrossDrive HT TL 115/112S CE,"13,000.00",4/1/2026,3/31/2027
2100,UV Rad Tyres,1001,,114915,LT245/75R16 CrossDrive HT TL 120/116S CE,"13,000.00",4/1/2026,3/31/2027
2126,Motorcycle Premium B,1001,,114916,140/70-17 SecuraLYFE TL 66H,"2,208.00",5/1/2026,3/31/2027
2122,MOTORCYCLE TL TYRE,1001,,114917,90/90-18 SecuraLYFE TL 51P,"1,417.00",5/1/2026,3/31/2027
2100,UV Rad Tyres,1001,,114918,205/65R16 SecuraDrive SUV TL 95H S240,"5,051.00",4/1/2026,3/31/2027
2090,Car Rad Tyres,1001,,114920,195/55R16 4SeasonDrive X5 TL 91V XL CEAT,"10,000.00",4/1/2026,3/31/2027
2090,Car Rad Tyres,1001,,114921,195/65R15 4SeasonDrive X5 TL 95V XL CEAT,"10,000.00",4/1/2026,3/31/2027
2095,PCUV 17 PLUS,1001,,114922,205/45R17 4SeasonDrive X5 TL 88W XL CEAT,"10,000.00",4/1/2026,3/31/2027
2090,Car Rad Tyres,1001,,114923,205/60R16 4SeasonDrive X5 TL 96V XL CEAT,"10,000.00",4/1/2026,3/31/2027
2095,PCUV 17 PLUS,1001,,114924,225/45R17 4SeasonDrive X5 TL 94V XL CEAT,"12,000.00",4/1/2026,3/31/2027
2095,PCUV 17 PLUS,1001,,114925,225/45R18 4SeasonDrive X5 TL 95Y XL CEAT,"12,000.00",4/1/2026,3/31/2027
2095,PCUV 17 PLUS,1001,,114926,225/50R17 4SeasonDrive X5 TL 98V XL CEAT,"10,000.00",4/1/2026,3/31/2027
2095,PCUV 17 PLUS,1001,,114928,235/45R18 4SeasonDrive X5 TL 98Y XL CEAT,"12,000.00",4/1/2026,3/31/2027
2095,PCUV 17 PLUS,1001,,114929,245/45R18 4SeasonDrive X5 TL 100Y XL CEA,"12,000.00",4/22/2026,3/31/2027
2176,Tractor Radial,1001,,114930,540/65R28 FARMAX R65 X3 149D TL CUT RES,"48,143.00",4/1/2026,3/31/2027
2176,Tractor Radial,1001,,114931,650/65R42 FARMAX R65 X3 170D TL CUT RES,"48,297.00",4/1/2026,3/31/2027
2176,Tractor Radial,1001,,114932,540/65R30 FARMAX R65 X3 150D TL CUT RES,"48,177.00",4/1/2026,3/31/2027
2176,Tractor Radial,1001,,114933,650/65R38 FARMAX R65 X3 163D TL CUT RES,"48,138.00",4/1/2026,3/31/2027
2290,Skid Steer,1001,,114935,12-16.5 GM LOADER 12PR TL,"6,679.80",4/1/2026,3/31/2027
2095,PCUV 17 PLUS,1001,,114938,225/60R17 SportDrive SUV TL 103V XL Vinf,"10,000.00",4/1/2026,3/31/2027
2095,PCUV 17 PLUS,1001,,114939,225/60R17 SecuraDrive SD004 TL 99H RN,"6,158.00",4/1/2026,3/31/2027
2095,PCUV 17 PLUS,1001,,114940,225/55R18 SecuraDrive SD004 TL 98H RN,"8,971.00",5/1/2026,3/31/2027
2126,Motorcycle Premium B,1001,,114941,130/90-16 ZOOM CRUZ F TL 67H HERO,"3,535.00",4/1/2026,3/31/2027
2126,Motorcycle Premium B,1001,,114942,150/80-15 ZOOM CRUZ TL 70H HERO,"3,030.00",4/1/2026,3/31/2027
2250,BHL,1001,,114955,440/80R30 MULTILOADMAX 153D/157A8 TL SB,"45,490.00",4/1/2026,3/31/2027
2176,Tractor Radial,1001,,114956,VF650/85R42 TORQUEMAX 183D TL SB,"46,703.00",4/1/2026,3/31/2027
2230,Flotation Bias,1001,,114960,550/60-22.5 FLOTATION PLUS 16PR TL,"29,410.00",4/1/2026,3/31/2027
2126,Motorcycle Premium B,1001,,114961,110/90-19 GRIPP XL TL 62P,"1,830.00",5/1/2026,3/31/2027
2297,Flotation Radial,1001,,114964,VF850/50R30.5 FLOATMAX CARGO XL188D TLSB,"47,130.00",4/1/2026,3/31/2027
2300,Telehandler Radial,1001,,114965,405/70R24 LOADPRO HARDSURFACE 152A8 TLSB,"47,589.00",4/1/2026,3/31/2027
2300,Telehandler Radial,1001,,114966,440/80R24 LOADPRO HARDSURFACE 161A8 TLSB,"47,289.00",4/1/2026,3/31/2027
2300,Telehandler Radial,1001,,114967,440/80R28 LOADPRO HARDSURFACE 163A8 TLSB,"47,138.00",4/1/2026,3/31/2027
2300,Telehandler Radial,1001,,114968,400/80R24 LOADPRO HARDSURFACE 162A8 TLSB,"45,250.00",4/1/2026,3/31/2027
2010,Truck Bias Tyres,1001,,114982,10.00-20 MILE XL SL++HD18 18PR TT,"15,000.00",4/1/2026,3/31/2027
2520,LCV Bias Tubes,1001,,114983,TUBE 7.00-15 /7.50-15 LOOSE BR RC,540.00,4/1/2026,3/31/2027
2700,Forklift Tubes,1001,,114984,TUBE 5.00-8 BR LOOSE RC,270.00,4/1/2026,3/31/2027
2820,LCV BIAS FLAPS,1001,,114985,7.00-15 VECV 15M RC,315.00,4/1/2026,3/31/2027
2865,Forklift Flaps,1001,,114987,FLAP 5.00-8 RC,270.00,4/1/2026,3/31/2027
2095,PCUV 17 PLUS,1001,,114990,215/60R17 4SeasonDrive+ TL 100V XL DOM,"5,952.00",5/1/2026,3/31/2027
2090,Car Rad Tyres,1001,,114991,185/65R15 4SeasonDrive+ TL 88H DOM,"4,942.00",5/1/2026,3/31/2027
2095,PCUV 17 PLUS,1001,,114992,235/50R19 SportDrive SUV TL 103W XL CALM,"13,680.00",4/1/2026,3/31/2027
2250,BHL,1001,,114993,25X8.5-14 TYROCK SUPER X3 6PR TL,"4,188.00",3/31/2026,3/31/2027
2165,Farm Implement,1001,,114994,12.5L-16SL FARM IMPLEMENT I-1 14PR TL,"7,350.00",4/1/2026,3/31/2027
2095,PCUV 17 PLUS,1001,,114995,235/45R18 SportDrive TL 98Y CALM,"14,660.00",4/1/2026,3/31/2027
2095,PCUV 17 PLUS,1001,,114996,255/60R18 CrossDrive AT TL 108T DOM,"12,203.00",4/1/2026,3/31/2027
2095,PCUV 17 PLUS,1001,,114997,265/60R18 CrossDrive HT TL 110H DOM,"13,209.00",5/1/2026,3/31/2027
2865,Forklift Flaps,1001,,115000,FLAP 21X8-9 RC,270.00,4/1/2026,3/31/2027
2700,Forklift Tubes,1001,,115001,TUBE 21X8-9 BR LOOSE RC,315.00,4/1/2026,3/31/2027
2865,Forklift Flaps,1001,,115002,"FLAP 7.00-16, 7.50-16 RC",360.00,4/1/2026,3/31/2027
2520,LCV Bias Tubes,1001,,115003,TUBE 7.50-16 BR LOOSE RC,675.00,4/1/2026,3/31/2027
2220,Compactor,1001,,115004,11.00-20 COMPACTOR-XL C1 18 PR TT IND CE,"21,032.00",4/1/2026,3/31/2027
2176,Tractor Radial,1001,,115009,VF380/90R46 SPRAYMAX 173D TL SB ALT,"43,647.00",4/1/2026,3/31/2027
2176,Tractor Radial,1001,,115010,380/80R38 FARMAXR80 154D TL CUT R ALT,"32,066.00",4/1/2026,3/31/2027
2176,Tractor Radial,1001,,115015,VF320/90R42 SPRAYMAX 163D TL SB ALT,"45,406.00",4/1/2026,3/31/2027
2176,Tractor Radial,1001,,115016,480/65R28 FARMAX R65 X3 142D TL FB,"49,027.00",4/1/2026,3/31/2027
2176,Tractor Radial,1001,,115017,380/85R26 FARMAX R85 132D/135A8 TL FB,"44,436.00",4/1/2026,3/31/2027
2176,Tractor Radial,1001,,115026,460/85R26(18.4R26) FARMAX R85 143D TL,"42,670.00",4/1/2026,3/31/2027
2176,Tractor Radial,1001,,115028,710/75R34 YIELDMAX 178A8/178B SB TL,"46,107.00",4/1/2026,3/31/2027
2176,Tractor Radial,1001,,115029,VF710/55R34 TORQUEMAX 170D TL SB,"47,017.00",4/1/2026,3/31/2027
2176,Tractor Radial,1001,,115030,VF380/85R46 TORQUEMAX 162D TL SB,"46,511.00",4/1/2026,3/31/2027
2127,Motorcycle Steel RAD,1001,,115033,140/70R18 SPORTRAD TL 69V P3F2,"6,120.00",4/1/2026,3/31/2027
2127,Motorcycle Steel RAD,1001,,115035,110/80R18 SPORTRAD TL 58V P3F2,"5,610.00",4/1/2026,3/31/2027
2126,Motorcycle Premium B,1001,,115037,120/80-17 ZOOM X3 TL 61P J1C2,"1,801.00",4/1/2026,3/31/2027
2126,Motorcycle Premium B,1001,,115038,100/80-17 ZOOM PLUS F TL 52P J1C2,"1,351.00",4/1/2026,3/31/2027
2010,Truck Bias Tyres,1001,,115040,295/95D20 MILE XL RIB TT 16PR,"14,204.00",4/21/2026,3/31/2027
2010,Truck Bias Tyres,1001,,115041,10.00-20 MAXIMA P202 16PR TT,"14,415.00",4/21/2026,3/31/2027
2010,Truck Bias Tyres,1001,,115042,10.00-20 MAXIMA P201 16PR TT,"15,397.00",4/21/2026,3/31/2027
2095,PCUV 17 PLUS,1001,,115043,255/45R19 SportDrive SUV TL 104Y XL CALM,"15,082.00",4/1/2026,3/31/2027
2095,PCUV 17 PLUS,1001,,115044,275/40R18 SportDrive TL 103Y XL CALM,"17,651.00",4/1/2026,3/31/2027
2095,PCUV 17 PLUS,1001,,115045,235/55R17 SportDrive SUV TL 103W XL CALM,"10,670.00",4/1/2026,3/31/2027
2095,PCUV 17 PLUS,1001,,115046,275/50R20 SportDrive SUV TL 113W XL CALM,"19,247.00",4/1/2026,3/31/2027
2095,PCUV 17 PLUS,1001,,115047,245/35R18 SportDrive TL 92Y XL CALM,"12,430.00",4/1/2026,3/31/2027
2095,PCUV 17 PLUS,1001,,115048,275/35R19 SportDrive TL 100Y XL CALM,"19,465.00",4/1/2026,3/31/2027
2095,PCUV 17 PLUS,1001,,115049,225/55R18 SecuraDrive SD004 TL 102V XL M,"8,971.00",5/1/2026,3/31/2027
2971,Wheel Rims,1001,,115052,AGL018_7.00 I - 55;I-70 X 10,999.60,7/30/2025,8/10/2025
2971,Wheel Rims,1001,,115053,AGL019_10.50 I-55;1-70,"1,732.30",7/30/2025,8/10/2025
2176,Tractor Radial,1001,,115065,480/80R38 FARMAX R80 149D TL FB,"43,855.00",4/1/2026,3/31/2027
2297,Flotation Radial,1001,,115066,710/45R22.5 FLOATMAX CARGO XL 165D TL SB,"47,321.00",4/1/2026,3/31/2027
2176,Tractor Radial,1001,,115067,VF750/70R44 TORQUEMAX 186D TL SB,"46,551.00",4/1/2026,3/31/2027
2176,Tractor Radial,1001,,115068,VF650/75R42 TORQUEMAX 180D TL SB,"46,703.00",4/1/2026,3/31/2027
2176,Tractor Radial,1001,,115070,VF900/60R32 CFO TORQUEMAX 193D TL SB,"100,316.35",4/1/2026,3/31/2027
2112,Scooter TL Tyres,1001,,115071,100/80-12 Zoom X3 TL (ACPB),"1,222.00",5/1/2026,3/31/2027
2112,Scooter TL Tyres,1001,,115072,90/90-12 Zoom X3 TL (ACPB),922.00,5/1/2026,3/31/2027
2300,Telehandler Radial,1001,,115073,360/70R17.5 MULTILOADMAX 156A2 TL SB,"47,094.00",4/1/2026,3/31/2027
2300,Telehandler Radial,1001,,115074,365/70R18 LOADPRO HARDSURFACE 142A8 TLSB,"47,893.00",4/1/2026,3/31/2027
2095,PCUV 17 PLUS,1001,,115079,235/65R17 CrossDrive HT TL 104H,"9,015.00",4/1/2026,3/31/2027
2095,PCUV 17 PLUS,1001,,115086,235/60R18 SecuraDrive SUV TL 103H HY,"9,054.00",4/1/2026,3/31/2027
2015,Truck Rad Tyres,1001,,115087,11.00R20 CEAT ROCKRAD 16PR TT,"23,926.00",4/1/2026,3/31/2027
2015,Truck Rad Tyres,1001,,115088,295/90R20 CEAT NEORAD-D TT,"21,150.00",5/5/2026,3/31/2027
2015,Truck Rad Tyres,1001,,115089,295/90R20 CEAT NEORAD-R TT,"19,476.00",5/5/2026,3/31/2027
2126,Motorcycle Premium B,1001,,115090,150/80B16 ZOOM CRUZ Z TL 71H P4D,"4,085.00",4/1/2026,3/31/2027
2126,Motorcycle Premium B,1001,,115092,90/90-21 GRIPP XL F TL 54S JAWA,"1,846.00",4/1/2026,3/31/2027
2015,Truck Rad Tyres,1001,,115093,295/90R20 WINLOAD X4-D TT,"20,881.00",5/5/2026,3/31/2027
2090,Car Rad Tyres,1001,,115098,165/70R14 SecuraDrive SD004 TL 81T YCA,"2,922.00",4/1/2026,3/31/2027
2095,PCUV 17 PLUS,1001,,115100,245/55R19 SportDrive SUV TL 107V XL M21,"12,000.00",1/21/2026,3/29/2026
2101,AGRI TRACK,1001,,115105,762X195.6X48 AGRITRAIL XL,"321,468.00",4/1/2026,3/31/2027
2121,HARVESTER TRACK,1001,,115107,500X90X56 HARVESTRAIL,"82,836.00",4/1/2026,3/31/2027
2100,UV Rad Tyres,1001,,115108,225/60R16 CrossDrive AT TL 98H DOM,"6,000.00",4/1/2026,3/31/2027
2126,Motorcycle Premium B,1001,,115112,100/90-18 ENERGYRIDE MX3 TL 56P L1K,"2,525.00",4/1/2026,3/31/2027
2126,Motorcycle Premium B,1001,,115113,120/90-17 Gripp XC TT 64R,"2,484.00",5/1/2026,3/31/2027
2690,BHL Tubes,1001,,115115,TUBE 405/70-20(16.0/70-20) BR,"1,150.00",11/28/2025,12/31/2025
2295,Solid Tyres,1001,,115132,10.00-20 (7.5) ROCK XL S1 SPL EM,"31,105.00",4/1/2026,3/31/2027
2176,Tractor Radial,1001,,115191,480/65R28 FARMAX R65 X3 142D TL Cut R FB,"47,108.00",4/1/2026,3/31/2027
2176,Tractor Radial,1001,,115193,420/85R28 VARDHAN R85 139A8 12PR TL FB,"27,350.00",11/18/2025,11/30/2025
2040,LCV Rad Tyres,1001,,115200,215/75R15 LT WINMILE X3 AW TT,"7,500.00",4/1/2026,3/31/2027
2040,LCV Rad Tyres,1001,,115201,215/75R15 LT WINMILE X3 AW TL,"7,500.00",4/1/2026,3/31/2027
2127,Motorcycle Steel RAD,1001,,115203,190/50ZR17 SPORTRAD SSZ,"11,118.00",4/1/2026,3/31/2027
2127,Motorcycle Steel RAD,1001,,115204,120/70ZR17 SPORTRAD SSZ,"8,976.00",4/1/2026,3/31/2027
2127,Motorcycle Steel RAD,1001,,115206,160/60R17 M/C GRIPP XL RE TL 69H K2F1,"6,461.00",4/1/2026,3/31/2027
2015,Truck Rad Tyres,1001,,115221,295/75R22.5 WINSUPER LHD 16PR 146/143L,"15,159.00",4/1/2026,3/31/2027
2015,Truck Rad Tyres,1001,,115222,295/75R22.5 WINSUPER LHS 16PR 149/146L,"14,415.00",4/1/2026,3/31/2027
2127,Motorcycle Steel RAD,1001,,115243,120/70R17 M/C GRIPP XL RE TL 58H K2F1,"5,145.00",4/1/2026,3/31/2027
2090,Car Rad Tyres,1001,,115251,185/70R14 SecuraDrive SD004 TL 88H AI4,"3,860.00",4/1/2026,3/31/2027
2090,Car Rad Tyres,1001,,115252,185/65R15 SecuraDrive SD004 TL 88H AI4,"4,177.00",4/1/2026,3/31/2027
2095,PCUV 17 PLUS,1001,,115253,285/45ZR22 SportDrive SUV TL 114Y XL CAL,"30,000.00",4/1/2026,3/31/2027
2100,UV Rad Tyres,1001,,115256,215/65R16C EnduraDrive Winter 109/107T C,"12,000.00",4/1/2026,3/31/2027
2095,PCUV 17 PLUS,1001,,115257,325/40ZR22 SportDrive SUV TL 114Y XL CAL,"30,000.00",4/1/2026,3/31/2027
2015,Truck Rad Tyres,1001,,115258,295/90R20 PTC 505 GOLD,"12,565.00",4/1/2026,3/31/2027
2112,Scooter TL Tyres,1001,,115295,90/90-12 ENERGY RIDE EV TL 54J,934.00,4/13/2026,3/31/2027
2112,Scooter TL Tyres,1001,,115299,120/70-14 ZOOM X3 TL 55P,"1,440.00",4/13/2026,3/31/2027
2126,Motorcycle Premium B,1001,,115303,120/80-18 GRIPP XL 2.1 TL 62S,"2,020.00",4/1/2026,3/31/2027
2126,Motorcycle Premium B,1001,,115304,100/90-19 GRIPP XL 2.1 F TL 57S,"3,146.00",4/1/2026,3/31/2027
2015,Truck Rad Tyres,1001,,115305,295/90R20 PTC LD 909 GOLD,"12,565.00",4/1/2026,3/31/2027
2640,Tractor Rear Tubes,1001,,115307,16.9-28 TUBE FOR OEM,"2,227.00",4/1/2026,3/31/2027
2122,MOTORCYCLE TL TYRE,1001,,115312,100/80-17 ZOOM H F TL 52H,"1,359.00",4/13/2026,3/31/2027
2126,Motorcycle Premium B,1001,,115343,100/90-17 ZOOM XL TL 55P,"1,354.00",4/13/2026,3/31/2027
2126,Motorcycle Premium B,1001,,115344,80/100-17 ZOOM XL F  TL 46P,"1,086.00",4/13/2026,3/31/2027
2126,Motorcycle Premium B,1001,,115346,120/80-18 GRIPP XL  TT 62S,"1,694.00",4/13/2026,3/31/2027
2126,Motorcycle Premium B,1001,,115348,100/90-17 SECURA ZOOM  TT 55P,"1,275.00",4/13/2026,3/31/2027
2126,Motorcycle Premium B,1001,,115350,120/80-18 ZOOM PLUS TT 62 P (J1AB),"1,614.00",4/13/2026,3/31/2027
2126,Motorcycle Premium B,1001,,115351,90/90-17 ZOOM X3 F TL 49P,"1,222.00",4/13/2026,3/31/2027
2126,Motorcycle Premium B,1001,,115352,120/80-17 ZOOM X3 TL 61P,"1,809.00",4/13/2026,3/31/2027
2126,Motorcycle Premium B,1001,,115353,80/100-17 ZOOM X3 F TL 46P,"1,086.00",4/13/2026,3/31/2027
2126,Motorcycle Premium B,1001,,115355,100/90-18 ZOOM CRUZ F  56 H TL,"1,800.00",4/13/2026,3/31/2027
2126,Motorcycle Premium B,1001,,115356,140/70-17 ZOOM CRUZ 66 H TL,"2,116.00",4/13/2026,3/31/2027
2126,Motorcycle Premium B,1001,,115358,110/70-17 ZOOM XL F 54P TL,"1,205.00",4/13/2026,3/31/2027
2150,Tractor Rear,1001,,115736,14.9-28 PUDDLE X3 12PR TT,"23,534.00",4/15/2026,3/31/2027
2190,Earthmover/Loader,1001,,115789,23.5-25 TRAC XL TL 20PR E3/L3 DOM,"40,387.00",4/1/2026,3/31/2027
2140,Tractor Front,1001,,115797,9.5-20 PUDDLE X3 8PR TT,"8,863.00",4/15/2026,3/31/2027
2127,Motorcycle Steel RAD,1001,,115799,160/60ZR17 SPORTRAD ST TL 69W,"9,790.00",5/1/2026,3/31/2027
2295,Solid Tyres,1001,,115800,33X12-20 Liftpro-S SKS AP,"24,900.00",12/2/2025,12/31/2025
2126,Motorcycle Premium B,1001,,115803,90/90-21 GRIPPCROSS TL 54V,"3,030.00",4/1/2026,3/31/2027
2122,MOTORCYCLE TL TYRE,1001,,115814,80/100-18 ZOOM PLUS F TL 47P,"1,131.00",4/13/2026,3/31/2027
2095,PCUV 17 PLUS,1001,,115843,215/60R18 Securadrive SD004 TL 98H CEAT,"10,000.00",4/1/2026,3/31/2027
2090,Car Rad Tyres,1001,,115852,175/60R13 GRIPP LN TL 77H DOM,"2,773.00",4/1/2026,3/31/2027
2630,Tractor Front Tubes,1001,,115877,7.50-20 TUBE BR TR13,850.00,4/1/2026,3/31/2027
2126,Motorcycle Premium B,1001,,115924,100/90-17 ZOOM PLUS  TL 55P,"1,337.00",4/13/2026,3/31/2027
2126,Motorcycle Premium B,1001,,115925,110/80-17 ZOOM PLUS  TL 57P,"1,328.00",4/13/2026,3/31/2027
2095,PCUV 17 PLUS,1001,,115951,215/60R17 SecuraDrive SUV TL 96H CSW,"5,947.00",5/1/2026,3/31/2027
2095,PCUV 17 PLUS,1001,,115952,255/65R18 CrossDrive AT TL 111H CSW,"8,809.00",5/1/2026,3/31/2027
2122,MOTORCYCLE TL TYRE,1001,,115981,2.75-17 SECURA ZOOM F TL 41P,886.00,4/13/2026,3/31/2027
2095,PCUV 17 PLUS,1001,,116021,245/55R19 SecuraDrive SD004 TL 103V HYN,"12,000.00",4/29/2026,3/31/2027
2140,Tractor Front,1001,,116022,8.25-16 SAMRAAT TURBO LUG 16PR TT,"8,802.00",4/1/2026,3/31/2027
2090,Car Rad Tyres,1001,,116029,185/70R15 SecuraDrive TL 89H DOM,"4,103.00",5/1/2026,3/31/2027
2122,MOTORCYCLE TL TYRE,1001,,116048,110/80-18 Zoom H TL (B1AR),"1,250.00",4/23/2026,3/31/2027
2015,Truck Rad Tyres,1001,,116062,295/90R20 WINSUPER X3-D 152/148J REP,"20,208.00",5/5/2026,3/31/2027
2122,MOTORCYCLE TL TYRE,1001,,116073,90/90-18 SECURA ZOOM+ TL 51P,"1,326.00",4/8/2026,3/31/2027
2126,Motorcycle Premium B,1001,,116074,90/90-17 ZOOM X3 F TL 49P,"1,222.00",4/1/2026,3/31/2027
2122,MOTORCYCLE TL TYRE,1001,,116075,80/100-18 SECURA ZOOM F  TL 47P,"1,131.00",4/1/2026,3/31/2027
2126,Motorcycle Premium B,1001,,116076,80/100-17 ZOOM X3 F TL 46P,"1,086.00",4/1/2026,3/31/2027
2122,MOTORCYCLE TL TYRE,1001,,116077,2.75-18 SECURA ZOOM TL 42 P,929.00,4/1/2026,3/31/2027
2127,Motorcycle Steel RAD,1001,,116078,140/80 R17 GRIPP RAD STEEL RE TL 69H,"2,842.00",4/1/2026,3/31/2027
2126,Motorcycle Premium B,1001,,116079,140/70-17 ZOOM XL TL 66H,"2,095.00",4/1/2026,3/31/2027
2125,MOTORCYCLE RAD TYRE,1001,,116080,130/70R17 M/C 62P CEAT ZOOM RAD TUBELESS,"2,352.00",4/1/2026,3/31/2027
2126,Motorcycle Premium B,1001,,116081,120/80-18 ZOOM PLUS TL 62P (J1A5),"1,710.00",4/1/2026,3/31/2027
2126,Motorcycle Premium B,1001,,116082,110/80-17 ZOOM X3 TL 57P,"1,315.00",4/1/2026,3/31/2027
2125,MOTORCYCLE RAD TYRE,1001,,116083,110/70R17 ZOOM RAD X1 F TL 54H,"2,293.00",4/1/2026,3/31/2027
2126,Motorcycle Premium B,1001,,116084,110/70-17 ZOOM XL F 54P TL,"1,193.00",4/1/2026,3/31/2027
2126,Motorcycle Premium B,1001,,116085,100/90-19 ZOOM PLUS F TL 57 P,"1,602.00",4/1/2026,3/31/2027
2126,Motorcycle Premium B,1001,,116086,100/90-18 ZOOM X3 TL 56P,"1,471.00",4/1/2026,3/31/2027
2126,Motorcycle Premium B,1001,,116087,100/90-17 ZOOM X3 TL 55P,"1,354.00",4/1/2026,3/31/2027
2126,Motorcycle Premium B,1001,,116088,100/80-17 ZOOM PLUS F TL 52P SZ,"1,345.00",4/1/2026,3/31/2027
2090,Car Rad Tyres,1001,,116150,185/70R15 SecuraDrive TL,"4,103.00",5/1/2026,3/31/2027
2122,MOTORCYCLE TL TYRE,1001,,116165,90/90-18 SECURA ZOOM+ TL 51P,"1,326.00",4/1/2026,3/31/2027
2015,Truck Rad Tyres,1001,,116634,295/80R22.5 WINSUPER X3D E+154/149M 18PR,"21,621.00",5/5/2026,3/31/2027
2630,Tractor Front Tubes,1001,,116673,TUBE 9.5-20 BR LOOSE V1,655.00,4/30/2026,3/31/2027
9000,Promotional Material,1001,,600003,8.25-22.5-8BOLT RIM,"4,750.00",4/1/2026,3/31/2027
9000,Promotional Material,1001,,600004,8.25-22.5-10BOLT RIMME,"4,750.00",4/1/2026,3/31/2027
9000,Promotional Material,1001,,600005,7.5X22.5 # 8 BOLT RIM,"4,750.00",4/1/2026,3/31/2027
9000,Promotional Material,1001,,600006,7.5X22.5 # 10 BOLT,"4,750.00",4/1/2026,3/31/2027
9000,Promotional Material,1001,,600016,8.25X22.5 # 8 BOLT FOR AL FLEET,"4,750.00",4/1/2026,3/31/2027
9000,Promotional Material,1001,,600066,HOT ZONE TIFFIN,300.00,4/1/2026,3/31/2027
9000,Promotional Material,1001,,610054,TYRE DISPLAY STAND,"2,280.00",4/1/2026,3/31/2027
9000,Promotional Material,1001,,610123,BACKPACK,1.00,4/1/2026,3/31/2027
9000,Promotional Material,1001,,619262,Keychains - SPECIALITY,53.00,4/1/2026,3/31/2027
9000,Promotional Material,1001,,619265,Feather Flags - SEPCIALTY,800.00,4/1/2026,3/31/2027
9000,Promotional Material,1001,,619267,Football - SPECIALTY,276.00,4/1/2026,3/31/2027
9000,Promotional Material,1001,,619269,Pens - SPECIALTY,36.00,4/1/2026,3/31/2027
9000,Promotional Material,1001,,619270,Steel Milton Bottle - CEAT,1.00,4/1/2026,3/31/2027
9000,Promotional Material,1001,,619273,Cap - CSTL,82.00,4/1/2026,3/31/2027
9000,Promotional Material,1001,,619276,CEAT Hitman Kashmir Willow Cricket Bat,"18,000.00",4/1/2026,3/31/2027
9000,Promotional Material,1001,,619285,Winter Blanket,1.00,4/1/2026,3/31/2027
9000,Promotional Material,1001,,619286,Water Bottle,1.00,4/1/2026,3/31/2027
9000,Promotional Material,1001,,619292,CSTL Lunch box,1.00,4/1/2026,3/31/2027
3700,Cricket Accessories,1001,,8100050,CEAT GRIPPMASTER ENGLISH WILLOW BAT,"16,427.00",5/2/2026,3/31/2027
3700,Cricket Accessories,1001,,8100051,CEAT GRIPPSTAR ENGLISH WILLOW BAT,"13,999.00",5/2/2026,3/31/2027
3700,Cricket Accessories,1001,,8100052,CEAT MEGAGRIPP ENGLISH WILLOW BAT,"7,438.00",5/2/2026,3/31/2027
3700,Cricket Accessories,1001,,8100053,CEAT GRIPPMASTER JR ENG WILLOW BAT SZ 6,"7,437.00",5/2/2026,3/31/2027
3700,Cricket Accessories,1001,,8100054,CEAT SUPERGRIPP KASHMIR WILLOW BAT,"8,763.00",5/2/2026,3/31/2027
3700,Cricket Accessories,1001,,8100055,CEAT MEGAGRIPP KASHMIR WILLOW BAT,"6,349.00",5/2/2026,3/31/2027
3700,Cricket Accessories,1001,,8100056,CEAT GRIPPMASTER JR KASH WILLOW BAT JR,"4,174.00",5/2/2026,3/31/2027
3700,Cricket Accessories,1001,,8100057,CEAT GRIPPSTAR BATTING GLOVES MENS RH,"2,937.00",5/2/2026,3/31/2027
3700,Cricket Accessories,1001,,8100058,CEAT GRIPPMASTER JR GLOVE BAT YOUTH RH,"1,243.00",5/2/2026,3/31/2027
3700,Cricket Accessories,1001,,8100059,CEAT GRIPPSTAR BATTING PADS - MENS RH,"3,122.00",5/2/2026,3/31/2027
3700,Cricket Accessories,1001,,8100060,CEAT GRIPPMASTER JR BATTER PADS YOUTH RH,"1,124.00",5/2/2026,3/31/2027
3700,Cricket Accessories,1001,,8100091,CEAT HITMAN ENG WILLOW ROHIT SHARMA,"34,983.00",5/2/2026,3/31/2027
3700,Cricket Accessories,1001,,8100092,CEAT SPEED MASTER ENGLISH WILLOW BAT,"19,927.00",5/2/2026,3/31/2027
3700,Cricket Accessories,1001,,8100093,CEAT PRO R10 KASHMIR WILLOW BAT,"4,952.00",5/2/2026,3/31/2027
3700,Cricket Accessories,1001,,8100131,CEAT Resolute English Willow Bat,"15,455.00",4/11/2022,12/31/9999
3700,Cricket Accessories,1001,,8100140,CEAT STRIKER ENGLISH WILLOW BAT,"7,761.00",5/2/2026,3/31/2027
3700,Cricket Accessories,1001,,8100141,CEAT MARVEL ENGLISH WILLOW BAT,"5,606.00",5/2/2026,3/31/2027
3700,Cricket Accessories,1001,,8100142,CEAT PROLIFIC KASHMIR WILLOW BAT,"5,338.00",5/2/2026,3/31/2027
3700,Cricket Accessories,1001,,8100143,CEAT FORMIDABLE KASHMIR WILLOW BAT,"4,258.00",5/2/2026,3/31/2027
3700,Cricket Accessories,1001,,8100147,CEAT GRIPPMASTER KIT BAG WITH TROLLEY,"4,003.00",5/2/2026,3/31/2027
3700,Cricket Accessories,1001,,8100148,CEAT GRIPPSTAR KIT BAG,"2,893.00",5/2/2026,3/31/2027
3700,Cricket Accessories,1001,,8100150,CEAT FIRST CLASS TENNIS BAT,"3,908.00",5/2/2026,3/31/2027
3700,Cricket Accessories,1001,,8100151,CEAT PRO AUTOGRAPH BAT 15 INCH MINIATURE,150.00,5/2/2026,3/31/2027
3700,Cricket Accessories,1001,,8100152,CEAT HITMAN JR ENG WILLOW BAT SZ 6,"12,305.00",5/2/2026,3/31/2027
3700,Cricket Accessories,1001,,8100153,CEAT MILAZE JR ENG WILLOW BAT SZ 6,"5,879.00",5/2/2026,3/31/2027
3700,Cricket Accessories,1001,,8100154,CEAT HITMAN KASHMIR WILLOW BAT,"11,898.00",5/2/2026,3/31/2027
3700,Cricket Accessories,1001,,8100155,CEAT HITMAN SIGN ED. JR KASH WILLOW SZ 6,"4,523.00",5/2/2026,3/31/2027
3700,Cricket Accessories,1001,,8100156,CEAT ALPHA TENNIS BAT - SIZE 6,"1,081.00",5/2/2026,3/31/2027
3700,Cricket Accessories,1001,,8100157,CEAT TOPGUN ENGLISH WILLOW BAT,"12,278.00",5/2/2026,3/31/2027
3700,Cricket Accessories,1001,,8100158,CEAT SPORTDRIVE ENGLISH WILLOW BAT,"10,588.00",5/2/2026,3/31/2027
3700,Cricket Accessories,1001,,8100159,CEAT SECURADRIVE ENGLISH WILLOW BAT,"9,852.00",5/2/2026,3/31/2027
3700,Cricket Accessories,1001,,8100160,CEAT BULAND ENGLISH WILLOW BAT,"8,404.00",5/2/2026,3/31/2027
3700,Cricket Accessories,1001,,8100161,CEAT HITMAN JR ENG WILLOW BAT SZ 5,"12,305.00",5/2/2026,3/31/2027
3700,Cricket Accessories,1001,,8100162,CEAT HITMAN JR ENG WILLOW BAT SZ 4,"12,305.00",5/2/2026,3/31/2027
3700,Cricket Accessories,1001,,8100163,CEAT HITMAN JR ENG WILLOW BAT SZ HARROW,"12,305.00",5/2/2026,3/31/2027
3700,Cricket Accessories,1001,,8100164,CEAT GRIPPMASTER JR ENG WILLOW SZ 5,"7,437.00",5/2/2026,3/31/2027
3700,Cricket Accessories,1001,,8100165,CEAT GRIPPMASTER JR ENG WILLOW BAT SZ 4,"7,437.00",5/2/2026,3/31/2027
3700,Cricket Accessories,1001,,8100166,CEAT GRIPPMASTER JR ENG WILLOW SZ HARROW,"7,437.00",5/2/2026,3/31/2027
3700,Cricket Accessories,1001,,8100167,CEAT MILAZE JR ENG WILLOW BAT SZ 5,"5,879.00",5/2/2026,3/31/2027
3700,Cricket Accessories,1001,,8100168,CEAT MILAZE JR ENG WILLOW BAT SZ 4,"5,879.00",5/2/2026,3/31/2027
3700,Cricket Accessories,1001,,8100169,CEAT MILAZE JR ENG WILLOW BAT SZ HARROW,"5,879.00",5/2/2026,3/31/2027
3700,Cricket Accessories,1001,,8100170,CEAT HITMAN SIGN ED. JR KASH WILLOW SZ 5,"4,523.00",5/2/2026,3/31/2027
3700,Cricket Accessories,1001,,8100171,CEAT HITMAN SIGN ED. JR KASH WILLOW SZ 4,"4,523.00",5/2/2026,3/31/2027
3700,Cricket Accessories,1001,,8100172,CEAT HITMAN SIGNED JR KASH WILLOW HARROW,"4,523.00",5/2/2026,3/31/2027
3700,Cricket Accessories,1001,,8100173,CEAT ALPHA TENNIS BAT - SIZE 5,"1,081.00",5/2/2026,3/31/2027
3700,Cricket Accessories,1001,,8100174,CEAT ALPHA TENNIS BAT - SIZE 4,"1,081.00",5/2/2026,3/31/2027
3700,Cricket Accessories,1001,,8100175,CEAT MAESTRO BATTING GLOVES - MENS RH,"2,349.00",5/2/2026,3/31/2027
3700,Cricket Accessories,1001,,8100176,CEAT SECURA BATTING GLOVES - MENS RH,"2,187.00",5/2/2026,3/31/2027
3700,Cricket Accessories,1001,,8100177,CEAT ZOOM BATTING GLOVES - MENS RH,"1,333.00",5/2/2026,3/31/2027
3700,Cricket Accessories,1001,,8100178,CEAT SECURA BATTING PADS - MENS RH,"2,148.00",5/2/2026,3/31/2027
3700,Cricket Accessories,1001,,8100179,CEAT ZOOM BATTING PADS - MENS RH,"1,734.00",5/2/2026,3/31/2027
3700,Cricket Accessories,1001,,8100180,CEAT HITMAN MILAZE JR CRICKET KIT SZ 6,"5,340.00",5/2/2026,3/31/2027
3700,Cricket Accessories,1001,,8100181,CEAT HITMAN MILAZE JR CRICKET KIT SZ 5,"5,081.00",5/2/2026,3/31/2027
3700,Cricket Accessories,1001,,8100182,CEAT HITMAN MILAZE JR CRICKET KIT SZ 4,"5,035.00",5/2/2026,3/31/2027
3700,Cricket Accessories,1001,,8100183,CEAT HITMAN MILAZE JR CRICKET KIT SZ 3,"5,005.00",5/2/2026,3/31/2027
3700,Cricket Accessories,1001,,8100184,CEAT Z cart plus Kashmir Willow,"1,055.00",4/1/2026,3/31/2027
3700,Cricket Accessories,1001,,8100185,CEAT Z Cart Tennis Bat,482.00,4/1/2026,3/31/2027
3700,Cricket Accessories,1001,,8100186,CEAT SECURA KIT BAG WITH WHEELS,"1,590.00",5/2/2026,3/31/2027
3700,Cricket Accessories,1001,,8100187,CEAT ZOOM BAG PACK,"1,174.00",5/2/2026,3/31/2027
3700,Cricket Accessories,1001,,8100188,CEAT MAESTRO BAG PACK,773.00,5/2/2026,3/31/2027
3700,Cricket Accessories,1001,,8100189,CEAT MAESTRO THIGH GUARDS COMBO/ MENS RH,"1,189.00",5/2/2026,3/31/2027
3700,Cricket Accessories,1001,,8100190,CEAT SECURA THIGH GUARDS COMBO/ MENS RH,555.00,5/2/2026,3/31/2027
3700,Cricket Accessories,1001,,8100191,CEAT ZOOM THIGH GUARDS,320.00,5/2/2026,3/31/2027
3700,Cricket Accessories,1001,,8100192,CEAT SECURA ELBOW GUARDS,345.00,5/2/2026,3/31/2027
3700,Cricket Accessories,1001,,8100193,CEAT ZOOM ELBOW GUARDS,226.00,5/2/2026,3/31/2027
3700,Cricket Accessories,1001,,8100194,CEAT MAESTRO HELMET - SIZE M,"2,718.00",5/2/2026,3/31/2027
3700,Cricket Accessories,1001,,8100195,CEAT SECURA HELMET - SIZE M,"1,503.00",5/2/2026,3/31/2027
3700,Cricket Accessories,1001,,8100196,CEAT ZOOM HELMET - SIZE M,"1,007.00",5/2/2026,3/31/2027
3700,Cricket Accessories,1001,,8100197,CEAT SECURA ABDOMINAL GUARDS,131.00,5/2/2026,3/31/2027
3700,Cricket Accessories,1001,,8100198,CEAT ZOOM ABDOMINAL GUARDS,80.00,5/2/2026,3/31/2027
3700,Cricket Accessories,1001,,8100199,CEAT MAESTRO HELMET - SIZE S,"2,718.00",5/2/2026,3/31/2027
3700,Cricket Accessories,1001,,8100200,CEAT MAESTRO HELMET - SIZE L,"2,718.00",5/2/2026,3/31/2027
3700,Cricket Accessories,1001,,8100201,CEAT MAESTRO HELMET - SIZE XL,"2,718.00",5/2/2026,3/31/2027
3700,Cricket Accessories,1001,,8100202,CEAT SECURA HELMET - SIZE S,"1,503.00",5/2/2026,3/31/2027
3700,Cricket Accessories,1001,,8100203,CEAT SECURA HELMET - SIZE L,"1,503.00",5/2/2026,3/31/2027
3700,Cricket Accessories,1001,,8100204,CEAT SECURA HELMET - SIZE XL,"1,503.00",5/2/2026,3/31/2027
3700,Cricket Accessories,1001,,8100205,CEAT ZOOM HELMET - SIZE S,"1,007.00",5/2/2026,3/31/2027
3700,Cricket Accessories,1001,,8100206,CEAT ZOOM HELMET - SIZE L,"1,007.00",5/2/2026,3/31/2027
3700,Cricket Accessories,1001,,8100207,CEAT ZOOM HELMET - SIZE XL,"1,007.00",5/2/2026,3/31/2027
3800,Sanitization Product,1001,,8100208,CEAT S95 Mask,170.00,4/1/2026,3/31/2027
3700,Cricket Accessories,1001,,8100209,CEAT GRIPPSTAR BATTING GLOVES MENS LH,"2,937.00",5/2/2026,3/31/2027
3700,Cricket Accessories,1001,,8100210,CEAT MAESTRO BATTING GLOVES - MENS LH,"2,349.00",5/2/2026,3/31/2027
3700,Cricket Accessories,1001,,8100211,CEAT SECURA BATTING GLOVES - MENS LH,"2,187.00",5/2/2026,3/31/2027
3700,Cricket Accessories,1001,,8100212,CEAT ZOOM BATTING GLOVES - MENS LH,"1,333.00",5/2/2026,3/31/2027
3700,Cricket Accessories,1001,,8100213,CEAT GRIPPMASTER JR GLOVE BAT YOUTH LH,"1,243.00",5/2/2026,3/31/2027
3700,Cricket Accessories,1001,,8100214,CEAT GRIPPSTAR BATTING PADS - MENS LH,"3,122.00",5/2/2026,3/31/2027
3700,Cricket Accessories,1001,,8100215,CEAT MAESTRO THIGH GUARDS COMBO/ MENS LH,"1,189.00",5/2/2026,3/31/2027
3700,Cricket Accessories,1001,,8100216,CEAT SECURA THIGH GUARDS COMBO/ MENS LH,555.00,5/2/2026,3/31/2027
3800,Sanitization Product,1001,,8100225,CEAT Mask Formal Collection Pack of 3,420.00,4/1/2026,3/31/2027
3800,Sanitization Product,1001,,8100226,CEAT Mask Family Collection Pack of 4,640.00,4/1/2026,3/31/2027
3800,Sanitization Product,1001,,8100227,CEAT Mask Gaiter Combo Pack of 2,280.00,4/1/2026,3/31/2027
3800,Sanitization Product,1001,,8100228,CEAT Mask Kids Collection Pack of 3,420.00,4/1/2026,3/31/2027
3800,Sanitization Product,1001,,8100229,CEAT Mask Sports Collection Pack of 2,280.00,4/1/2026,3/31/2027
3800,Sanitization Product,1001,,8100230,CEAT Mask Unisex Collection Pack of 3,420.00,4/1/2026,3/31/2027
3800,Sanitization Product,1001,,8100231,CEAT GoSafe Sanitization Kit 01,499.00,4/1/2026,3/31/2027
3700,Cricket Accessories,1001,,8100232,CEAT Professional Autograph Bat,90.00,4/1/2026,3/31/2027
3800,Sanitization Product,1001,,8100233,CEAT Mask Camouflage Collection Pack of2,280.00,4/1/2026,3/31/2027
3800,Sanitization Product,1001,,8100235,CEAT GoSafe Biker Mask,290.00,4/1/2026,3/31/2027
3700,Cricket Accessories,1001,,8100236,CEAT RP MILAZE WK GLOVES,682.00,5/2/2026,3/31/2027
3700,Cricket Accessories,1001,,8100237,CEAT RP MILAZE WK LEG GUARDS,"1,064.00",5/2/2026,3/31/2027
3700,Cricket Accessories,1001,,8100238,CEAT HITMAN ENG WILLOW PLAYER EDITION,"51,247.00",5/2/2026,3/31/2027
3700,Cricket Accessories,1001,,8100239,CEAT STORM ENGLISH WILLOW BAT,"9,176.00",5/2/2026,3/31/2027
3700,Cricket Accessories,1001,,8100240,CEAT ROCK ENGLISH WILLOW BAT,"4,295.00",5/2/2026,3/31/2027
3700,Cricket Accessories,1001,,8100241,CEAT PowerGripp English Willow,"23,610.00",5/2/2026,3/31/2027
3700,Cricket Accessories,1001,,8100242,CEAT HK23 ENGLISH WILLOW BAT,"14,000.00",5/2/2026,3/31/2027
3700,Cricket Accessories,1001,,8100243,CEAT F-IYER ENGLISH WILLOW BAT,"32,651.00",5/2/2026,3/31/2027
3700,Cricket Accessories,1001,,8100244,CEAT F-IYER KASHMIR WILLOW BAT,"9,518.00",5/2/2026,3/31/2027
3700,Cricket Accessories,1001,,8100245,CEAT F-IYER Kash Willow Cricket Kit Sz 6,"4,991.00",5/2/2026,3/31/2027
3700,Cricket Accessories,1001,,8100246,CEAT F-IYER Kash Willow Cricket Kit Sz 5,"4,749.00",5/2/2026,3/31/2027
3700,Cricket Accessories,1001,,8100247,CEAT F-IYER Kash Willow Cricket Kit Sz 4,"4,706.00",5/2/2026,3/31/2027
3700,Cricket Accessories,1001,,8100248,CEAT F-IYER Kash Willow Cricket Kit Sz 3,"4,677.00",5/2/2026,3/31/2027
3700,Cricket Accessories,1001,,8100249,CEAT YBJ Edition English Willow BAT,"30,001.00",5/2/2026,3/31/2027
3700,Cricket Accessories,1001,,8100250,CEAT YBJ KASHMIR WILLOW BAT,"2,852.00",5/2/2026,3/31/2027
4140,Mechanical,1001,,40314171,"O-RING,576.6MM ID,595.9MM OD,NBR,DWG: OR",200.00,4/1/2026,3/31/2027
4220,Admin Related Items,1001,,50717700,Fuel Sensors & GPS device,"14,900.00",10/11/2022,10/22/2022
1020,Final Compound,1001,,C5200,Binding gum,152.45,4/1/2026,3/31/2027
3360,Tube Valves,1001,,L84,L84 Solid Extension Valve TBR,1.00,4/1/2026,3/31/2027
4510,Moulds,1001,,MC14928AYSHM,TRR 14.92812 Aayushmaan MOULD,"790,000.00",4/1/2026,3/31/2027
4510,Moulds,1001,,MC14928AYSHMN14,TRR 14.92812 Aayushmaan MOULD,"790,000.00",4/1/2026,3/31/2027
4510,Moulds,1001,,MC14928AYSHMN16,TRR 14.92812 Aayushmaan MOULD,"655,000.00",4/1/2026,3/31/2027
3453,WARRANTY CARDS,1001,,P08862,2 WHEELER WARRANTY CARD,1.35,3/23/2021,3/24/2021
3360,Tube Valves,1001,,PVR70,TUBELESS VALVES SCOOTER-PVR70,16.10,4/1/2026,3/31/2027
3461,Others,1001,,R129P,Talcum Powder 1kg Pack,33.56,9/20/2025,9/21/2025
1290,Process Scrap,1001,,SCP003B,Scrap Cut Tyre Sections,3.00,4/1/2026,3/31/2027
1290,Process Scrap,1001,,SCPE001,Scrap Cut Tyres W/O Bead,6.75,4/1/2026,3/31/2027
1290,Process Scrap,1001,,SCPE009,Scrap Tubes,26.05,4/1/2026,3/31/2027
1290,Process Scrap,1001,,SCPE011,Scrap Curing Bladders,12.70,4/1/2026,3/31/2027
1290,Process Scrap,1001,,SCPE014,Scrap Scorched Compound,25.25,4/1/2026,3/31/2027
1290,Process Scrap,1001,,SCPE015,Scrap Refined Sheet,56.00,4/1/2026,3/31/2027
1290,Process Scrap,1001,,SCPE016,Scrap Flash / Trimmings / Lab compound,4.75,4/1/2026,3/31/2027
1290,Process Scrap,1001,,SCPE017,Scrap Rubberised Fabric,7.50,4/1/2026,3/31/2027
1290,Process Scrap,1001,,SCPE018,Scrap Carcass Of Rubberised Fabric,10.25,4/1/2026,3/31/2027
1290,Process Scrap,1001,,SCPE020,Scrap Dipped Fabric,35.50,4/1/2026,3/31/2027
1290,Process Scrap,1001,,SCPE021,Scrap Rubberised Bead Wire,5.75,4/1/2026,3/31/2027
1290,Process Scrap,1001,,SCPE022,Scrap Cut Bead Of Tyres,5.75,4/1/2026,3/31/2027
1290,Process Scrap,1001,,SCPE023,Scrap Mixed Carbon Black Scrap boiler,21.40,4/1/2026,3/31/2027
1290,Process Scrap,1001,,SCPE027,Scrap Ldpe Film & Coloured Plastic,36.30,4/1/2026,3/31/2027
MIS_SCRAP,Miscellaneous scrap,1001,,SCPE029,Scrap Electrical Items,57.50,4/1/2026,3/31/2027
1291,Metal Scrap,1001,,SCPE030,Scrap Ferrous Metal,18.00,4/1/2026,3/31/2027
1290,Process Scrap,1001,,SCPE031,Scrap Ferrous Turnings,6.74,4/1/2026,3/31/2027
1290,Process Scrap,1001,,SCPE046,Scrap Mcr Multiple Cut Tyres,5.25,4/1/2026,3/31/2027
1590,CUT STEEL BODY PLY,1001,,ST635-55,1ST STEEL BELT ST635 55 DEG,1.00,12/2/2025,12/10/2025
3360,Tube Valves,1001,,TME73,Solid Extension Valve TBR,1.00,4/1/2026,3/31/2027
3360,Tube Valves,1001,,TR412,TUBELESS VALVES MOTORCYCLE-TR412,7.63,4/1/2026,3/31/2027
3360,Tube Valves,1001,,TR413,TUBELESS WALL PCUV TR413,20.00,4/1/2026,3/31/2027
3360,Tube Valves,1001,,TR413A,TUBELESS WALL PCUV TR413,20.00,4/1/2026,3/31/2027
3360,Tube Valves,1001,,TR414,Tubeless Valve PCUV  - TR414,20.00,4/1/2026,3/31/2027
3360,Tube Valves,1001,,TR438,Tubeless Valve PCUV  - TR438,15.00,4/1/2026,3/31/2027
3360,Tube Valves,1001,,TS1532,Tubeless Valve Motorcycle - TS1532,14.00,4/1/2026,3/31/2027
